/*
 Navicat Premium Data Transfer

 Source Server         : 本机-Mysql
 Source Server Type    : MySQL
 Source Server Version : 50725
 Source Host           : localhost:3306
 Source Schema         : Company

 Target Server Type    : MySQL
 Target Server Version : 50725
 File Encoding         : 65001

 Date: 26/12/2019 14:08:42
*/

SET NAMES utf8mb4;
SET FOREIGN_KEY_CHECKS = 0;

-- ----------------------------
-- Table structure for auth_group
-- ----------------------------
DROP TABLE IF EXISTS `auth_group`;
CREATE TABLE `auth_group` (
  `id` int(11) NOT NULL AUTO_INCREMENT,
  `name` varchar(150) NOT NULL,
  PRIMARY KEY (`id`),
  UNIQUE KEY `name` (`name`)
) ENGINE=InnoDB DEFAULT CHARSET=utf8;

-- ----------------------------
-- Table structure for auth_group_permissions
-- ----------------------------
DROP TABLE IF EXISTS `auth_group_permissions`;
CREATE TABLE `auth_group_permissions` (
  `id` int(11) NOT NULL AUTO_INCREMENT,
  `group_id` int(11) NOT NULL,
  `permission_id` int(11) NOT NULL,
  PRIMARY KEY (`id`),
  UNIQUE KEY `auth_group_permissions_group_id_permission_id_0cd325b0_uniq` (`group_id`,`permission_id`),
  KEY `auth_group_permissio_permission_id_84c5c92e_fk_auth_perm` (`permission_id`),
  CONSTRAINT `auth_group_permissio_permission_id_84c5c92e_fk_auth_perm` FOREIGN KEY (`permission_id`) REFERENCES `auth_permission` (`id`),
  CONSTRAINT `auth_group_permissions_group_id_b120cbf9_fk_auth_group_id` FOREIGN KEY (`group_id`) REFERENCES `auth_group` (`id`)
) ENGINE=InnoDB DEFAULT CHARSET=utf8;

-- ----------------------------
-- Table structure for auth_permission
-- ----------------------------
DROP TABLE IF EXISTS `auth_permission`;
CREATE TABLE `auth_permission` (
  `id` int(11) NOT NULL AUTO_INCREMENT,
  `name` varchar(255) NOT NULL,
  `content_type_id` int(11) NOT NULL,
  `codename` varchar(100) NOT NULL,
  PRIMARY KEY (`id`),
  UNIQUE KEY `auth_permission_content_type_id_codename_01ab375a_uniq` (`content_type_id`,`codename`),
  CONSTRAINT `auth_permission_content_type_id_2f476e4b_fk_django_co` FOREIGN KEY (`content_type_id`) REFERENCES `django_content_type` (`id`)
) ENGINE=InnoDB AUTO_INCREMENT=57 DEFAULT CHARSET=utf8;

-- ----------------------------
-- Records of auth_permission
-- ----------------------------
BEGIN;
INSERT INTO `auth_permission` VALUES (1, 'Can add log entry', 1, 'add_logentry');
INSERT INTO `auth_permission` VALUES (2, 'Can change log entry', 1, 'change_logentry');
INSERT INTO `auth_permission` VALUES (3, 'Can delete log entry', 1, 'delete_logentry');
INSERT INTO `auth_permission` VALUES (4, 'Can view log entry', 1, 'view_logentry');
INSERT INTO `auth_permission` VALUES (5, 'Can add permission', 2, 'add_permission');
INSERT INTO `auth_permission` VALUES (6, 'Can change permission', 2, 'change_permission');
INSERT INTO `auth_permission` VALUES (7, 'Can delete permission', 2, 'delete_permission');
INSERT INTO `auth_permission` VALUES (8, 'Can view permission', 2, 'view_permission');
INSERT INTO `auth_permission` VALUES (9, 'Can add group', 3, 'add_group');
INSERT INTO `auth_permission` VALUES (10, 'Can change group', 3, 'change_group');
INSERT INTO `auth_permission` VALUES (11, 'Can delete group', 3, 'delete_group');
INSERT INTO `auth_permission` VALUES (12, 'Can view group', 3, 'view_group');
INSERT INTO `auth_permission` VALUES (13, 'Can add user', 4, 'add_user');
INSERT INTO `auth_permission` VALUES (14, 'Can change user', 4, 'change_user');
INSERT INTO `auth_permission` VALUES (15, 'Can delete user', 4, 'delete_user');
INSERT INTO `auth_permission` VALUES (16, 'Can view user', 4, 'view_user');
INSERT INTO `auth_permission` VALUES (17, 'Can add content type', 5, 'add_contenttype');
INSERT INTO `auth_permission` VALUES (18, 'Can change content type', 5, 'change_contenttype');
INSERT INTO `auth_permission` VALUES (19, 'Can delete content type', 5, 'delete_contenttype');
INSERT INTO `auth_permission` VALUES (20, 'Can view content type', 5, 'view_contenttype');
INSERT INTO `auth_permission` VALUES (21, 'Can add session', 6, 'add_session');
INSERT INTO `auth_permission` VALUES (22, 'Can change session', 6, 'change_session');
INSERT INTO `auth_permission` VALUES (23, 'Can delete session', 6, 'delete_session');
INSERT INTO `auth_permission` VALUES (24, 'Can view session', 6, 'view_session');
INSERT INTO `auth_permission` VALUES (25, 'Can add department', 7, 'add_department');
INSERT INTO `auth_permission` VALUES (26, 'Can change department', 7, 'change_department');
INSERT INTO `auth_permission` VALUES (27, 'Can delete department', 7, 'delete_department');
INSERT INTO `auth_permission` VALUES (28, 'Can view department', 7, 'view_department');
INSERT INTO `auth_permission` VALUES (29, 'Can add 用户表', 8, 'add_userinfo');
INSERT INTO `auth_permission` VALUES (30, 'Can change 用户表', 8, 'change_userinfo');
INSERT INTO `auth_permission` VALUES (31, 'Can delete 用户表', 8, 'delete_userinfo');
INSERT INTO `auth_permission` VALUES (32, 'Can view 用户表', 8, 'view_userinfo');
INSERT INTO `auth_permission` VALUES (33, 'Can add menu', 9, 'add_menu');
INSERT INTO `auth_permission` VALUES (34, 'Can change menu', 9, 'change_menu');
INSERT INTO `auth_permission` VALUES (35, 'Can delete menu', 9, 'delete_menu');
INSERT INTO `auth_permission` VALUES (36, 'Can view menu', 9, 'view_menu');
INSERT INTO `auth_permission` VALUES (37, 'Can add 权限表', 10, 'add_permission');
INSERT INTO `auth_permission` VALUES (38, 'Can change 权限表', 10, 'change_permission');
INSERT INTO `auth_permission` VALUES (39, 'Can delete 权限表', 10, 'delete_permission');
INSERT INTO `auth_permission` VALUES (40, 'Can view 权限表', 10, 'view_permission');
INSERT INTO `auth_permission` VALUES (41, 'Can add 角色', 11, 'add_role');
INSERT INTO `auth_permission` VALUES (42, 'Can change 角色', 11, 'change_role');
INSERT INTO `auth_permission` VALUES (43, 'Can delete 角色', 11, 'delete_role');
INSERT INTO `auth_permission` VALUES (44, 'Can view 角色', 11, 'view_role');
INSERT INTO `auth_permission` VALUES (45, 'Can add company', 12, 'add_company');
INSERT INTO `auth_permission` VALUES (46, 'Can change company', 12, 'change_company');
INSERT INTO `auth_permission` VALUES (47, 'Can delete company', 12, 'delete_company');
INSERT INTO `auth_permission` VALUES (48, 'Can view company', 12, 'view_company');
INSERT INTO `auth_permission` VALUES (49, 'Can add food', 13, 'add_food');
INSERT INTO `auth_permission` VALUES (50, 'Can change food', 13, 'change_food');
INSERT INTO `auth_permission` VALUES (51, 'Can delete food', 13, 'delete_food');
INSERT INTO `auth_permission` VALUES (52, 'Can view food', 13, 'view_food');
INSERT INTO `auth_permission` VALUES (53, 'Can add card', 14, 'add_card');
INSERT INTO `auth_permission` VALUES (54, 'Can change card', 14, 'change_card');
INSERT INTO `auth_permission` VALUES (55, 'Can delete card', 14, 'delete_card');
INSERT INTO `auth_permission` VALUES (56, 'Can view card', 14, 'view_card');
COMMIT;

-- ----------------------------
-- Table structure for auth_user
-- ----------------------------
DROP TABLE IF EXISTS `auth_user`;
CREATE TABLE `auth_user` (
  `id` int(11) NOT NULL AUTO_INCREMENT,
  `password` varchar(128) NOT NULL,
  `last_login` datetime(6) DEFAULT NULL,
  `is_superuser` tinyint(1) NOT NULL,
  `username` varchar(150) NOT NULL,
  `first_name` varchar(30) NOT NULL,
  `last_name` varchar(150) NOT NULL,
  `email` varchar(254) NOT NULL,
  `is_staff` tinyint(1) NOT NULL,
  `is_active` tinyint(1) NOT NULL,
  `date_joined` datetime(6) NOT NULL,
  PRIMARY KEY (`id`),
  UNIQUE KEY `username` (`username`)
) ENGINE=InnoDB DEFAULT CHARSET=utf8;

-- ----------------------------
-- Table structure for auth_user_groups
-- ----------------------------
DROP TABLE IF EXISTS `auth_user_groups`;
CREATE TABLE `auth_user_groups` (
  `id` int(11) NOT NULL AUTO_INCREMENT,
  `user_id` int(11) NOT NULL,
  `group_id` int(11) NOT NULL,
  PRIMARY KEY (`id`),
  UNIQUE KEY `auth_user_groups_user_id_group_id_94350c0c_uniq` (`user_id`,`group_id`),
  KEY `auth_user_groups_group_id_97559544_fk_auth_group_id` (`group_id`),
  CONSTRAINT `auth_user_groups_group_id_97559544_fk_auth_group_id` FOREIGN KEY (`group_id`) REFERENCES `auth_group` (`id`),
  CONSTRAINT `auth_user_groups_user_id_6a12ed8b_fk_auth_user_id` FOREIGN KEY (`user_id`) REFERENCES `auth_user` (`id`)
) ENGINE=InnoDB DEFAULT CHARSET=utf8;

-- ----------------------------
-- Table structure for auth_user_user_permissions
-- ----------------------------
DROP TABLE IF EXISTS `auth_user_user_permissions`;
CREATE TABLE `auth_user_user_permissions` (
  `id` int(11) NOT NULL AUTO_INCREMENT,
  `user_id` int(11) NOT NULL,
  `permission_id` int(11) NOT NULL,
  PRIMARY KEY (`id`),
  UNIQUE KEY `auth_user_user_permissions_user_id_permission_id_14a6b632_uniq` (`user_id`,`permission_id`),
  KEY `auth_user_user_permi_permission_id_1fbb5f2c_fk_auth_perm` (`permission_id`),
  CONSTRAINT `auth_user_user_permi_permission_id_1fbb5f2c_fk_auth_perm` FOREIGN KEY (`permission_id`) REFERENCES `auth_permission` (`id`),
  CONSTRAINT `auth_user_user_permissions_user_id_a95ead1b_fk_auth_user_id` FOREIGN KEY (`user_id`) REFERENCES `auth_user` (`id`)
) ENGINE=InnoDB DEFAULT CHARSET=utf8;

-- ----------------------------
-- Table structure for django_admin_log
-- ----------------------------
DROP TABLE IF EXISTS `django_admin_log`;
CREATE TABLE `django_admin_log` (
  `id` int(11) NOT NULL AUTO_INCREMENT,
  `action_time` datetime(6) NOT NULL,
  `object_id` longtext,
  `object_repr` varchar(200) NOT NULL,
  `action_flag` smallint(5) unsigned NOT NULL,
  `change_message` longtext NOT NULL,
  `content_type_id` int(11) DEFAULT NULL,
  `user_id` int(11) NOT NULL,
  PRIMARY KEY (`id`),
  KEY `django_admin_log_content_type_id_c4bce8eb_fk_django_co` (`content_type_id`),
  KEY `django_admin_log_user_id_c564eba6_fk_auth_user_id` (`user_id`),
  CONSTRAINT `django_admin_log_content_type_id_c4bce8eb_fk_django_co` FOREIGN KEY (`content_type_id`) REFERENCES `django_content_type` (`id`),
  CONSTRAINT `django_admin_log_user_id_c564eba6_fk_auth_user_id` FOREIGN KEY (`user_id`) REFERENCES `auth_user` (`id`)
) ENGINE=InnoDB DEFAULT CHARSET=utf8;

-- ----------------------------
-- Table structure for django_content_type
-- ----------------------------
DROP TABLE IF EXISTS `django_content_type`;
CREATE TABLE `django_content_type` (
  `id` int(11) NOT NULL AUTO_INCREMENT,
  `app_label` varchar(100) NOT NULL,
  `model` varchar(100) NOT NULL,
  PRIMARY KEY (`id`),
  UNIQUE KEY `django_content_type_app_label_model_76bd3d3b_uniq` (`app_label`,`model`)
) ENGINE=InnoDB AUTO_INCREMENT=15 DEFAULT CHARSET=utf8;

-- ----------------------------
-- Records of django_content_type
-- ----------------------------
BEGIN;
INSERT INTO `django_content_type` VALUES (1, 'admin', 'logentry');
INSERT INTO `django_content_type` VALUES (3, 'auth', 'group');
INSERT INTO `django_content_type` VALUES (2, 'auth', 'permission');
INSERT INTO `django_content_type` VALUES (4, 'auth', 'user');
INSERT INTO `django_content_type` VALUES (5, 'contenttypes', 'contenttype');
INSERT INTO `django_content_type` VALUES (9, 'rbac', 'menu');
INSERT INTO `django_content_type` VALUES (10, 'rbac', 'permission');
INSERT INTO `django_content_type` VALUES (11, 'rbac', 'role');
INSERT INTO `django_content_type` VALUES (6, 'sessions', 'session');
INSERT INTO `django_content_type` VALUES (14, 'web', 'card');
INSERT INTO `django_content_type` VALUES (12, 'web', 'company');
INSERT INTO `django_content_type` VALUES (7, 'web', 'department');
INSERT INTO `django_content_type` VALUES (13, 'web', 'food');
INSERT INTO `django_content_type` VALUES (8, 'web', 'userinfo');
COMMIT;

-- ----------------------------
-- Table structure for django_migrations
-- ----------------------------
DROP TABLE IF EXISTS `django_migrations`;
CREATE TABLE `django_migrations` (
  `id` int(11) NOT NULL AUTO_INCREMENT,
  `app` varchar(255) NOT NULL,
  `name` varchar(255) NOT NULL,
  `applied` datetime(6) NOT NULL,
  PRIMARY KEY (`id`)
) ENGINE=InnoDB AUTO_INCREMENT=27 DEFAULT CHARSET=utf8;

-- ----------------------------
-- Records of django_migrations
-- ----------------------------
BEGIN;
INSERT INTO `django_migrations` VALUES (1, 'contenttypes', '0001_initial', '2019-11-28 16:33:21.967120');
INSERT INTO `django_migrations` VALUES (2, 'auth', '0001_initial', '2019-11-28 16:33:22.075384');
INSERT INTO `django_migrations` VALUES (3, 'admin', '0001_initial', '2019-11-28 16:33:22.312781');
INSERT INTO `django_migrations` VALUES (4, 'admin', '0002_logentry_remove_auto_add', '2019-11-28 16:33:22.363053');
INSERT INTO `django_migrations` VALUES (5, 'admin', '0003_logentry_add_action_flag_choices', '2019-11-28 16:33:22.369947');
INSERT INTO `django_migrations` VALUES (6, 'contenttypes', '0002_remove_content_type_name', '2019-11-28 16:33:22.422706');
INSERT INTO `django_migrations` VALUES (7, 'auth', '0002_alter_permission_name_max_length', '2019-11-28 16:33:22.450216');
INSERT INTO `django_migrations` VALUES (8, 'auth', '0003_alter_user_email_max_length', '2019-11-28 16:33:22.478981');
INSERT INTO `django_migrations` VALUES (9, 'auth', '0004_alter_user_username_opts', '2019-11-28 16:33:22.487157');
INSERT INTO `django_migrations` VALUES (10, 'auth', '0005_alter_user_last_login_null', '2019-11-28 16:33:22.515051');
INSERT INTO `django_migrations` VALUES (11, 'auth', '0006_require_contenttypes_0002', '2019-11-28 16:33:22.516853');
INSERT INTO `django_migrations` VALUES (12, 'auth', '0007_alter_validators_add_error_messages', '2019-11-28 16:33:22.526774');
INSERT INTO `django_migrations` VALUES (13, 'auth', '0008_alter_user_username_max_length', '2019-11-28 16:33:22.555473');
INSERT INTO `django_migrations` VALUES (14, 'auth', '0009_alter_user_last_name_max_length', '2019-11-28 16:33:22.582439');
INSERT INTO `django_migrations` VALUES (15, 'auth', '0010_alter_group_name_max_length', '2019-11-28 16:33:22.610541');
INSERT INTO `django_migrations` VALUES (16, 'auth', '0011_update_proxy_permissions', '2019-11-28 16:33:22.619225');
INSERT INTO `django_migrations` VALUES (17, 'rbac', '0001_initial', '2019-11-28 16:33:22.694534');
INSERT INTO `django_migrations` VALUES (18, 'sessions', '0001_initial', '2019-11-28 16:33:22.818490');
INSERT INTO `django_migrations` VALUES (19, 'web', '0001_initial', '2019-11-28 16:33:22.898461');
INSERT INTO `django_migrations` VALUES (20, 'web', '0002_company', '2019-12-09 14:47:02.476428');
INSERT INTO `django_migrations` VALUES (21, 'web', '0003_auto_20191209_1448', '2019-12-09 14:48:21.419360');
INSERT INTO `django_migrations` VALUES (22, 'rbac', '0002_menu_sort_num', '2019-12-12 12:01:47.383019');
INSERT INTO `django_migrations` VALUES (23, 'rbac', '0003_auto_20191212_1201', '2019-12-12 12:01:47.388076');
INSERT INTO `django_migrations` VALUES (24, 'rbac', '0004_auto_20191212_1459', '2019-12-12 14:59:04.859154');
INSERT INTO `django_migrations` VALUES (25, 'web', '0004_food', '2019-12-13 10:02:47.261885');
INSERT INTO `django_migrations` VALUES (26, 'web', '0005_card', '2019-12-26 09:51:09.217030');
COMMIT;

-- ----------------------------
-- Table structure for django_session
-- ----------------------------
DROP TABLE IF EXISTS `django_session`;
CREATE TABLE `django_session` (
  `session_key` varchar(40) NOT NULL,
  `session_data` longtext NOT NULL,
  `expire_date` datetime(6) NOT NULL,
  PRIMARY KEY (`session_key`),
  KEY `django_session_expire_date_a5c62663` (`expire_date`)
) ENGINE=InnoDB DEFAULT CHARSET=utf8;

-- ----------------------------
-- Records of django_session
-- ----------------------------
BEGIN;
INSERT INTO `django_session` VALUES ('0frmq90l2wzcoagy85iv3e23s2oiuvww', 'OGZmNmU4YTUyZWFlNDlkZDI4MGNhMWExNGE1MDViZTBlYzllZmVkMzp7ImNvbXBhbnlfbWVudV9saXN0X2tleSI6eyIxIjp7InRpdGxlIjoiXHU0ZjAxXHU0ZTFhXHU3YmExXHU3NDA2IiwiaWNvbiI6ImZhIGZhLWN1YmVzIiwiY2hpbGRyZW4iOlt7ImlkIjoxLCJ0aXRsZSI6Ilx1NjgyMVx1NTMzYVx1NTIxN1x1ODg2OCIsInVybCI6Ii9zdGFyay93ZWIvc2Nob29sL2xpc3QvIn0seyJpZCI6NSwidGl0bGUiOiJcdTkwZThcdTk1ZThcdTUyMTdcdTg4NjgiLCJ1cmwiOiIvc3Rhcmsvd2ViL2RlcGFydG1lbnQvbGlzdC8ifSx7ImlkIjoxNCwidGl0bGUiOiJcdThiZmVcdTdhMGJcdTUyMTdcdTg4NjgiLCJ1cmwiOiIvc3Rhcmsvd2ViL2NvdXJzZS9saXN0LyJ9LHsiaWQiOjE4LCJ0aXRsZSI6Ilx1NzNlZFx1N2VhN1x1NTIxN1x1ODg2OCIsInVybCI6Ii9zdGFyay93ZWIvY2xhc3NsaXN0L2xpc3QvIn1dfSwiMiI6eyJ0aXRsZSI6Ilx1OTYzZlx1NjVhZlx1OTg3Zlx1NTNkMVx1OTAwMVx1NTIzMFx1NTNkMSIsImljb24iOiJmYSBmYS1jdWJlcyIsImNoaWxkcmVuIjpbeyJpZCI6MjIsInRpdGxlIjoiXHU1MTZjXHU2MjM3XHU1MjE3XHU4ODY4IiwidXJsIjoiL3N0YXJrL3dlYi9jdXN0b21lci9wdWIvbGlzdC8ifSx7ImlkIjoyNywidGl0bGUiOiJcdTc5YzFcdTYyMzdcdTUyMTdcdTg4NjgiLCJ1cmwiOiIvc3Rhcmsvd2ViL2N1c3RvbWVyL3ByaXYvbGlzdC8ifSx7ImlkIjozNywidGl0bGUiOiJcdTViYTFcdTY4MzhcdTdmMzRcdThkMzlcdThiYjBcdTVmNTUiLCJ1cmwiOiIvc3Rhcmsvd2ViL3BheW1lbnRyZWNvcmQvY2hlY2svbGlzdC8ifV19LCIzIjp7InRpdGxlIjoiXHU1YjY2XHU1NDU4XHU3YmExXHU3NDA2IiwiaWNvbiI6ImZhIGZhLXVzZXIiLCJjaGlsZHJlbiI6W3siaWQiOjM4LCJ0aXRsZSI6Ilx1NWI2Nlx1NzUxZlx1NTIxN1x1ODg2OCIsInVybCI6Ii9zdGFyay93ZWIvc3R1ZGVudC9saXN0LyJ9XX0sIjQiOnsidGl0bGUiOiJcdTY3NDNcdTk2NTBcdTdiYTFcdTc0MDYiLCJpY29uIjoiZmEgZmEtY3ViZXMiLCJjaGlsZHJlbiI6W3siaWQiOjksInRpdGxlIjoiXHU3NTI4XHU2MjM3XHU1MjE3XHU4ODY4IiwidXJsIjoiL3N0YXJrL3dlYi91c2VyaW5mby9saXN0LyJ9LHsiaWQiOjQ3LCJ0aXRsZSI6Ilx1ODlkMlx1ODI3Mlx1NTIxN1x1ODg2OCIsInVybCI6Ii9yYmFjL3JvbGUvbGlzdC8ifSx7ImlkIjo1MSwidGl0bGUiOiJcdTgzZGNcdTUzNTVcdTUyMTdcdTg4NjgiLCJ1cmwiOiIvcmJhYy9tZW51L2xpc3QvIn0seyJpZCI6NjMsInRpdGxlIjoiXHU1MjA2XHU5MTRkXHU2NzQzXHU5NjUwIiwidXJsIjoiL3JiYWMvZGlzdHJpYnV0ZS9wZXJtaXNzaW9ucy8ifV19fSwiY29tcGFueV9wZXJtaXNzaW9uX3VybF9saXN0X2tleSI6eyJ3ZWJfc2Nob29sX2xpc3QiOnsiaWQiOjEsInRpdGxlIjoiXHU2ODIxXHU1MzNhXHU1MjE3XHU4ODY4IiwidXJsIjoiL3N0YXJrL3dlYi9zY2hvb2wvbGlzdC8iLCJwaWQiOm51bGwsInBfdGl0bGUiOm51bGwsInBfdXJsIjpudWxsfSwid2ViX2RlcGFydG1lbnRfbGlzdCI6eyJpZCI6NSwidGl0bGUiOiJcdTkwZThcdTk1ZThcdTUyMTdcdTg4NjgiLCJ1cmwiOiIvc3Rhcmsvd2ViL2RlcGFydG1lbnQvbGlzdC8iLCJwaWQiOm51bGwsInBfdGl0bGUiOm51bGwsInBfdXJsIjpudWxsfSwid2ViX2NvdXJzZV9saXN0Ijp7ImlkIjoxNCwidGl0bGUiOiJcdThiZmVcdTdhMGJcdTUyMTdcdTg4NjgiLCJ1cmwiOiIvc3Rhcmsvd2ViL2NvdXJzZS9saXN0LyIsInBpZCI6bnVsbCwicF90aXRsZSI6bnVsbCwicF91cmwiOm51bGx9LCJ3ZWJfY2xhc3NsaXN0X2xpc3QiOnsiaWQiOjE4LCJ0aXRsZSI6Ilx1NzNlZFx1N2VhN1x1NTIxN1x1ODg2OCIsInVybCI6Ii9zdGFyay93ZWIvY2xhc3NsaXN0L2xpc3QvIiwicGlkIjpudWxsLCJwX3RpdGxlIjpudWxsLCJwX3VybCI6bnVsbH0sIndlYl9jdXN0b21lcl9wdWJfbGlzdCI6eyJpZCI6MjIsInRpdGxlIjoiXHU1MTZjXHU2MjM3XHU1MjE3XHU4ODY4IiwidXJsIjoiL3N0YXJrL3dlYi9jdXN0b21lci9wdWIvbGlzdC8iLCJwaWQiOm51bGwsInBfdGl0bGUiOm51bGwsInBfdXJsIjpudWxsfSwid2ViX2N1c3RvbWVyX3ByaXZfbGlzdCI6eyJpZCI6MjcsInRpdGxlIjoiXHU3OWMxXHU2MjM3XHU1MjE3XHU4ODY4IiwidXJsIjoiL3N0YXJrL3dlYi9jdXN0b21lci9wcml2L2xpc3QvIiwicGlkIjpudWxsLCJwX3RpdGxlIjpudWxsLCJwX3VybCI6bnVsbH0sIndlYl9wYXltZW50cmVjb3JkX2NoZWNrX2xpc3QiOnsiaWQiOjM3LCJ0aXRsZSI6Ilx1NWJhMVx1NjgzOFx1N2YzNFx1OGQzOVx1OGJiMFx1NWY1NSIsInVybCI6Ii9zdGFyay93ZWIvcGF5bWVudHJlY29yZC9jaGVjay9saXN0LyIsInBpZCI6bnVsbCwicF90aXRsZSI6bnVsbCwicF91cmwiOm51bGx9LCJ3ZWJfc3R1ZGVudF9saXN0Ijp7ImlkIjozOCwidGl0bGUiOiJcdTViNjZcdTc1MWZcdTUyMTdcdTg4NjgiLCJ1cmwiOiIvc3Rhcmsvd2ViL3N0dWRlbnQvbGlzdC8iLCJwaWQiOm51bGwsInBfdGl0bGUiOm51bGwsInBfdXJsIjpudWxsfSwid2ViX3VzZXJpbmZvX2xpc3QiOnsiaWQiOjksInRpdGxlIjoiXHU3NTI4XHU2MjM3XHU1MjE3XHU4ODY4IiwidXJsIjoiL3N0YXJrL3dlYi91c2VyaW5mby9saXN0LyIsInBpZCI6bnVsbCwicF90aXRsZSI6bnVsbCwicF91cmwiOm51bGx9LCJyYmFjOnJvbGVfbGlzdCI6eyJpZCI6NDcsInRpdGxlIjoiXHU4OWQyXHU4MjcyXHU1MjE3XHU4ODY4IiwidXJsIjoiL3JiYWMvcm9sZS9saXN0LyIsInBpZCI6bnVsbCwicF90aXRsZSI6bnVsbCwicF91cmwiOm51bGx9LCJyYmFjOm1lbnVfbGlzdCI6eyJpZCI6NTEsInRpdGxlIjoiXHU4M2RjXHU1MzU1XHU1MjE3XHU4ODY4IiwidXJsIjoiL3JiYWMvbWVudS9saXN0LyIsInBpZCI6bnVsbCwicF90aXRsZSI6bnVsbCwicF91cmwiOm51bGx9LCJyYmFjOmRpc3RyaWJ1dGVfcGVybWlzc2lvbnMiOnsiaWQiOjYzLCJ0aXRsZSI6Ilx1NTIwNlx1OTE0ZFx1Njc0M1x1OTY1MCIsInVybCI6Ii9yYmFjL2Rpc3RyaWJ1dGUvcGVybWlzc2lvbnMvIiwicGlkIjpudWxsLCJwX3RpdGxlIjpudWxsLCJwX3VybCI6bnVsbH0sIndlYl9zY2hvb2xfYWRkIjp7ImlkIjoyLCJ0aXRsZSI6Ilx1NmRmYlx1NTJhMFx1NjgyMVx1NTMzYSIsInVybCI6Ii9zdGFyay93ZWIvc2Nob29sL2FkZC8iLCJwaWQiOjEsInBfdGl0bGUiOiJcdTY4MjFcdTUzM2FcdTUyMTdcdTg4NjgiLCJwX3VybCI6Ii9zdGFyay93ZWIvc2Nob29sL2xpc3QvIn0sIndlYl9zY2hvb2xfY2hhbmdlIjp7ImlkIjozLCJ0aXRsZSI6Ilx1NGZlZVx1NjUzOVx1NjgyMVx1NTMzYSIsInVybCI6Ii9zdGFyay93ZWIvc2Nob29sL2NoYW5nZS8oP1A8cGs+XFxkKykvIiwicGlkIjoxLCJwX3RpdGxlIjoiXHU2ODIxXHU1MzNhXHU1MjE3XHU4ODY4IiwicF91cmwiOiIvc3Rhcmsvd2ViL3NjaG9vbC9saXN0LyJ9LCJ3ZWJfc2Nob29sX2RlbGV0ZSI6eyJpZCI6NCwidGl0bGUiOiJcdTUyMjBcdTk2NjRcdTY4MjFcdTUzM2EiLCJ1cmwiOiIvc3Rhcmsvd2ViL3NjaG9vbC9kZWxldGUvKD9QPHBrPlxcZCspLyIsInBpZCI6MSwicF90aXRsZSI6Ilx1NjgyMVx1NTMzYVx1NTIxN1x1ODg2OCIsInBfdXJsIjoiL3N0YXJrL3dlYi9zY2hvb2wvbGlzdC8ifSwid2ViX2RlcGFydG1lbnRfYWRkIjp7ImlkIjo2LCJ0aXRsZSI6Ilx1NmRmYlx1NTJhMFx1OTBlOFx1OTVlOCIsInVybCI6Ii9zdGFyay93ZWIvZGVwYXJ0bWVudC9hZGQvIiwicGlkIjo1LCJwX3RpdGxlIjoiXHU5MGU4XHU5NWU4XHU1MjE3XHU4ODY4IiwicF91cmwiOiIvc3Rhcmsvd2ViL2RlcGFydG1lbnQvbGlzdC8ifSwid2ViX2RlcGFydG1lbnRfY2hhbmdlIjp7ImlkIjo3LCJ0aXRsZSI6Ilx1NGZlZVx1NjUzOVx1OTBlOFx1OTVlOCIsInVybCI6Ii9zdGFyay93ZWIvZGVwYXJ0bWVudC9jaGFuZ2UvKD9QPHBrPlxcZCspLyIsInBpZCI6NSwicF90aXRsZSI6Ilx1OTBlOFx1OTVlOFx1NTIxN1x1ODg2OCIsInBfdXJsIjoiL3N0YXJrL3dlYi9kZXBhcnRtZW50L2xpc3QvIn0sIndlYl9kZXBhcnRtZW50X2RlbGV0ZSI6eyJpZCI6OCwidGl0bGUiOiJcdTUyMjBcdTk2NjRcdTkwZThcdTk1ZTgiLCJ1cmwiOiIvc3Rhcmsvd2ViL2RlcGFydG1lbnQvZGVsZXRlLyg/UDxwaz5cXGQrKS8iLCJwaWQiOjUsInBfdGl0bGUiOiJcdTkwZThcdTk1ZThcdTUyMTdcdTg4NjgiLCJwX3VybCI6Ii9zdGFyay93ZWIvZGVwYXJ0bWVudC9saXN0LyJ9LCJ3ZWJfdXNlcmluZm9fYWRkIjp7ImlkIjoxMCwidGl0bGUiOiJcdTZkZmJcdTUyYTBcdTc1MjhcdTYyMzciLCJ1cmwiOiIvc3Rhcmsvd2ViL3VzZXJpbmZvL2FkZC8iLCJwaWQiOjksInBfdGl0bGUiOiJcdTc1MjhcdTYyMzdcdTUyMTdcdTg4NjgiLCJwX3VybCI6Ii9zdGFyay93ZWIvdXNlcmluZm8vbGlzdC8ifSwid2ViX3VzZXJpbmZvX2NoYW5nZSI6eyJpZCI6MTEsInRpdGxlIjoiXHU0ZmVlXHU2NTM5XHU3NTI4XHU2MjM3IiwidXJsIjoiL3N0YXJrL3dlYi91c2VyaW5mby9jaGFuZ2UvKD9QPHBrPlxcZCspLyIsInBpZCI6OSwicF90aXRsZSI6Ilx1NzUyOFx1NjIzN1x1NTIxN1x1ODg2OCIsInBfdXJsIjoiL3N0YXJrL3dlYi91c2VyaW5mby9saXN0LyJ9LCJ3ZWJfdXNlcmluZm9fZGVsZXRlIjp7ImlkIjoxMiwidGl0bGUiOiJcdTUyMjBcdTk2NjRcdTc1MjhcdTYyMzciLCJ1cmwiOiIvc3Rhcmsvd2ViL3VzZXJpbmZvL2RlbGV0ZS8oP1A8cGs+XFxkKykvIiwicGlkIjo5LCJwX3RpdGxlIjoiXHU3NTI4XHU2MjM3XHU1MjE3XHU4ODY4IiwicF91cmwiOiIvc3Rhcmsvd2ViL3VzZXJpbmZvL2xpc3QvIn0sIndlYl91c2VyaW5mb19yZXN0X3B3ZCI6eyJpZCI6MTMsInRpdGxlIjoiXHU5MWNkXHU3ZjZlXHU1YmM2XHU3ODAxIiwidXJsIjoiL3N0YXJrL3dlYi91c2VyaW5mby9yZXNldC9wYXNzd29yZC8oP1A8cGs+XFxkKykiLCJwaWQiOjksInBfdGl0bGUiOiJcdTc1MjhcdTYyMzdcdTUyMTdcdTg4NjgiLCJwX3VybCI6Ii9zdGFyay93ZWIvdXNlcmluZm8vbGlzdC8ifSwid2ViX2NvdXJzZV9hZGQiOnsiaWQiOjE1LCJ0aXRsZSI6Ilx1NmRmYlx1NTJhMFx1OGJmZVx1N2EwYiIsInVybCI6Ii9zdGFyay93ZWIvY291cnNlL2FkZC8iLCJwaWQiOjE0LCJwX3RpdGxlIjoiXHU4YmZlXHU3YTBiXHU1MjE3XHU4ODY4IiwicF91cmwiOiIvc3Rhcmsvd2ViL2NvdXJzZS9saXN0LyJ9LCJ3ZWJfY291cnNlX2NoYW5nZSI6eyJpZCI6MTYsInRpdGxlIjoiXHU0ZmVlXHU2NTM5XHU4YmZlXHU3YTBiIiwidXJsIjoiL3N0YXJrL3dlYi9jb3Vyc2UvY2hhbmdlLyg/UDxwaz5cXGQrKS8iLCJwaWQiOjE0LCJwX3RpdGxlIjoiXHU4YmZlXHU3YTBiXHU1MjE3XHU4ODY4IiwicF91cmwiOiIvc3Rhcmsvd2ViL2NvdXJzZS9saXN0LyJ9LCJ3ZWJfY291cnNlX2RlbGV0ZSI6eyJpZCI6MTcsInRpdGxlIjoiXHU1MjIwXHU5NjY0XHU4YmZlXHU3YTBiIiwidXJsIjoiL3N0YXJrL3dlYi9jb3Vyc2UvZGVsZXRlLyg/UDxwaz5cXGQrKS8iLCJwaWQiOjE0LCJwX3RpdGxlIjoiXHU4YmZlXHU3YTBiXHU1MjE3XHU4ODY4IiwicF91cmwiOiIvc3Rhcmsvd2ViL2NvdXJzZS9saXN0LyJ9LCJ3ZWJfY2xhc3NsaXN0X2FkZCI6eyJpZCI6MTksInRpdGxlIjoiXHU2ZGZiXHU1MmEwXHU3M2VkXHU3ZWE3IiwidXJsIjoiL3N0YXJrL3dlYi9jbGFzc2xpc3QvYWRkLyIsInBpZCI6MTgsInBfdGl0bGUiOiJcdTczZWRcdTdlYTdcdTUyMTdcdTg4NjgiLCJwX3VybCI6Ii9zdGFyay93ZWIvY2xhc3NsaXN0L2xpc3QvIn0sIndlYl9jbGFzc2xpc3RfY2hhbmdlIjp7ImlkIjoyMCwidGl0bGUiOiJcdTRmZWVcdTY1MzlcdTczZWRcdTdlYTciLCJ1cmwiOiIvc3Rhcmsvd2ViL2NsYXNzbGlzdC9jaGFuZ2UvKD9QPHBrPlxcZCspLyIsInBpZCI6MTgsInBfdGl0bGUiOiJcdTczZWRcdTdlYTdcdTUyMTdcdTg4NjgiLCJwX3VybCI6Ii9zdGFyay93ZWIvY2xhc3NsaXN0L2xpc3QvIn0sIndlYl9jbGFzc2xpc3RfZGVsZXRlIjp7ImlkIjoyMSwidGl0bGUiOiJcdTUyMjBcdTk2NjRcdTczZWRcdTdlYTciLCJ1cmwiOiIvc3Rhcmsvd2ViL2NsYXNzbGlzdC9kZWxldGUvKD9QPHBrPlxcZCspLyIsInBpZCI6MTgsInBfdGl0bGUiOiJcdTczZWRcdTdlYTdcdTUyMTdcdTg4NjgiLCJwX3VybCI6Ii9zdGFyay93ZWIvY2xhc3NsaXN0L2xpc3QvIn0sIndlYl9jdXN0b21lcl9wdWJfYWRkIjp7ImlkIjoyMywidGl0bGUiOiJcdTZkZmJcdTUyYTBcdTUxNmNcdTYyMzciLCJ1cmwiOiIvc3Rhcmsvd2ViL2N1c3RvbWVyL3B1Yi9hZGQvIiwicGlkIjoyMiwicF90aXRsZSI6Ilx1NTE2Y1x1NjIzN1x1NTIxN1x1ODg2OCIsInBfdXJsIjoiL3N0YXJrL3dlYi9jdXN0b21lci9wdWIvbGlzdC8ifSwid2ViX2N1c3RvbWVyX3B1Yl9jaGFuZ2UiOnsiaWQiOjI0LCJ0aXRsZSI6Ilx1NGZlZVx1NjUzOVx1NTE2Y1x1NjIzNyIsInVybCI6Ii9zdGFyay93ZWIvY3VzdG9tZXIvcHViL2NoYW5nZS8oP1A8cGs+XFxkKykvIiwicGlkIjoyMiwicF90aXRsZSI6Ilx1NTE2Y1x1NjIzN1x1NTIxN1x1ODg2OCIsInBfdXJsIjoiL3N0YXJrL3dlYi9jdXN0b21lci9wdWIvbGlzdC8ifSwid2ViX2N1c3RvbWVyX3B1Yl9kZWxldGUiOnsiaWQiOjI1LCJ0aXRsZSI6Ilx1NTIyMFx1OTY2NFx1NTE2Y1x1NjIzNyIsInVybCI6Ii9zdGFyay93ZWIvY3VzdG9tZXIvcHViL2RlbGV0ZS8oP1A8cGs+XFxkKykvIiwicGlkIjoyMiwicF90aXRsZSI6Ilx1NTE2Y1x1NjIzN1x1NTIxN1x1ODg2OCIsInBfdXJsIjoiL3N0YXJrL3dlYi9jdXN0b21lci9wdWIvbGlzdC8ifSwid2ViX2N1c3RvbWVyX3B1Yl9yZWNvcmRfdmlldyI6eyJpZCI6MjYsInRpdGxlIjoiXHU2N2U1XHU3NzBiXHU1MTZjXHU2MjM3XHU4ZGRmXHU4ZmRiXHU4YmIwXHU1ZjU1IiwidXJsIjoiL3N0YXJrL3dlYi9jdXN0b21lci9wdWIvcmVjb3JkLyg/UDxwaz5cXGQrKSIsInBpZCI6MjIsInBfdGl0bGUiOiJcdTUxNmNcdTYyMzdcdTUyMTdcdTg4NjgiLCJwX3VybCI6Ii9zdGFyay93ZWIvY3VzdG9tZXIvcHViL2xpc3QvIn0sIndlYl9jdXN0b21lcl9wcml2X2FkZCI6eyJpZCI6MjgsInRpdGxlIjoiXHU2ZGZiXHU1MmEwXHU2MjExXHU3Njg0XHU1YmEyXHU2MjM3IiwidXJsIjoiL3N0YXJrL3dlYi9jdXN0b21lci9wcml2L2FkZC8iLCJwaWQiOjI3LCJwX3RpdGxlIjoiXHU3OWMxXHU2MjM3XHU1MjE3XHU4ODY4IiwicF91cmwiOiIvc3Rhcmsvd2ViL2N1c3RvbWVyL3ByaXYvbGlzdC8ifSwid2ViX2N1c3RvbWVyX3ByaXZfY2hhbmdlIjp7ImlkIjoyOSwidGl0bGUiOiJcdTRmZWVcdTY1MzlcdTYyMTFcdTc2ODRcdTViYTJcdTYyMzciLCJ1cmwiOiIvc3Rhcmsvd2ViL2N1c3RvbWVyL3ByaXYvY2hhbmdlLyg/UDxwaz5cXGQrKS8iLCJwaWQiOjI3LCJwX3RpdGxlIjoiXHU3OWMxXHU2MjM3XHU1MjE3XHU4ODY4IiwicF91cmwiOiIvc3Rhcmsvd2ViL2N1c3RvbWVyL3ByaXYvbGlzdC8ifSwid2ViX2N1c3RvbWVyX3ByaXZfZGVsZXRlIjp7ImlkIjozMCwidGl0bGUiOiJcdTUyMjBcdTk2NjRcdTYyMTFcdTc2ODRcdTViYTJcdTYyMzciLCJ1cmwiOiIvc3Rhcmsvd2ViL2N1c3RvbWVyL3ByaXYvZGVsZXRlLyg/UDxwaz5cXGQrKS8iLCJwaWQiOjI3LCJwX3RpdGxlIjoiXHU3OWMxXHU2MjM3XHU1MjE3XHU4ODY4IiwicF91cmwiOiIvc3Rhcmsvd2ViL2N1c3RvbWVyL3ByaXYvbGlzdC8ifSwid2ViX2NvbnN1bHRyZWNvcmRfbGlzdCI6eyJpZCI6MzEsInRpdGxlIjoiXHU4ZGRmXHU4ZmRiXHU1MjE3XHU4ODY4IiwidXJsIjoiL3N0YXJrL3dlYi9jb25zdWx0cmVjb3JkL2xpc3QvKD9QPGN1c3RvbWVyX2lkPlxcZCspLyIsInBpZCI6MjcsInBfdGl0bGUiOiJcdTc5YzFcdTYyMzdcdTUyMTdcdTg4NjgiLCJwX3VybCI6Ii9zdGFyay93ZWIvY3VzdG9tZXIvcHJpdi9saXN0LyJ9LCJ3ZWJfY29uc3VsdHJlY29yZF9hZGQiOnsiaWQiOjMyLCJ0aXRsZSI6Ilx1NmRmYlx1NTJhMFx1OGRkZlx1OGZkYlx1OGJiMFx1NWY1NSIsInVybCI6Ii9zdGFyay93ZWIvY29uc3VsdHJlY29yZC9hZGQvKD9QPGN1c3RvbWVyX2lkPlxcZCspLyIsInBpZCI6MjcsInBfdGl0bGUiOiJcdTc5YzFcdTYyMzdcdTUyMTdcdTg4NjgiLCJwX3VybCI6Ii9zdGFyay93ZWIvY3VzdG9tZXIvcHJpdi9saXN0LyJ9LCJ3ZWJfY29uc3VsdHJlY29yZF9jaGFuZ2UiOnsiaWQiOjMzLCJ0aXRsZSI6Ilx1NGZlZVx1NjUzOVx1OGRkZlx1OGZkYlx1OGJiMFx1NWY1NSIsInVybCI6Ii9zdGFyay93ZWIvY29uc3VsdHJlY29yZC9jaGFuZ2UvKD9QPGN1c3RvbWVyX2lkPlxcZCspLyg/UDxwaz5cXGQrKS8iLCJwaWQiOjI3LCJwX3RpdGxlIjoiXHU3OWMxXHU2MjM3XHU1MjE3XHU4ODY4IiwicF91cmwiOiIvc3Rhcmsvd2ViL2N1c3RvbWVyL3ByaXYvbGlzdC8ifSwid2ViX2NvbnN1bHRyZWNvcmRfZGVsZXRlIjp7ImlkIjozNCwidGl0bGUiOiJcdTUyMjBcdTk2NjRcdThkZGZcdThmZGJcdThiYjBcdTVmNTUiLCJ1cmwiOiIvc3Rhcmsvd2ViL2NvbnN1bHRyZWNvcmQvZGVsZXRlLyg/UDxjdXN0b21lcl9pZD5cXGQrKS8oP1A8cGs+XFxkKykvIiwicGlkIjoyNywicF90aXRsZSI6Ilx1NzljMVx1NjIzN1x1NTIxN1x1ODg2OCIsInBfdXJsIjoiL3N0YXJrL3dlYi9jdXN0b21lci9wcml2L2xpc3QvIn0sIndlYl9wYXltZW50cmVjb3JkX2xpc3QiOnsiaWQiOjM1LCJ0aXRsZSI6Ilx1N2YzNFx1OGQzOVx1OGJiMFx1NWY1NVx1NTIxN1x1ODg2OCIsInVybCI6Ii9zdGFyay93ZWIvcGF5bWVudHJlY29yZC9saXN0Lyg/UDxjdXN0b21lcl9pZD5cXGQrKS8iLCJwaWQiOjI3LCJwX3RpdGxlIjoiXHU3OWMxXHU2MjM3XHU1MjE3XHU4ODY4IiwicF91cmwiOiIvc3Rhcmsvd2ViL2N1c3RvbWVyL3ByaXYvbGlzdC8ifSwid2ViX3BheW1lbnRyZWNvcmRfYWRkIjp7ImlkIjozNiwidGl0bGUiOiJcdTZkZmJcdTUyYTBcdTdmMzRcdThkMzlcdThiYjBcdTVmNTUiLCJ1cmwiOiIvc3Rhcmsvd2ViL3BheW1lbnRyZWNvcmQvYWRkLyg/UDxjdXN0b21lcl9pZD5cXGQrKS8iLCJwaWQiOjI3LCJwX3RpdGxlIjoiXHU3OWMxXHU2MjM3XHU1MjE3XHU4ODY4IiwicF91cmwiOiIvc3Rhcmsvd2ViL2N1c3RvbWVyL3ByaXYvbGlzdC8ifSwid2ViX3N0dWRlbnRfY2hhbmdlIjp7ImlkIjozOSwidGl0bGUiOiJcdTRmZWVcdTY1MzlcdTViNjZcdTc1MWZcdTRmZTFcdTYwNmYiLCJ1cmwiOiIvc3Rhcmsvd2ViL3N0dWRlbnQvY2hhbmdlLyg/UDxwaz5cXGQrKS8iLCJwaWQiOjM4LCJwX3RpdGxlIjoiXHU1YjY2XHU3NTFmXHU1MjE3XHU4ODY4IiwicF91cmwiOiIvc3Rhcmsvd2ViL3N0dWRlbnQvbGlzdC8ifSwid2ViX3Njb3JlcmVjb3JkX2xpc3QiOnsiaWQiOjQwLCJ0aXRsZSI6Ilx1NzllZlx1NTIwNlx1NTIxN1x1ODg2OCIsInVybCI6Ii9zdGFyay93ZWIvc2NvcmVyZWNvcmQvbGlzdC8oP1A8c3R1ZGVudF9pZD5cXGQrKS8iLCJwaWQiOjM4LCJwX3RpdGxlIjoiXHU1YjY2XHU3NTFmXHU1MjE3XHU4ODY4IiwicF91cmwiOiIvc3Rhcmsvd2ViL3N0dWRlbnQvbGlzdC8ifSwid2ViX3Njb3JlcmVjb3JkX2FkZCI6eyJpZCI6NDEsInRpdGxlIjoiXHU2ZGZiXHU1MmEwXHU3OWVmXHU1MjA2XHU4YmIwXHU1ZjU1IiwidXJsIjoiL3N0YXJrL3dlYi9zY29yZXJlY29yZC9hZGQvKD9QPHN0dWRlbnRfaWQ+XFxkKykvIiwicGlkIjozOCwicF90aXRsZSI6Ilx1NWI2Nlx1NzUxZlx1NTIxN1x1ODg2OCIsInBfdXJsIjoiL3N0YXJrL3dlYi9zdHVkZW50L2xpc3QvIn0sIndlYl9jb3Vyc2VyZWNvcmRfbGlzdCI6eyJpZCI6NDIsInRpdGxlIjoiXHU0ZTBhXHU4YmZlXHU4YmIwXHU1ZjU1XHU1MjE3XHU4ODY4IiwidXJsIjoiL3N0YXJrL3dlYi9jb3Vyc2VyZWNvcmQvbGlzdC8oP1A8Y2xhc3NfaWQ+XFxkKykvIiwicGlkIjoxOCwicF90aXRsZSI6Ilx1NzNlZFx1N2VhN1x1NTIxN1x1ODg2OCIsInBfdXJsIjoiL3N0YXJrL3dlYi9jbGFzc2xpc3QvbGlzdC8ifSwid2ViX2NvdXJzZXJlY29yZF9hZGQiOnsiaWQiOjQzLCJ0aXRsZSI6Ilx1NmRmYlx1NTJhMFx1NGUwYVx1OGJmZVx1OGJiMFx1NWY1NSIsInVybCI6Ii9zdGFyay93ZWIvY291cnNlcmVjb3JkL2FkZC8oP1A8Y2xhc3NfaWQ+XFxkKykvIiwicGlkIjoxOCwicF90aXRsZSI6Ilx1NzNlZFx1N2VhN1x1NTIxN1x1ODg2OCIsInBfdXJsIjoiL3N0YXJrL3dlYi9jbGFzc2xpc3QvbGlzdC8ifSwid2ViX2NvdXJzZXJlY29yZF9jaGFuZ2UiOnsiaWQiOjQ0LCJ0aXRsZSI6Ilx1NGZlZVx1NjUzOVx1NGUwYVx1OGJmZVx1OGJiMFx1NWY1NSIsInVybCI6Ii9zdGFyay93ZWIvY291cnNlcmVjb3JkL2NoYW5nZS8oP1A8Y2xhc3NfaWQ+XFxkKykvKD9QPHBrPlxcZCspLyIsInBpZCI6MTgsInBfdGl0bGUiOiJcdTczZWRcdTdlYTdcdTUyMTdcdTg4NjgiLCJwX3VybCI6Ii9zdGFyay93ZWIvY2xhc3NsaXN0L2xpc3QvIn0sIndlYl9jb3Vyc2VyZWNvcmRfZGVsZXRlIjp7ImlkIjo0NSwidGl0bGUiOiJcdTUyMjBcdTk2NjRcdTRlMGFcdThiZmVcdThiYjBcdTVmNTUiLCJ1cmwiOiIvc3Rhcmsvd2ViL2NvdXJzZXJlY29yZC9kZWxldGUvKD9QPGNsYXNzX2lkPlxcZCspLyg/UDxwaz5cXGQrKS8iLCJwaWQiOjE4LCJwX3RpdGxlIjoiXHU3M2VkXHU3ZWE3XHU1MjE3XHU4ODY4IiwicF91cmwiOiIvc3Rhcmsvd2ViL2NsYXNzbGlzdC9saXN0LyJ9LCJ3ZWJfY291cnNlcmVjb3JkX2F0dGVuZGFuY2UiOnsiaWQiOjQ2LCJ0aXRsZSI6Ilx1ODAwM1x1NTJlNFx1N2JhMVx1NzQwNiIsInVybCI6Ii9zdGFyay93ZWIvY291cnNlcmVjb3JkL2F0dGVuZGFuY2UvKD9QPGNvdXJzZV9yZWNvcmRfaWQ+XFxkKykvIiwicGlkIjoxOCwicF90aXRsZSI6Ilx1NzNlZFx1N2VhN1x1NTIxN1x1ODg2OCIsInBfdXJsIjoiL3N0YXJrL3dlYi9jbGFzc2xpc3QvbGlzdC8ifSwicmJhYzpyb2xlX2FkZCI6eyJpZCI6NDgsInRpdGxlIjoiXHU2ZGZiXHU1MmEwXHU4OWQyXHU4MjcyIiwidXJsIjoiL3JiYWMvcm9sZS9hZGQvIiwicGlkIjo0NywicF90aXRsZSI6Ilx1ODlkMlx1ODI3Mlx1NTIxN1x1ODg2OCIsInBfdXJsIjoiL3JiYWMvcm9sZS9saXN0LyJ9LCJyYmFjOnJvbGVfZWRpdCI6eyJpZCI6NDksInRpdGxlIjoiXHU0ZmVlXHU2NTM5XHU4OWQyXHU4MjcyIiwidXJsIjoiL3JiYWMvcm9sZS9lZGl0Lyg/UDxwaz5cXGQrKS8iLCJwaWQiOjQ3LCJwX3RpdGxlIjoiXHU4OWQyXHU4MjcyXHU1MjE3XHU4ODY4IiwicF91cmwiOiIvcmJhYy9yb2xlL2xpc3QvIn0sInJiYWM6cm9sZV9kZWwiOnsiaWQiOjUwLCJ0aXRsZSI6Ilx1NTIyMFx1OTY2NFx1ODlkMlx1ODI3MiIsInVybCI6Ii9yYmFjL3JvbGUvZGVsLyg/UDxwaz5cXGQrKS8iLCJwaWQiOjQ3LCJwX3RpdGxlIjoiXHU4OWQyXHU4MjcyXHU1MjE3XHU4ODY4IiwicF91cmwiOiIvcmJhYy9yb2xlL2xpc3QvIn0sInJiYWM6bWVudV9hZGQiOnsiaWQiOjUyLCJ0aXRsZSI6Ilx1NmRmYlx1NTJhMFx1ODNkY1x1NTM1NSIsInVybCI6Ii9yYmFjL21lbnUvYWRkLyIsInBpZCI6NTEsInBfdGl0bGUiOiJcdTgzZGNcdTUzNTVcdTUyMTdcdTg4NjgiLCJwX3VybCI6Ii9yYmFjL21lbnUvbGlzdC8ifSwicmJhYzptZW51X2VkaXQiOnsiaWQiOjUzLCJ0aXRsZSI6Ilx1NGZlZVx1NjUzOVx1ODNkY1x1NTM1NSIsInVybCI6Ii9yYmFjL21lbnUvZWRpdC8oP1A8cGs+XFxkKykvIiwicGlkIjo1MSwicF90aXRsZSI6Ilx1ODNkY1x1NTM1NVx1NTIxN1x1ODg2OCIsInBfdXJsIjoiL3JiYWMvbWVudS9saXN0LyJ9LCJyYmFjOm1lbnVfZGVsIjp7ImlkIjo1NCwidGl0bGUiOiJcdTUyMjBcdTk2NjRcdTgzZGNcdTUzNTUiLCJ1cmwiOiIvcmJhYy9tZW51L2RlbC8oP1A8cGs+XFxkKykvIiwicGlkIjo1MSwicF90aXRsZSI6Ilx1ODNkY1x1NTM1NVx1NTIxN1x1ODg2OCIsInBfdXJsIjoiL3JiYWMvbWVudS9saXN0LyJ9LCJyYmFjOnNlY29uZF9tZW51X2FkZCI6eyJpZCI6NTUsInRpdGxlIjoiXHU2ZGZiXHU1MmEwXHU0ZThjXHU3ZWE3XHU4M2RjXHU1MzU1IiwidXJsIjoiL3JiYWMvc2Vjb25kL21lbnUvYWRkLyg/UDxtZW51X2lkPlxcZCspLyIsInBpZCI6NTEsInBfdGl0bGUiOiJcdTgzZGNcdTUzNTVcdTUyMTdcdTg4NjgiLCJwX3VybCI6Ii9yYmFjL21lbnUvbGlzdC8ifSwicmJhYzpzZWNvbmRfbWVudV9lZGl0Ijp7ImlkIjo1NiwidGl0bGUiOiJcdTRmZWVcdTY1MzlcdTRlOGNcdTdlYTdcdTgzZGNcdTUzNTUiLCJ1cmwiOiIvcmJhYy9zZWNvbmQvbWVudS9lZGl0Lyg/UDxwaz5cXGQrKS8iLCJwaWQiOjUxLCJwX3RpdGxlIjoiXHU4M2RjXHU1MzU1XHU1MjE3XHU4ODY4IiwicF91cmwiOiIvcmJhYy9tZW51L2xpc3QvIn0sInJiYWM6c2Vjb25kX21lbnVfZGVsIjp7ImlkIjo1NywidGl0bGUiOiJcdTUyMjBcdTk2NjRcdTRlOGNcdTdlYTdcdTgzZGNcdTUzNTUiLCJ1cmwiOiIvcmJhYy9zZWNvbmQvbWVudS9kZWwvKD9QPHBrPlxcZCspLyIsInBpZCI6NTEsInBfdGl0bGUiOiJcdTgzZGNcdTUzNTVcdTUyMTdcdTg4NjgiLCJwX3VybCI6Ii9yYmFjL21lbnUvbGlzdC8ifSwicmJhYzpwZXJtaXNzaW9uX2FkZCI6eyJpZCI6NTgsInRpdGxlIjoiXHU2ZGZiXHU1MmEwXHU2NzQzXHU5NjUwIiwidXJsIjoiL3JiYWMvcGVybWlzc2lvbi9hZGQvKD9QPHNlY29uZF9tZW51X2lkPlxcZCspLyIsInBpZCI6NTEsInBfdGl0bGUiOiJcdTgzZGNcdTUzNTVcdTUyMTdcdTg4NjgiLCJwX3VybCI6Ii9yYmFjL21lbnUvbGlzdC8ifSwicmJhYzpwZXJtaXNzaW9uX2VkaXQiOnsiaWQiOjU5LCJ0aXRsZSI6Ilx1NGZlZVx1NjUzOVx1Njc0M1x1OTY1MCIsInVybCI6Ii9yYmFjL3Blcm1pc3Npb24vZWRpdC8oP1A8cGs+XFxkKykvIiwicGlkIjo1MSwicF90aXRsZSI6Ilx1ODNkY1x1NTM1NVx1NTIxN1x1ODg2OCIsInBfdXJsIjoiL3JiYWMvbWVudS9saXN0LyJ9LCJyYmFjOnBlcm1pc3Npb25fZGVsIjp7ImlkIjo2MCwidGl0bGUiOiJcdTUyMjBcdTk2NjRcdTY3NDNcdTk2NTAiLCJ1cmwiOiIvcmJhYy9wZXJtaXNzaW9uL2RlbC8oP1A8cGs+XFxkKykvIiwicGlkIjo1MSwicF90aXRsZSI6Ilx1ODNkY1x1NTM1NVx1NTIxN1x1ODg2OCIsInBfdXJsIjoiL3JiYWMvbWVudS9saXN0LyJ9LCJyYmFjOm11bHRpX3Blcm1pc3Npb25zIjp7ImlkIjo2MSwidGl0bGUiOiJcdTYyNzlcdTkxY2ZcdTY0Y2RcdTRmNWNcdTY3NDNcdTk2NTAiLCJ1cmwiOiIvcmJhYy9tdWx0aS9wZXJtaXNzaW9ucy8iLCJwaWQiOjUxLCJwX3RpdGxlIjoiXHU4M2RjXHU1MzU1XHU1MjE3XHU4ODY4IiwicF91cmwiOiIvcmJhYy9tZW51L2xpc3QvIn0sInJiYWM6bXVsdGlfcGVybWlzc2lvbnNfZGVsIjp7ImlkIjo2MiwidGl0bGUiOiJcdTYyNzlcdTkxY2ZcdTUyMjBcdTk2NjRcdTY3NDNcdTk2NTAiLCJ1cmwiOiIvcmJhYy9tdWx0aS9wZXJtaXNzaW9ucy9kZWwvKD9QPHBrPlxcZCspLyIsInBpZCI6NTEsInBfdGl0bGUiOiJcdTgzZGNcdTUzNTVcdTUyMTdcdTg4NjgiLCJwX3VybCI6Ii9yYmFjL21lbnUvbGlzdC8ifX0sInVzZXJfaW5mbyI6eyJpZCI6MTAsIm5pY2tuYW1lIjoiXHU1ZjIwXHU1NzY0In19', '2019-12-12 17:14:47.549782');
INSERT INTO `django_session` VALUES ('19aj01bcfv5ib2vvqj44865w8v6ryamt', 'OGZmNmU4YTUyZWFlNDlkZDI4MGNhMWExNGE1MDViZTBlYzllZmVkMzp7ImNvbXBhbnlfbWVudV9saXN0X2tleSI6eyIxIjp7InRpdGxlIjoiXHU0ZjAxXHU0ZTFhXHU3YmExXHU3NDA2IiwiaWNvbiI6ImZhIGZhLWN1YmVzIiwiY2hpbGRyZW4iOlt7ImlkIjoxLCJ0aXRsZSI6Ilx1NjgyMVx1NTMzYVx1NTIxN1x1ODg2OCIsInVybCI6Ii9zdGFyay93ZWIvc2Nob29sL2xpc3QvIn0seyJpZCI6NSwidGl0bGUiOiJcdTkwZThcdTk1ZThcdTUyMTdcdTg4NjgiLCJ1cmwiOiIvc3Rhcmsvd2ViL2RlcGFydG1lbnQvbGlzdC8ifSx7ImlkIjoxNCwidGl0bGUiOiJcdThiZmVcdTdhMGJcdTUyMTdcdTg4NjgiLCJ1cmwiOiIvc3Rhcmsvd2ViL2NvdXJzZS9saXN0LyJ9LHsiaWQiOjE4LCJ0aXRsZSI6Ilx1NzNlZFx1N2VhN1x1NTIxN1x1ODg2OCIsInVybCI6Ii9zdGFyay93ZWIvY2xhc3NsaXN0L2xpc3QvIn1dfSwiMiI6eyJ0aXRsZSI6Ilx1OTYzZlx1NjVhZlx1OTg3Zlx1NTNkMVx1OTAwMVx1NTIzMFx1NTNkMSIsImljb24iOiJmYSBmYS1jdWJlcyIsImNoaWxkcmVuIjpbeyJpZCI6MjIsInRpdGxlIjoiXHU1MTZjXHU2MjM3XHU1MjE3XHU4ODY4IiwidXJsIjoiL3N0YXJrL3dlYi9jdXN0b21lci9wdWIvbGlzdC8ifSx7ImlkIjoyNywidGl0bGUiOiJcdTc5YzFcdTYyMzdcdTUyMTdcdTg4NjgiLCJ1cmwiOiIvc3Rhcmsvd2ViL2N1c3RvbWVyL3ByaXYvbGlzdC8ifSx7ImlkIjozNywidGl0bGUiOiJcdTViYTFcdTY4MzhcdTdmMzRcdThkMzlcdThiYjBcdTVmNTUiLCJ1cmwiOiIvc3Rhcmsvd2ViL3BheW1lbnRyZWNvcmQvY2hlY2svbGlzdC8ifV19LCIzIjp7InRpdGxlIjoiXHU1YjY2XHU1NDU4XHU3YmExXHU3NDA2IiwiaWNvbiI6ImZhIGZhLXVzZXIiLCJjaGlsZHJlbiI6W3siaWQiOjM4LCJ0aXRsZSI6Ilx1NWI2Nlx1NzUxZlx1NTIxN1x1ODg2OCIsInVybCI6Ii9zdGFyay93ZWIvc3R1ZGVudC9saXN0LyJ9XX0sIjQiOnsidGl0bGUiOiJcdTY3NDNcdTk2NTBcdTdiYTFcdTc0MDYiLCJpY29uIjoiZmEgZmEtY3ViZXMiLCJjaGlsZHJlbiI6W3siaWQiOjksInRpdGxlIjoiXHU3NTI4XHU2MjM3XHU1MjE3XHU4ODY4IiwidXJsIjoiL3N0YXJrL3dlYi91c2VyaW5mby9saXN0LyJ9LHsiaWQiOjQ3LCJ0aXRsZSI6Ilx1ODlkMlx1ODI3Mlx1NTIxN1x1ODg2OCIsInVybCI6Ii9yYmFjL3JvbGUvbGlzdC8ifSx7ImlkIjo1MSwidGl0bGUiOiJcdTgzZGNcdTUzNTVcdTUyMTdcdTg4NjgiLCJ1cmwiOiIvcmJhYy9tZW51L2xpc3QvIn0seyJpZCI6NjMsInRpdGxlIjoiXHU1MjA2XHU5MTRkXHU2NzQzXHU5NjUwIiwidXJsIjoiL3JiYWMvZGlzdHJpYnV0ZS9wZXJtaXNzaW9ucy8ifV19fSwiY29tcGFueV9wZXJtaXNzaW9uX3VybF9saXN0X2tleSI6eyJ3ZWJfc2Nob29sX2xpc3QiOnsiaWQiOjEsInRpdGxlIjoiXHU2ODIxXHU1MzNhXHU1MjE3XHU4ODY4IiwidXJsIjoiL3N0YXJrL3dlYi9zY2hvb2wvbGlzdC8iLCJwaWQiOm51bGwsInBfdGl0bGUiOm51bGwsInBfdXJsIjpudWxsfSwid2ViX2RlcGFydG1lbnRfbGlzdCI6eyJpZCI6NSwidGl0bGUiOiJcdTkwZThcdTk1ZThcdTUyMTdcdTg4NjgiLCJ1cmwiOiIvc3Rhcmsvd2ViL2RlcGFydG1lbnQvbGlzdC8iLCJwaWQiOm51bGwsInBfdGl0bGUiOm51bGwsInBfdXJsIjpudWxsfSwid2ViX2NvdXJzZV9saXN0Ijp7ImlkIjoxNCwidGl0bGUiOiJcdThiZmVcdTdhMGJcdTUyMTdcdTg4NjgiLCJ1cmwiOiIvc3Rhcmsvd2ViL2NvdXJzZS9saXN0LyIsInBpZCI6bnVsbCwicF90aXRsZSI6bnVsbCwicF91cmwiOm51bGx9LCJ3ZWJfY2xhc3NsaXN0X2xpc3QiOnsiaWQiOjE4LCJ0aXRsZSI6Ilx1NzNlZFx1N2VhN1x1NTIxN1x1ODg2OCIsInVybCI6Ii9zdGFyay93ZWIvY2xhc3NsaXN0L2xpc3QvIiwicGlkIjpudWxsLCJwX3RpdGxlIjpudWxsLCJwX3VybCI6bnVsbH0sIndlYl9jdXN0b21lcl9wdWJfbGlzdCI6eyJpZCI6MjIsInRpdGxlIjoiXHU1MTZjXHU2MjM3XHU1MjE3XHU4ODY4IiwidXJsIjoiL3N0YXJrL3dlYi9jdXN0b21lci9wdWIvbGlzdC8iLCJwaWQiOm51bGwsInBfdGl0bGUiOm51bGwsInBfdXJsIjpudWxsfSwid2ViX2N1c3RvbWVyX3ByaXZfbGlzdCI6eyJpZCI6MjcsInRpdGxlIjoiXHU3OWMxXHU2MjM3XHU1MjE3XHU4ODY4IiwidXJsIjoiL3N0YXJrL3dlYi9jdXN0b21lci9wcml2L2xpc3QvIiwicGlkIjpudWxsLCJwX3RpdGxlIjpudWxsLCJwX3VybCI6bnVsbH0sIndlYl9wYXltZW50cmVjb3JkX2NoZWNrX2xpc3QiOnsiaWQiOjM3LCJ0aXRsZSI6Ilx1NWJhMVx1NjgzOFx1N2YzNFx1OGQzOVx1OGJiMFx1NWY1NSIsInVybCI6Ii9zdGFyay93ZWIvcGF5bWVudHJlY29yZC9jaGVjay9saXN0LyIsInBpZCI6bnVsbCwicF90aXRsZSI6bnVsbCwicF91cmwiOm51bGx9LCJ3ZWJfc3R1ZGVudF9saXN0Ijp7ImlkIjozOCwidGl0bGUiOiJcdTViNjZcdTc1MWZcdTUyMTdcdTg4NjgiLCJ1cmwiOiIvc3Rhcmsvd2ViL3N0dWRlbnQvbGlzdC8iLCJwaWQiOm51bGwsInBfdGl0bGUiOm51bGwsInBfdXJsIjpudWxsfSwid2ViX3VzZXJpbmZvX2xpc3QiOnsiaWQiOjksInRpdGxlIjoiXHU3NTI4XHU2MjM3XHU1MjE3XHU4ODY4IiwidXJsIjoiL3N0YXJrL3dlYi91c2VyaW5mby9saXN0LyIsInBpZCI6bnVsbCwicF90aXRsZSI6bnVsbCwicF91cmwiOm51bGx9LCJyYmFjOnJvbGVfbGlzdCI6eyJpZCI6NDcsInRpdGxlIjoiXHU4OWQyXHU4MjcyXHU1MjE3XHU4ODY4IiwidXJsIjoiL3JiYWMvcm9sZS9saXN0LyIsInBpZCI6bnVsbCwicF90aXRsZSI6bnVsbCwicF91cmwiOm51bGx9LCJyYmFjOm1lbnVfbGlzdCI6eyJpZCI6NTEsInRpdGxlIjoiXHU4M2RjXHU1MzU1XHU1MjE3XHU4ODY4IiwidXJsIjoiL3JiYWMvbWVudS9saXN0LyIsInBpZCI6bnVsbCwicF90aXRsZSI6bnVsbCwicF91cmwiOm51bGx9LCJyYmFjOmRpc3RyaWJ1dGVfcGVybWlzc2lvbnMiOnsiaWQiOjYzLCJ0aXRsZSI6Ilx1NTIwNlx1OTE0ZFx1Njc0M1x1OTY1MCIsInVybCI6Ii9yYmFjL2Rpc3RyaWJ1dGUvcGVybWlzc2lvbnMvIiwicGlkIjpudWxsLCJwX3RpdGxlIjpudWxsLCJwX3VybCI6bnVsbH0sIndlYl9zY2hvb2xfYWRkIjp7ImlkIjoyLCJ0aXRsZSI6Ilx1NmRmYlx1NTJhMFx1NjgyMVx1NTMzYSIsInVybCI6Ii9zdGFyay93ZWIvc2Nob29sL2FkZC8iLCJwaWQiOjEsInBfdGl0bGUiOiJcdTY4MjFcdTUzM2FcdTUyMTdcdTg4NjgiLCJwX3VybCI6Ii9zdGFyay93ZWIvc2Nob29sL2xpc3QvIn0sIndlYl9zY2hvb2xfY2hhbmdlIjp7ImlkIjozLCJ0aXRsZSI6Ilx1NGZlZVx1NjUzOVx1NjgyMVx1NTMzYSIsInVybCI6Ii9zdGFyay93ZWIvc2Nob29sL2NoYW5nZS8oP1A8cGs+XFxkKykvIiwicGlkIjoxLCJwX3RpdGxlIjoiXHU2ODIxXHU1MzNhXHU1MjE3XHU4ODY4IiwicF91cmwiOiIvc3Rhcmsvd2ViL3NjaG9vbC9saXN0LyJ9LCJ3ZWJfc2Nob29sX2RlbGV0ZSI6eyJpZCI6NCwidGl0bGUiOiJcdTUyMjBcdTk2NjRcdTY4MjFcdTUzM2EiLCJ1cmwiOiIvc3Rhcmsvd2ViL3NjaG9vbC9kZWxldGUvKD9QPHBrPlxcZCspLyIsInBpZCI6MSwicF90aXRsZSI6Ilx1NjgyMVx1NTMzYVx1NTIxN1x1ODg2OCIsInBfdXJsIjoiL3N0YXJrL3dlYi9zY2hvb2wvbGlzdC8ifSwid2ViX2RlcGFydG1lbnRfYWRkIjp7ImlkIjo2LCJ0aXRsZSI6Ilx1NmRmYlx1NTJhMFx1OTBlOFx1OTVlOCIsInVybCI6Ii9zdGFyay93ZWIvZGVwYXJ0bWVudC9hZGQvIiwicGlkIjo1LCJwX3RpdGxlIjoiXHU5MGU4XHU5NWU4XHU1MjE3XHU4ODY4IiwicF91cmwiOiIvc3Rhcmsvd2ViL2RlcGFydG1lbnQvbGlzdC8ifSwid2ViX2RlcGFydG1lbnRfY2hhbmdlIjp7ImlkIjo3LCJ0aXRsZSI6Ilx1NGZlZVx1NjUzOVx1OTBlOFx1OTVlOCIsInVybCI6Ii9zdGFyay93ZWIvZGVwYXJ0bWVudC9jaGFuZ2UvKD9QPHBrPlxcZCspLyIsInBpZCI6NSwicF90aXRsZSI6Ilx1OTBlOFx1OTVlOFx1NTIxN1x1ODg2OCIsInBfdXJsIjoiL3N0YXJrL3dlYi9kZXBhcnRtZW50L2xpc3QvIn0sIndlYl9kZXBhcnRtZW50X2RlbGV0ZSI6eyJpZCI6OCwidGl0bGUiOiJcdTUyMjBcdTk2NjRcdTkwZThcdTk1ZTgiLCJ1cmwiOiIvc3Rhcmsvd2ViL2RlcGFydG1lbnQvZGVsZXRlLyg/UDxwaz5cXGQrKS8iLCJwaWQiOjUsInBfdGl0bGUiOiJcdTkwZThcdTk1ZThcdTUyMTdcdTg4NjgiLCJwX3VybCI6Ii9zdGFyay93ZWIvZGVwYXJ0bWVudC9saXN0LyJ9LCJ3ZWJfdXNlcmluZm9fYWRkIjp7ImlkIjoxMCwidGl0bGUiOiJcdTZkZmJcdTUyYTBcdTc1MjhcdTYyMzciLCJ1cmwiOiIvc3Rhcmsvd2ViL3VzZXJpbmZvL2FkZC8iLCJwaWQiOjksInBfdGl0bGUiOiJcdTc1MjhcdTYyMzdcdTUyMTdcdTg4NjgiLCJwX3VybCI6Ii9zdGFyay93ZWIvdXNlcmluZm8vbGlzdC8ifSwid2ViX3VzZXJpbmZvX2NoYW5nZSI6eyJpZCI6MTEsInRpdGxlIjoiXHU0ZmVlXHU2NTM5XHU3NTI4XHU2MjM3IiwidXJsIjoiL3N0YXJrL3dlYi91c2VyaW5mby9jaGFuZ2UvKD9QPHBrPlxcZCspLyIsInBpZCI6OSwicF90aXRsZSI6Ilx1NzUyOFx1NjIzN1x1NTIxN1x1ODg2OCIsInBfdXJsIjoiL3N0YXJrL3dlYi91c2VyaW5mby9saXN0LyJ9LCJ3ZWJfdXNlcmluZm9fZGVsZXRlIjp7ImlkIjoxMiwidGl0bGUiOiJcdTUyMjBcdTk2NjRcdTc1MjhcdTYyMzciLCJ1cmwiOiIvc3Rhcmsvd2ViL3VzZXJpbmZvL2RlbGV0ZS8oP1A8cGs+XFxkKykvIiwicGlkIjo5LCJwX3RpdGxlIjoiXHU3NTI4XHU2MjM3XHU1MjE3XHU4ODY4IiwicF91cmwiOiIvc3Rhcmsvd2ViL3VzZXJpbmZvL2xpc3QvIn0sIndlYl91c2VyaW5mb19yZXN0X3B3ZCI6eyJpZCI6MTMsInRpdGxlIjoiXHU5MWNkXHU3ZjZlXHU1YmM2XHU3ODAxIiwidXJsIjoiL3N0YXJrL3dlYi91c2VyaW5mby9yZXNldC9wYXNzd29yZC8oP1A8cGs+XFxkKykiLCJwaWQiOjksInBfdGl0bGUiOiJcdTc1MjhcdTYyMzdcdTUyMTdcdTg4NjgiLCJwX3VybCI6Ii9zdGFyay93ZWIvdXNlcmluZm8vbGlzdC8ifSwid2ViX2NvdXJzZV9hZGQiOnsiaWQiOjE1LCJ0aXRsZSI6Ilx1NmRmYlx1NTJhMFx1OGJmZVx1N2EwYiIsInVybCI6Ii9zdGFyay93ZWIvY291cnNlL2FkZC8iLCJwaWQiOjE0LCJwX3RpdGxlIjoiXHU4YmZlXHU3YTBiXHU1MjE3XHU4ODY4IiwicF91cmwiOiIvc3Rhcmsvd2ViL2NvdXJzZS9saXN0LyJ9LCJ3ZWJfY291cnNlX2NoYW5nZSI6eyJpZCI6MTYsInRpdGxlIjoiXHU0ZmVlXHU2NTM5XHU4YmZlXHU3YTBiIiwidXJsIjoiL3N0YXJrL3dlYi9jb3Vyc2UvY2hhbmdlLyg/UDxwaz5cXGQrKS8iLCJwaWQiOjE0LCJwX3RpdGxlIjoiXHU4YmZlXHU3YTBiXHU1MjE3XHU4ODY4IiwicF91cmwiOiIvc3Rhcmsvd2ViL2NvdXJzZS9saXN0LyJ9LCJ3ZWJfY291cnNlX2RlbGV0ZSI6eyJpZCI6MTcsInRpdGxlIjoiXHU1MjIwXHU5NjY0XHU4YmZlXHU3YTBiIiwidXJsIjoiL3N0YXJrL3dlYi9jb3Vyc2UvZGVsZXRlLyg/UDxwaz5cXGQrKS8iLCJwaWQiOjE0LCJwX3RpdGxlIjoiXHU4YmZlXHU3YTBiXHU1MjE3XHU4ODY4IiwicF91cmwiOiIvc3Rhcmsvd2ViL2NvdXJzZS9saXN0LyJ9LCJ3ZWJfY2xhc3NsaXN0X2FkZCI6eyJpZCI6MTksInRpdGxlIjoiXHU2ZGZiXHU1MmEwXHU3M2VkXHU3ZWE3IiwidXJsIjoiL3N0YXJrL3dlYi9jbGFzc2xpc3QvYWRkLyIsInBpZCI6MTgsInBfdGl0bGUiOiJcdTczZWRcdTdlYTdcdTUyMTdcdTg4NjgiLCJwX3VybCI6Ii9zdGFyay93ZWIvY2xhc3NsaXN0L2xpc3QvIn0sIndlYl9jbGFzc2xpc3RfY2hhbmdlIjp7ImlkIjoyMCwidGl0bGUiOiJcdTRmZWVcdTY1MzlcdTczZWRcdTdlYTciLCJ1cmwiOiIvc3Rhcmsvd2ViL2NsYXNzbGlzdC9jaGFuZ2UvKD9QPHBrPlxcZCspLyIsInBpZCI6MTgsInBfdGl0bGUiOiJcdTczZWRcdTdlYTdcdTUyMTdcdTg4NjgiLCJwX3VybCI6Ii9zdGFyay93ZWIvY2xhc3NsaXN0L2xpc3QvIn0sIndlYl9jbGFzc2xpc3RfZGVsZXRlIjp7ImlkIjoyMSwidGl0bGUiOiJcdTUyMjBcdTk2NjRcdTczZWRcdTdlYTciLCJ1cmwiOiIvc3Rhcmsvd2ViL2NsYXNzbGlzdC9kZWxldGUvKD9QPHBrPlxcZCspLyIsInBpZCI6MTgsInBfdGl0bGUiOiJcdTczZWRcdTdlYTdcdTUyMTdcdTg4NjgiLCJwX3VybCI6Ii9zdGFyay93ZWIvY2xhc3NsaXN0L2xpc3QvIn0sIndlYl9jdXN0b21lcl9wdWJfYWRkIjp7ImlkIjoyMywidGl0bGUiOiJcdTZkZmJcdTUyYTBcdTUxNmNcdTYyMzciLCJ1cmwiOiIvc3Rhcmsvd2ViL2N1c3RvbWVyL3B1Yi9hZGQvIiwicGlkIjoyMiwicF90aXRsZSI6Ilx1NTE2Y1x1NjIzN1x1NTIxN1x1ODg2OCIsInBfdXJsIjoiL3N0YXJrL3dlYi9jdXN0b21lci9wdWIvbGlzdC8ifSwid2ViX2N1c3RvbWVyX3B1Yl9jaGFuZ2UiOnsiaWQiOjI0LCJ0aXRsZSI6Ilx1NGZlZVx1NjUzOVx1NTE2Y1x1NjIzNyIsInVybCI6Ii9zdGFyay93ZWIvY3VzdG9tZXIvcHViL2NoYW5nZS8oP1A8cGs+XFxkKykvIiwicGlkIjoyMiwicF90aXRsZSI6Ilx1NTE2Y1x1NjIzN1x1NTIxN1x1ODg2OCIsInBfdXJsIjoiL3N0YXJrL3dlYi9jdXN0b21lci9wdWIvbGlzdC8ifSwid2ViX2N1c3RvbWVyX3B1Yl9kZWxldGUiOnsiaWQiOjI1LCJ0aXRsZSI6Ilx1NTIyMFx1OTY2NFx1NTE2Y1x1NjIzNyIsInVybCI6Ii9zdGFyay93ZWIvY3VzdG9tZXIvcHViL2RlbGV0ZS8oP1A8cGs+XFxkKykvIiwicGlkIjoyMiwicF90aXRsZSI6Ilx1NTE2Y1x1NjIzN1x1NTIxN1x1ODg2OCIsInBfdXJsIjoiL3N0YXJrL3dlYi9jdXN0b21lci9wdWIvbGlzdC8ifSwid2ViX2N1c3RvbWVyX3B1Yl9yZWNvcmRfdmlldyI6eyJpZCI6MjYsInRpdGxlIjoiXHU2N2U1XHU3NzBiXHU1MTZjXHU2MjM3XHU4ZGRmXHU4ZmRiXHU4YmIwXHU1ZjU1IiwidXJsIjoiL3N0YXJrL3dlYi9jdXN0b21lci9wdWIvcmVjb3JkLyg/UDxwaz5cXGQrKSIsInBpZCI6MjIsInBfdGl0bGUiOiJcdTUxNmNcdTYyMzdcdTUyMTdcdTg4NjgiLCJwX3VybCI6Ii9zdGFyay93ZWIvY3VzdG9tZXIvcHViL2xpc3QvIn0sIndlYl9jdXN0b21lcl9wcml2X2FkZCI6eyJpZCI6MjgsInRpdGxlIjoiXHU2ZGZiXHU1MmEwXHU2MjExXHU3Njg0XHU1YmEyXHU2MjM3IiwidXJsIjoiL3N0YXJrL3dlYi9jdXN0b21lci9wcml2L2FkZC8iLCJwaWQiOjI3LCJwX3RpdGxlIjoiXHU3OWMxXHU2MjM3XHU1MjE3XHU4ODY4IiwicF91cmwiOiIvc3Rhcmsvd2ViL2N1c3RvbWVyL3ByaXYvbGlzdC8ifSwid2ViX2N1c3RvbWVyX3ByaXZfY2hhbmdlIjp7ImlkIjoyOSwidGl0bGUiOiJcdTRmZWVcdTY1MzlcdTYyMTFcdTc2ODRcdTViYTJcdTYyMzciLCJ1cmwiOiIvc3Rhcmsvd2ViL2N1c3RvbWVyL3ByaXYvY2hhbmdlLyg/UDxwaz5cXGQrKS8iLCJwaWQiOjI3LCJwX3RpdGxlIjoiXHU3OWMxXHU2MjM3XHU1MjE3XHU4ODY4IiwicF91cmwiOiIvc3Rhcmsvd2ViL2N1c3RvbWVyL3ByaXYvbGlzdC8ifSwid2ViX2N1c3RvbWVyX3ByaXZfZGVsZXRlIjp7ImlkIjozMCwidGl0bGUiOiJcdTUyMjBcdTk2NjRcdTYyMTFcdTc2ODRcdTViYTJcdTYyMzciLCJ1cmwiOiIvc3Rhcmsvd2ViL2N1c3RvbWVyL3ByaXYvZGVsZXRlLyg/UDxwaz5cXGQrKS8iLCJwaWQiOjI3LCJwX3RpdGxlIjoiXHU3OWMxXHU2MjM3XHU1MjE3XHU4ODY4IiwicF91cmwiOiIvc3Rhcmsvd2ViL2N1c3RvbWVyL3ByaXYvbGlzdC8ifSwid2ViX2NvbnN1bHRyZWNvcmRfbGlzdCI6eyJpZCI6MzEsInRpdGxlIjoiXHU4ZGRmXHU4ZmRiXHU1MjE3XHU4ODY4IiwidXJsIjoiL3N0YXJrL3dlYi9jb25zdWx0cmVjb3JkL2xpc3QvKD9QPGN1c3RvbWVyX2lkPlxcZCspLyIsInBpZCI6MjcsInBfdGl0bGUiOiJcdTc5YzFcdTYyMzdcdTUyMTdcdTg4NjgiLCJwX3VybCI6Ii9zdGFyay93ZWIvY3VzdG9tZXIvcHJpdi9saXN0LyJ9LCJ3ZWJfY29uc3VsdHJlY29yZF9hZGQiOnsiaWQiOjMyLCJ0aXRsZSI6Ilx1NmRmYlx1NTJhMFx1OGRkZlx1OGZkYlx1OGJiMFx1NWY1NSIsInVybCI6Ii9zdGFyay93ZWIvY29uc3VsdHJlY29yZC9hZGQvKD9QPGN1c3RvbWVyX2lkPlxcZCspLyIsInBpZCI6MjcsInBfdGl0bGUiOiJcdTc5YzFcdTYyMzdcdTUyMTdcdTg4NjgiLCJwX3VybCI6Ii9zdGFyay93ZWIvY3VzdG9tZXIvcHJpdi9saXN0LyJ9LCJ3ZWJfY29uc3VsdHJlY29yZF9jaGFuZ2UiOnsiaWQiOjMzLCJ0aXRsZSI6Ilx1NGZlZVx1NjUzOVx1OGRkZlx1OGZkYlx1OGJiMFx1NWY1NSIsInVybCI6Ii9zdGFyay93ZWIvY29uc3VsdHJlY29yZC9jaGFuZ2UvKD9QPGN1c3RvbWVyX2lkPlxcZCspLyg/UDxwaz5cXGQrKS8iLCJwaWQiOjI3LCJwX3RpdGxlIjoiXHU3OWMxXHU2MjM3XHU1MjE3XHU4ODY4IiwicF91cmwiOiIvc3Rhcmsvd2ViL2N1c3RvbWVyL3ByaXYvbGlzdC8ifSwid2ViX2NvbnN1bHRyZWNvcmRfZGVsZXRlIjp7ImlkIjozNCwidGl0bGUiOiJcdTUyMjBcdTk2NjRcdThkZGZcdThmZGJcdThiYjBcdTVmNTUiLCJ1cmwiOiIvc3Rhcmsvd2ViL2NvbnN1bHRyZWNvcmQvZGVsZXRlLyg/UDxjdXN0b21lcl9pZD5cXGQrKS8oP1A8cGs+XFxkKykvIiwicGlkIjoyNywicF90aXRsZSI6Ilx1NzljMVx1NjIzN1x1NTIxN1x1ODg2OCIsInBfdXJsIjoiL3N0YXJrL3dlYi9jdXN0b21lci9wcml2L2xpc3QvIn0sIndlYl9wYXltZW50cmVjb3JkX2xpc3QiOnsiaWQiOjM1LCJ0aXRsZSI6Ilx1N2YzNFx1OGQzOVx1OGJiMFx1NWY1NVx1NTIxN1x1ODg2OCIsInVybCI6Ii9zdGFyay93ZWIvcGF5bWVudHJlY29yZC9saXN0Lyg/UDxjdXN0b21lcl9pZD5cXGQrKS8iLCJwaWQiOjI3LCJwX3RpdGxlIjoiXHU3OWMxXHU2MjM3XHU1MjE3XHU4ODY4IiwicF91cmwiOiIvc3Rhcmsvd2ViL2N1c3RvbWVyL3ByaXYvbGlzdC8ifSwid2ViX3BheW1lbnRyZWNvcmRfYWRkIjp7ImlkIjozNiwidGl0bGUiOiJcdTZkZmJcdTUyYTBcdTdmMzRcdThkMzlcdThiYjBcdTVmNTUiLCJ1cmwiOiIvc3Rhcmsvd2ViL3BheW1lbnRyZWNvcmQvYWRkLyg/UDxjdXN0b21lcl9pZD5cXGQrKS8iLCJwaWQiOjI3LCJwX3RpdGxlIjoiXHU3OWMxXHU2MjM3XHU1MjE3XHU4ODY4IiwicF91cmwiOiIvc3Rhcmsvd2ViL2N1c3RvbWVyL3ByaXYvbGlzdC8ifSwid2ViX3N0dWRlbnRfY2hhbmdlIjp7ImlkIjozOSwidGl0bGUiOiJcdTRmZWVcdTY1MzlcdTViNjZcdTc1MWZcdTRmZTFcdTYwNmYiLCJ1cmwiOiIvc3Rhcmsvd2ViL3N0dWRlbnQvY2hhbmdlLyg/UDxwaz5cXGQrKS8iLCJwaWQiOjM4LCJwX3RpdGxlIjoiXHU1YjY2XHU3NTFmXHU1MjE3XHU4ODY4IiwicF91cmwiOiIvc3Rhcmsvd2ViL3N0dWRlbnQvbGlzdC8ifSwid2ViX3Njb3JlcmVjb3JkX2xpc3QiOnsiaWQiOjQwLCJ0aXRsZSI6Ilx1NzllZlx1NTIwNlx1NTIxN1x1ODg2OCIsInVybCI6Ii9zdGFyay93ZWIvc2NvcmVyZWNvcmQvbGlzdC8oP1A8c3R1ZGVudF9pZD5cXGQrKS8iLCJwaWQiOjM4LCJwX3RpdGxlIjoiXHU1YjY2XHU3NTFmXHU1MjE3XHU4ODY4IiwicF91cmwiOiIvc3Rhcmsvd2ViL3N0dWRlbnQvbGlzdC8ifSwid2ViX3Njb3JlcmVjb3JkX2FkZCI6eyJpZCI6NDEsInRpdGxlIjoiXHU2ZGZiXHU1MmEwXHU3OWVmXHU1MjA2XHU4YmIwXHU1ZjU1IiwidXJsIjoiL3N0YXJrL3dlYi9zY29yZXJlY29yZC9hZGQvKD9QPHN0dWRlbnRfaWQ+XFxkKykvIiwicGlkIjozOCwicF90aXRsZSI6Ilx1NWI2Nlx1NzUxZlx1NTIxN1x1ODg2OCIsInBfdXJsIjoiL3N0YXJrL3dlYi9zdHVkZW50L2xpc3QvIn0sIndlYl9jb3Vyc2VyZWNvcmRfbGlzdCI6eyJpZCI6NDIsInRpdGxlIjoiXHU0ZTBhXHU4YmZlXHU4YmIwXHU1ZjU1XHU1MjE3XHU4ODY4IiwidXJsIjoiL3N0YXJrL3dlYi9jb3Vyc2VyZWNvcmQvbGlzdC8oP1A8Y2xhc3NfaWQ+XFxkKykvIiwicGlkIjoxOCwicF90aXRsZSI6Ilx1NzNlZFx1N2VhN1x1NTIxN1x1ODg2OCIsInBfdXJsIjoiL3N0YXJrL3dlYi9jbGFzc2xpc3QvbGlzdC8ifSwid2ViX2NvdXJzZXJlY29yZF9hZGQiOnsiaWQiOjQzLCJ0aXRsZSI6Ilx1NmRmYlx1NTJhMFx1NGUwYVx1OGJmZVx1OGJiMFx1NWY1NSIsInVybCI6Ii9zdGFyay93ZWIvY291cnNlcmVjb3JkL2FkZC8oP1A8Y2xhc3NfaWQ+XFxkKykvIiwicGlkIjoxOCwicF90aXRsZSI6Ilx1NzNlZFx1N2VhN1x1NTIxN1x1ODg2OCIsInBfdXJsIjoiL3N0YXJrL3dlYi9jbGFzc2xpc3QvbGlzdC8ifSwid2ViX2NvdXJzZXJlY29yZF9jaGFuZ2UiOnsiaWQiOjQ0LCJ0aXRsZSI6Ilx1NGZlZVx1NjUzOVx1NGUwYVx1OGJmZVx1OGJiMFx1NWY1NSIsInVybCI6Ii9zdGFyay93ZWIvY291cnNlcmVjb3JkL2NoYW5nZS8oP1A8Y2xhc3NfaWQ+XFxkKykvKD9QPHBrPlxcZCspLyIsInBpZCI6MTgsInBfdGl0bGUiOiJcdTczZWRcdTdlYTdcdTUyMTdcdTg4NjgiLCJwX3VybCI6Ii9zdGFyay93ZWIvY2xhc3NsaXN0L2xpc3QvIn0sIndlYl9jb3Vyc2VyZWNvcmRfZGVsZXRlIjp7ImlkIjo0NSwidGl0bGUiOiJcdTUyMjBcdTk2NjRcdTRlMGFcdThiZmVcdThiYjBcdTVmNTUiLCJ1cmwiOiIvc3Rhcmsvd2ViL2NvdXJzZXJlY29yZC9kZWxldGUvKD9QPGNsYXNzX2lkPlxcZCspLyg/UDxwaz5cXGQrKS8iLCJwaWQiOjE4LCJwX3RpdGxlIjoiXHU3M2VkXHU3ZWE3XHU1MjE3XHU4ODY4IiwicF91cmwiOiIvc3Rhcmsvd2ViL2NsYXNzbGlzdC9saXN0LyJ9LCJ3ZWJfY291cnNlcmVjb3JkX2F0dGVuZGFuY2UiOnsiaWQiOjQ2LCJ0aXRsZSI6Ilx1ODAwM1x1NTJlNFx1N2JhMVx1NzQwNiIsInVybCI6Ii9zdGFyay93ZWIvY291cnNlcmVjb3JkL2F0dGVuZGFuY2UvKD9QPGNvdXJzZV9yZWNvcmRfaWQ+XFxkKykvIiwicGlkIjoxOCwicF90aXRsZSI6Ilx1NzNlZFx1N2VhN1x1NTIxN1x1ODg2OCIsInBfdXJsIjoiL3N0YXJrL3dlYi9jbGFzc2xpc3QvbGlzdC8ifSwicmJhYzpyb2xlX2FkZCI6eyJpZCI6NDgsInRpdGxlIjoiXHU2ZGZiXHU1MmEwXHU4OWQyXHU4MjcyIiwidXJsIjoiL3JiYWMvcm9sZS9hZGQvIiwicGlkIjo0NywicF90aXRsZSI6Ilx1ODlkMlx1ODI3Mlx1NTIxN1x1ODg2OCIsInBfdXJsIjoiL3JiYWMvcm9sZS9saXN0LyJ9LCJyYmFjOnJvbGVfZWRpdCI6eyJpZCI6NDksInRpdGxlIjoiXHU0ZmVlXHU2NTM5XHU4OWQyXHU4MjcyIiwidXJsIjoiL3JiYWMvcm9sZS9lZGl0Lyg/UDxwaz5cXGQrKS8iLCJwaWQiOjQ3LCJwX3RpdGxlIjoiXHU4OWQyXHU4MjcyXHU1MjE3XHU4ODY4IiwicF91cmwiOiIvcmJhYy9yb2xlL2xpc3QvIn0sInJiYWM6cm9sZV9kZWwiOnsiaWQiOjUwLCJ0aXRsZSI6Ilx1NTIyMFx1OTY2NFx1ODlkMlx1ODI3MiIsInVybCI6Ii9yYmFjL3JvbGUvZGVsLyg/UDxwaz5cXGQrKS8iLCJwaWQiOjQ3LCJwX3RpdGxlIjoiXHU4OWQyXHU4MjcyXHU1MjE3XHU4ODY4IiwicF91cmwiOiIvcmJhYy9yb2xlL2xpc3QvIn0sInJiYWM6bWVudV9hZGQiOnsiaWQiOjUyLCJ0aXRsZSI6Ilx1NmRmYlx1NTJhMFx1ODNkY1x1NTM1NSIsInVybCI6Ii9yYmFjL21lbnUvYWRkLyIsInBpZCI6NTEsInBfdGl0bGUiOiJcdTgzZGNcdTUzNTVcdTUyMTdcdTg4NjgiLCJwX3VybCI6Ii9yYmFjL21lbnUvbGlzdC8ifSwicmJhYzptZW51X2VkaXQiOnsiaWQiOjUzLCJ0aXRsZSI6Ilx1NGZlZVx1NjUzOVx1ODNkY1x1NTM1NSIsInVybCI6Ii9yYmFjL21lbnUvZWRpdC8oP1A8cGs+XFxkKykvIiwicGlkIjo1MSwicF90aXRsZSI6Ilx1ODNkY1x1NTM1NVx1NTIxN1x1ODg2OCIsInBfdXJsIjoiL3JiYWMvbWVudS9saXN0LyJ9LCJyYmFjOm1lbnVfZGVsIjp7ImlkIjo1NCwidGl0bGUiOiJcdTUyMjBcdTk2NjRcdTgzZGNcdTUzNTUiLCJ1cmwiOiIvcmJhYy9tZW51L2RlbC8oP1A8cGs+XFxkKykvIiwicGlkIjo1MSwicF90aXRsZSI6Ilx1ODNkY1x1NTM1NVx1NTIxN1x1ODg2OCIsInBfdXJsIjoiL3JiYWMvbWVudS9saXN0LyJ9LCJyYmFjOnNlY29uZF9tZW51X2FkZCI6eyJpZCI6NTUsInRpdGxlIjoiXHU2ZGZiXHU1MmEwXHU0ZThjXHU3ZWE3XHU4M2RjXHU1MzU1IiwidXJsIjoiL3JiYWMvc2Vjb25kL21lbnUvYWRkLyg/UDxtZW51X2lkPlxcZCspLyIsInBpZCI6NTEsInBfdGl0bGUiOiJcdTgzZGNcdTUzNTVcdTUyMTdcdTg4NjgiLCJwX3VybCI6Ii9yYmFjL21lbnUvbGlzdC8ifSwicmJhYzpzZWNvbmRfbWVudV9lZGl0Ijp7ImlkIjo1NiwidGl0bGUiOiJcdTRmZWVcdTY1MzlcdTRlOGNcdTdlYTdcdTgzZGNcdTUzNTUiLCJ1cmwiOiIvcmJhYy9zZWNvbmQvbWVudS9lZGl0Lyg/UDxwaz5cXGQrKS8iLCJwaWQiOjUxLCJwX3RpdGxlIjoiXHU4M2RjXHU1MzU1XHU1MjE3XHU4ODY4IiwicF91cmwiOiIvcmJhYy9tZW51L2xpc3QvIn0sInJiYWM6c2Vjb25kX21lbnVfZGVsIjp7ImlkIjo1NywidGl0bGUiOiJcdTUyMjBcdTk2NjRcdTRlOGNcdTdlYTdcdTgzZGNcdTUzNTUiLCJ1cmwiOiIvcmJhYy9zZWNvbmQvbWVudS9kZWwvKD9QPHBrPlxcZCspLyIsInBpZCI6NTEsInBfdGl0bGUiOiJcdTgzZGNcdTUzNTVcdTUyMTdcdTg4NjgiLCJwX3VybCI6Ii9yYmFjL21lbnUvbGlzdC8ifSwicmJhYzpwZXJtaXNzaW9uX2FkZCI6eyJpZCI6NTgsInRpdGxlIjoiXHU2ZGZiXHU1MmEwXHU2NzQzXHU5NjUwIiwidXJsIjoiL3JiYWMvcGVybWlzc2lvbi9hZGQvKD9QPHNlY29uZF9tZW51X2lkPlxcZCspLyIsInBpZCI6NTEsInBfdGl0bGUiOiJcdTgzZGNcdTUzNTVcdTUyMTdcdTg4NjgiLCJwX3VybCI6Ii9yYmFjL21lbnUvbGlzdC8ifSwicmJhYzpwZXJtaXNzaW9uX2VkaXQiOnsiaWQiOjU5LCJ0aXRsZSI6Ilx1NGZlZVx1NjUzOVx1Njc0M1x1OTY1MCIsInVybCI6Ii9yYmFjL3Blcm1pc3Npb24vZWRpdC8oP1A8cGs+XFxkKykvIiwicGlkIjo1MSwicF90aXRsZSI6Ilx1ODNkY1x1NTM1NVx1NTIxN1x1ODg2OCIsInBfdXJsIjoiL3JiYWMvbWVudS9saXN0LyJ9LCJyYmFjOnBlcm1pc3Npb25fZGVsIjp7ImlkIjo2MCwidGl0bGUiOiJcdTUyMjBcdTk2NjRcdTY3NDNcdTk2NTAiLCJ1cmwiOiIvcmJhYy9wZXJtaXNzaW9uL2RlbC8oP1A8cGs+XFxkKykvIiwicGlkIjo1MSwicF90aXRsZSI6Ilx1ODNkY1x1NTM1NVx1NTIxN1x1ODg2OCIsInBfdXJsIjoiL3JiYWMvbWVudS9saXN0LyJ9LCJyYmFjOm11bHRpX3Blcm1pc3Npb25zIjp7ImlkIjo2MSwidGl0bGUiOiJcdTYyNzlcdTkxY2ZcdTY0Y2RcdTRmNWNcdTY3NDNcdTk2NTAiLCJ1cmwiOiIvcmJhYy9tdWx0aS9wZXJtaXNzaW9ucy8iLCJwaWQiOjUxLCJwX3RpdGxlIjoiXHU4M2RjXHU1MzU1XHU1MjE3XHU4ODY4IiwicF91cmwiOiIvcmJhYy9tZW51L2xpc3QvIn0sInJiYWM6bXVsdGlfcGVybWlzc2lvbnNfZGVsIjp7ImlkIjo2MiwidGl0bGUiOiJcdTYyNzlcdTkxY2ZcdTUyMjBcdTk2NjRcdTY3NDNcdTk2NTAiLCJ1cmwiOiIvcmJhYy9tdWx0aS9wZXJtaXNzaW9ucy9kZWwvKD9QPHBrPlxcZCspLyIsInBpZCI6NTEsInBfdGl0bGUiOiJcdTgzZGNcdTUzNTVcdTUyMTdcdTg4NjgiLCJwX3VybCI6Ii9yYmFjL21lbnUvbGlzdC8ifX0sInVzZXJfaW5mbyI6eyJpZCI6MTAsIm5pY2tuYW1lIjoiXHU1ZjIwXHU1NzY0In19', '2019-12-12 17:15:42.930969');
INSERT INTO `django_session` VALUES ('1cqrzzqt4gx74c8ef6uxcl7x26t33a4s', 'M2VhYmMxMGYzMGM3MWI1NjQ1YzAwNzhmY2RiYWIzM2IwMjgxMGE5NDp7ImNvbXBhbnlfbWVudV9saXN0X2tleSI6eyIxIjp7InRpdGxlIjoiXHU0ZjAxXHU0ZTFhXHU0ZmUxXHU2MDZmIiwiaWNvbiI6ImZhIGZhLWJ1aWxkaW5nIiwiY2hpbGRyZW4iOlt7ImlkIjoxLCJ0aXRsZSI6Ilx1NjgyMVx1NTMzYVx1NTIxN1x1ODg2OCIsInVybCI6Ii9zdGFyay93ZWIvc2Nob29sL2xpc3QvIn0seyJpZCI6NSwidGl0bGUiOiJcdTkwZThcdTk1ZThcdTUyMTdcdTg4NjgiLCJ1cmwiOiIvc3Rhcmsvd2ViL2RlcGFydG1lbnQvbGlzdC8ifSx7ImlkIjoxNCwidGl0bGUiOiJcdThiZmVcdTdhMGJcdTUyMTdcdTg4NjgiLCJ1cmwiOiIvc3Rhcmsvd2ViL2NvdXJzZS9saXN0LyJ9LHsiaWQiOjE4LCJ0aXRsZSI6Ilx1NzNlZFx1N2VhN1x1NTIxN1x1ODg2OCIsInVybCI6Ii9zdGFyay93ZWIvY2xhc3NsaXN0L2xpc3QvIn1dfSwiMiI6eyJ0aXRsZSI6Ilx1NjNhNVx1NTNlM0FQSSIsImljb24iOiJmYSBmYS1tb2R4IiwiY2hpbGRyZW4iOlt7ImlkIjoyMiwidGl0bGUiOiJcdTUxNmNcdTYyMzdcdTUyMTdcdTg4NjgiLCJ1cmwiOiIvc3Rhcmsvd2ViL2N1c3RvbWVyL3B1Yi9saXN0LyJ9LHsiaWQiOjI3LCJ0aXRsZSI6Ilx1NzljMVx1NjIzN1x1NTIxN1x1ODg2ODciLCJ1cmwiOiIvc3Rhcmsvd2ViL2N1c3RvbWVyL3ByaXYvbGlzdC8ifSx7ImlkIjozNywidGl0bGUiOiJcdTViYTFcdTY4MzhcdTdmMzRcdThkMzlcdThiYjBcdTVmNTUiLCJ1cmwiOiIvc3Rhcmsvd2ViL3BheW1lbnRyZWNvcmQvY2hlY2svbGlzdC8ifV19LCIzIjp7InRpdGxlIjoiXHU2NzQzXHU5NjUwXHU3YmExXHU3NDA2IiwiaWNvbiI6ImZhIGZhLWV1ciIsImNoaWxkcmVuIjpbeyJpZCI6MzgsInRpdGxlIjoiXHU1YjY2XHU3NTFmXHU1MjE3XHU4ODY4IiwidXJsIjoiL3N0YXJrL3dlYi9zdHVkZW50L2xpc3QvIn1dfSwiNCI6eyJ0aXRsZSI6Ilx1ODNkY1x1NTM1NVx1N2JhMVx1NzQwNiIsImljb24iOiJmYSBmYS13cGV4cGxvcmVyIiwiY2hpbGRyZW4iOlt7ImlkIjo5LCJ0aXRsZSI6Ilx1NzUyOFx1NjIzN1x1NTIxN1x1ODg2OCIsInVybCI6Ii9zdGFyay93ZWIvdXNlcmluZm8vbGlzdC8ifSx7ImlkIjo0NywidGl0bGUiOiJcdTg5ZDJcdTgyNzJcdTUyMTdcdTg4NjgiLCJ1cmwiOiIvcmJhYy9yb2xlL2xpc3QvIn0seyJpZCI6NTEsInRpdGxlIjoiXHU4M2RjXHU1MzU1XHU1MjE3XHU4ODY4IiwidXJsIjoiL3JiYWMvbWVudS9saXN0LyJ9LHsiaWQiOjYzLCJ0aXRsZSI6Ilx1NTIwNlx1OTE0ZFx1Njc0M1x1OTY1MCIsInVybCI6Ii9yYmFjL2Rpc3RyaWJ1dGUvcGVybWlzc2lvbnMvIn1dfX0sImNvbXBhbnlfcGVybWlzc2lvbl91cmxfbGlzdF9rZXkiOnsid2ViX3NjaG9vbF9saXN0Ijp7ImlkIjoxLCJ0aXRsZSI6Ilx1NjgyMVx1NTMzYVx1NTIxN1x1ODg2OCIsInVybCI6Ii9zdGFyay93ZWIvc2Nob29sL2xpc3QvIiwicGlkIjpudWxsLCJwX3RpdGxlIjpudWxsLCJwX3VybCI6bnVsbH0sIndlYl9kZXBhcnRtZW50X2xpc3QiOnsiaWQiOjUsInRpdGxlIjoiXHU5MGU4XHU5NWU4XHU1MjE3XHU4ODY4IiwidXJsIjoiL3N0YXJrL3dlYi9kZXBhcnRtZW50L2xpc3QvIiwicGlkIjpudWxsLCJwX3RpdGxlIjpudWxsLCJwX3VybCI6bnVsbH0sIndlYl9jb3Vyc2VfbGlzdCI6eyJpZCI6MTQsInRpdGxlIjoiXHU4YmZlXHU3YTBiXHU1MjE3XHU4ODY4IiwidXJsIjoiL3N0YXJrL3dlYi9jb3Vyc2UvbGlzdC8iLCJwaWQiOm51bGwsInBfdGl0bGUiOm51bGwsInBfdXJsIjpudWxsfSwid2ViX2NsYXNzbGlzdF9saXN0Ijp7ImlkIjoxOCwidGl0bGUiOiJcdTczZWRcdTdlYTdcdTUyMTdcdTg4NjgiLCJ1cmwiOiIvc3Rhcmsvd2ViL2NsYXNzbGlzdC9saXN0LyIsInBpZCI6bnVsbCwicF90aXRsZSI6bnVsbCwicF91cmwiOm51bGx9LCJ3ZWJfY3VzdG9tZXJfcHViX2xpc3QiOnsiaWQiOjIyLCJ0aXRsZSI6Ilx1NTE2Y1x1NjIzN1x1NTIxN1x1ODg2OCIsInVybCI6Ii9zdGFyay93ZWIvY3VzdG9tZXIvcHViL2xpc3QvIiwicGlkIjpudWxsLCJwX3RpdGxlIjpudWxsLCJwX3VybCI6bnVsbH0sIndlYl9jdXN0b21lcl9wcml2X2xpc3QiOnsiaWQiOjI3LCJ0aXRsZSI6Ilx1NzljMVx1NjIzN1x1NTIxN1x1ODg2ODciLCJ1cmwiOiIvc3Rhcmsvd2ViL2N1c3RvbWVyL3ByaXYvbGlzdC8iLCJwaWQiOm51bGwsInBfdGl0bGUiOm51bGwsInBfdXJsIjpudWxsfSwid2ViX3BheW1lbnRyZWNvcmRfY2hlY2tfbGlzdCI6eyJpZCI6MzcsInRpdGxlIjoiXHU1YmExXHU2ODM4XHU3ZjM0XHU4ZDM5XHU4YmIwXHU1ZjU1IiwidXJsIjoiL3N0YXJrL3dlYi9wYXltZW50cmVjb3JkL2NoZWNrL2xpc3QvIiwicGlkIjpudWxsLCJwX3RpdGxlIjpudWxsLCJwX3VybCI6bnVsbH0sIndlYl9zdHVkZW50X2xpc3QiOnsiaWQiOjM4LCJ0aXRsZSI6Ilx1NWI2Nlx1NzUxZlx1NTIxN1x1ODg2OCIsInVybCI6Ii9zdGFyay93ZWIvc3R1ZGVudC9saXN0LyIsInBpZCI6bnVsbCwicF90aXRsZSI6bnVsbCwicF91cmwiOm51bGx9LCJ3ZWJfdXNlcmluZm9fbGlzdCI6eyJpZCI6OSwidGl0bGUiOiJcdTc1MjhcdTYyMzdcdTUyMTdcdTg4NjgiLCJ1cmwiOiIvc3Rhcmsvd2ViL3VzZXJpbmZvL2xpc3QvIiwicGlkIjpudWxsLCJwX3RpdGxlIjpudWxsLCJwX3VybCI6bnVsbH0sInJiYWM6cm9sZV9saXN0Ijp7ImlkIjo0NywidGl0bGUiOiJcdTg5ZDJcdTgyNzJcdTUyMTdcdTg4NjgiLCJ1cmwiOiIvcmJhYy9yb2xlL2xpc3QvIiwicGlkIjpudWxsLCJwX3RpdGxlIjpudWxsLCJwX3VybCI6bnVsbH0sInJiYWM6bWVudV9saXN0Ijp7ImlkIjo1MSwidGl0bGUiOiJcdTgzZGNcdTUzNTVcdTUyMTdcdTg4NjgiLCJ1cmwiOiIvcmJhYy9tZW51L2xpc3QvIiwicGlkIjpudWxsLCJwX3RpdGxlIjpudWxsLCJwX3VybCI6bnVsbH0sInJiYWM6ZGlzdHJpYnV0ZV9wZXJtaXNzaW9ucyI6eyJpZCI6NjMsInRpdGxlIjoiXHU1MjA2XHU5MTRkXHU2NzQzXHU5NjUwIiwidXJsIjoiL3JiYWMvZGlzdHJpYnV0ZS9wZXJtaXNzaW9ucy8iLCJwaWQiOm51bGwsInBfdGl0bGUiOm51bGwsInBfdXJsIjpudWxsfSwid2ViX3NjaG9vbF9hZGQiOnsiaWQiOjIsInRpdGxlIjoiXHU2ZGZiXHU1MmEwXHU2ODIxXHU1MzNhIiwidXJsIjoiL3N0YXJrL3dlYi9zY2hvb2wvYWRkLyIsInBpZCI6MSwicF90aXRsZSI6Ilx1NjgyMVx1NTMzYVx1NTIxN1x1ODg2OCIsInBfdXJsIjoiL3N0YXJrL3dlYi9zY2hvb2wvbGlzdC8ifSwid2ViX3NjaG9vbF9jaGFuZ2UiOnsiaWQiOjMsInRpdGxlIjoiXHU0ZmVlXHU2NTM5XHU2ODIxXHU1MzNhIiwidXJsIjoiL3N0YXJrL3dlYi9zY2hvb2wvY2hhbmdlLyg/UDxwaz5cXGQrKS8iLCJwaWQiOjEsInBfdGl0bGUiOiJcdTY4MjFcdTUzM2FcdTUyMTdcdTg4NjgiLCJwX3VybCI6Ii9zdGFyay93ZWIvc2Nob29sL2xpc3QvIn0sIndlYl9zY2hvb2xfZGVsZXRlIjp7ImlkIjo0LCJ0aXRsZSI6Ilx1NTIyMFx1OTY2NFx1NjgyMVx1NTMzYSIsInVybCI6Ii9zdGFyay93ZWIvc2Nob29sL2RlbGV0ZS8oP1A8cGs+XFxkKykvIiwicGlkIjoxLCJwX3RpdGxlIjoiXHU2ODIxXHU1MzNhXHU1MjE3XHU4ODY4IiwicF91cmwiOiIvc3Rhcmsvd2ViL3NjaG9vbC9saXN0LyJ9LCJ3ZWJfZGVwYXJ0bWVudF9hZGQiOnsiaWQiOjYsInRpdGxlIjoiXHU2ZGZiXHU1MmEwXHU5MGU4XHU5NWU4IiwidXJsIjoiL3N0YXJrL3dlYi9kZXBhcnRtZW50L2FkZC8iLCJwaWQiOjUsInBfdGl0bGUiOiJcdTkwZThcdTk1ZThcdTUyMTdcdTg4NjgiLCJwX3VybCI6Ii9zdGFyay93ZWIvZGVwYXJ0bWVudC9saXN0LyJ9LCJ3ZWJfZGVwYXJ0bWVudF9jaGFuZ2UiOnsiaWQiOjcsInRpdGxlIjoiXHU0ZmVlXHU2NTM5XHU5MGU4XHU5NWU4IiwidXJsIjoiL3N0YXJrL3dlYi9kZXBhcnRtZW50L2NoYW5nZS8oP1A8cGs+XFxkKykvIiwicGlkIjo1LCJwX3RpdGxlIjoiXHU5MGU4XHU5NWU4XHU1MjE3XHU4ODY4IiwicF91cmwiOiIvc3Rhcmsvd2ViL2RlcGFydG1lbnQvbGlzdC8ifSwid2ViX2RlcGFydG1lbnRfZGVsZXRlIjp7ImlkIjo4LCJ0aXRsZSI6Ilx1NTIyMFx1OTY2NFx1OTBlOFx1OTVlOCIsInVybCI6Ii9zdGFyay93ZWIvZGVwYXJ0bWVudC9kZWxldGUvKD9QPHBrPlxcZCspLyIsInBpZCI6NSwicF90aXRsZSI6Ilx1OTBlOFx1OTVlOFx1NTIxN1x1ODg2OCIsInBfdXJsIjoiL3N0YXJrL3dlYi9kZXBhcnRtZW50L2xpc3QvIn0sIndlYl91c2VyaW5mb19hZGQiOnsiaWQiOjEwLCJ0aXRsZSI6Ilx1NmRmYlx1NTJhMFx1NzUyOFx1NjIzNyIsInVybCI6Ii9zdGFyay93ZWIvdXNlcmluZm8vYWRkLyIsInBpZCI6OSwicF90aXRsZSI6Ilx1NzUyOFx1NjIzN1x1NTIxN1x1ODg2OCIsInBfdXJsIjoiL3N0YXJrL3dlYi91c2VyaW5mby9saXN0LyJ9LCJ3ZWJfdXNlcmluZm9fY2hhbmdlIjp7ImlkIjoxMSwidGl0bGUiOiJcdTRmZWVcdTY1MzlcdTc1MjhcdTYyMzciLCJ1cmwiOiIvc3Rhcmsvd2ViL3VzZXJpbmZvL2NoYW5nZS8oP1A8cGs+XFxkKykvIiwicGlkIjo5LCJwX3RpdGxlIjoiXHU3NTI4XHU2MjM3XHU1MjE3XHU4ODY4IiwicF91cmwiOiIvc3Rhcmsvd2ViL3VzZXJpbmZvL2xpc3QvIn0sIndlYl91c2VyaW5mb19kZWxldGUiOnsiaWQiOjEyLCJ0aXRsZSI6Ilx1NTIyMFx1OTY2NFx1NzUyOFx1NjIzNyIsInVybCI6Ii9zdGFyay93ZWIvdXNlcmluZm8vZGVsZXRlLyg/UDxwaz5cXGQrKS8iLCJwaWQiOjksInBfdGl0bGUiOiJcdTc1MjhcdTYyMzdcdTUyMTdcdTg4NjgiLCJwX3VybCI6Ii9zdGFyay93ZWIvdXNlcmluZm8vbGlzdC8ifSwid2ViX3VzZXJpbmZvX3Jlc3RfcHdkIjp7ImlkIjoxMywidGl0bGUiOiJcdTkxY2RcdTdmNmVcdTViYzZcdTc4MDEiLCJ1cmwiOiIvc3Rhcmsvd2ViL3VzZXJpbmZvL3Jlc2V0L3Bhc3N3b3JkLyg/UDxwaz5cXGQrKSIsInBpZCI6OSwicF90aXRsZSI6Ilx1NzUyOFx1NjIzN1x1NTIxN1x1ODg2OCIsInBfdXJsIjoiL3N0YXJrL3dlYi91c2VyaW5mby9saXN0LyJ9LCJ3ZWJfY291cnNlX2FkZCI6eyJpZCI6MTUsInRpdGxlIjoiXHU2ZGZiXHU1MmEwXHU4YmZlXHU3YTBiIiwidXJsIjoiL3N0YXJrL3dlYi9jb3Vyc2UvYWRkLyIsInBpZCI6MTQsInBfdGl0bGUiOiJcdThiZmVcdTdhMGJcdTUyMTdcdTg4NjgiLCJwX3VybCI6Ii9zdGFyay93ZWIvY291cnNlL2xpc3QvIn0sIndlYl9jb3Vyc2VfY2hhbmdlIjp7ImlkIjoxNiwidGl0bGUiOiJcdTRmZWVcdTY1MzlcdThiZmVcdTdhMGIiLCJ1cmwiOiIvc3Rhcmsvd2ViL2NvdXJzZS9jaGFuZ2UvKD9QPHBrPlxcZCspLyIsInBpZCI6MTQsInBfdGl0bGUiOiJcdThiZmVcdTdhMGJcdTUyMTdcdTg4NjgiLCJwX3VybCI6Ii9zdGFyay93ZWIvY291cnNlL2xpc3QvIn0sIndlYl9jb3Vyc2VfZGVsZXRlIjp7ImlkIjoxNywidGl0bGUiOiJcdTUyMjBcdTk2NjRcdThiZmVcdTdhMGIiLCJ1cmwiOiIvc3Rhcmsvd2ViL2NvdXJzZS9kZWxldGUvKD9QPHBrPlxcZCspLyIsInBpZCI6MTQsInBfdGl0bGUiOiJcdThiZmVcdTdhMGJcdTUyMTdcdTg4NjgiLCJwX3VybCI6Ii9zdGFyay93ZWIvY291cnNlL2xpc3QvIn0sIndlYl9jbGFzc2xpc3RfYWRkIjp7ImlkIjoxOSwidGl0bGUiOiJcdTZkZmJcdTUyYTBcdTczZWRcdTdlYTciLCJ1cmwiOiIvc3Rhcmsvd2ViL2NsYXNzbGlzdC9hZGQvIiwicGlkIjoxOCwicF90aXRsZSI6Ilx1NzNlZFx1N2VhN1x1NTIxN1x1ODg2OCIsInBfdXJsIjoiL3N0YXJrL3dlYi9jbGFzc2xpc3QvbGlzdC8ifSwid2ViX2NsYXNzbGlzdF9jaGFuZ2UiOnsiaWQiOjIwLCJ0aXRsZSI6Ilx1NGZlZVx1NjUzOVx1NzNlZFx1N2VhNyIsInVybCI6Ii9zdGFyay93ZWIvY2xhc3NsaXN0L2NoYW5nZS8oP1A8cGs+XFxkKykvIiwicGlkIjoxOCwicF90aXRsZSI6Ilx1NzNlZFx1N2VhN1x1NTIxN1x1ODg2OCIsInBfdXJsIjoiL3N0YXJrL3dlYi9jbGFzc2xpc3QvbGlzdC8ifSwid2ViX2NsYXNzbGlzdF9kZWxldGUiOnsiaWQiOjIxLCJ0aXRsZSI6Ilx1NTIyMFx1OTY2NFx1NzNlZFx1N2VhNyIsInVybCI6Ii9zdGFyay93ZWIvY2xhc3NsaXN0L2RlbGV0ZS8oP1A8cGs+XFxkKykvIiwicGlkIjoxOCwicF90aXRsZSI6Ilx1NzNlZFx1N2VhN1x1NTIxN1x1ODg2OCIsInBfdXJsIjoiL3N0YXJrL3dlYi9jbGFzc2xpc3QvbGlzdC8ifSwid2ViX2N1c3RvbWVyX3B1Yl9hZGQiOnsiaWQiOjIzLCJ0aXRsZSI6Ilx1NmRmYlx1NTJhMFx1NTE2Y1x1NjIzNyIsInVybCI6Ii9zdGFyay93ZWIvY3VzdG9tZXIvcHViL2FkZC8iLCJwaWQiOjIyLCJwX3RpdGxlIjoiXHU1MTZjXHU2MjM3XHU1MjE3XHU4ODY4IiwicF91cmwiOiIvc3Rhcmsvd2ViL2N1c3RvbWVyL3B1Yi9saXN0LyJ9LCJ3ZWJfY3VzdG9tZXJfcHViX2NoYW5nZSI6eyJpZCI6MjQsInRpdGxlIjoiXHU0ZmVlXHU2NTM5XHU1MTZjXHU2MjM3IiwidXJsIjoiL3N0YXJrL3dlYi9jdXN0b21lci9wdWIvY2hhbmdlLyg/UDxwaz5cXGQrKS8iLCJwaWQiOjIyLCJwX3RpdGxlIjoiXHU1MTZjXHU2MjM3XHU1MjE3XHU4ODY4IiwicF91cmwiOiIvc3Rhcmsvd2ViL2N1c3RvbWVyL3B1Yi9saXN0LyJ9LCJ3ZWJfY3VzdG9tZXJfcHViX2RlbGV0ZSI6eyJpZCI6MjUsInRpdGxlIjoiXHU1MjIwXHU5NjY0XHU1MTZjXHU2MjM3IiwidXJsIjoiL3N0YXJrL3dlYi9jdXN0b21lci9wdWIvZGVsZXRlLyg/UDxwaz5cXGQrKS8iLCJwaWQiOjIyLCJwX3RpdGxlIjoiXHU1MTZjXHU2MjM3XHU1MjE3XHU4ODY4IiwicF91cmwiOiIvc3Rhcmsvd2ViL2N1c3RvbWVyL3B1Yi9saXN0LyJ9LCJ3ZWJfY3VzdG9tZXJfcHViX3JlY29yZF92aWV3Ijp7ImlkIjoyNiwidGl0bGUiOiJcdTY3ZTVcdTc3MGJcdTUxNmNcdTYyMzdcdThkZGZcdThmZGJcdThiYjBcdTVmNTUiLCJ1cmwiOiIvc3Rhcmsvd2ViL2N1c3RvbWVyL3B1Yi9yZWNvcmQvKD9QPHBrPlxcZCspIiwicGlkIjoyMiwicF90aXRsZSI6Ilx1NTE2Y1x1NjIzN1x1NTIxN1x1ODg2OCIsInBfdXJsIjoiL3N0YXJrL3dlYi9jdXN0b21lci9wdWIvbGlzdC8ifSwid2ViX2N1c3RvbWVyX3ByaXZfYWRkIjp7ImlkIjoyOCwidGl0bGUiOiJcdTZkZmJcdTUyYTBcdTYyMTFcdTc2ODRcdTViYTJcdTYyMzciLCJ1cmwiOiIvc3Rhcmsvd2ViL2N1c3RvbWVyL3ByaXYvYWRkLyIsInBpZCI6MjcsInBfdGl0bGUiOiJcdTc5YzFcdTYyMzdcdTUyMTdcdTg4Njg3IiwicF91cmwiOiIvc3Rhcmsvd2ViL2N1c3RvbWVyL3ByaXYvbGlzdC8ifSwid2ViX2N1c3RvbWVyX3ByaXZfY2hhbmdlIjp7ImlkIjoyOSwidGl0bGUiOiJcdTRmZWVcdTY1MzlcdTYyMTFcdTc2ODRcdTViYTJcdTYyMzcxIiwidXJsIjoiL3N0YXJrL3dlYi9jdXN0b21lci9wcml2L2NoYW5nZS8oP1A8cGs+XFxkKykvIiwicGlkIjoyNywicF90aXRsZSI6Ilx1NzljMVx1NjIzN1x1NTIxN1x1ODg2ODciLCJwX3VybCI6Ii9zdGFyay93ZWIvY3VzdG9tZXIvcHJpdi9saXN0LyJ9LCJ3ZWJfY3VzdG9tZXJfcHJpdl9kZWxldGUiOnsiaWQiOjMwLCJ0aXRsZSI6Ilx1NTIyMFx1OTY2NFx1NjIxMVx1NzY4NFx1NWJhMlx1NjIzNyIsInVybCI6Ii9zdGFyay93ZWIvY3VzdG9tZXIvcHJpdi9kZWxldGUvKD9QPHBrPlxcZCspLyIsInBpZCI6MjcsInBfdGl0bGUiOiJcdTc5YzFcdTYyMzdcdTUyMTdcdTg4Njg3IiwicF91cmwiOiIvc3Rhcmsvd2ViL2N1c3RvbWVyL3ByaXYvbGlzdC8ifSwid2ViX2NvbnN1bHRyZWNvcmRfbGlzdCI6eyJpZCI6MzEsInRpdGxlIjoiXHU4ZGRmXHU4ZmRiXHU1MjE3XHU4ODY4IiwidXJsIjoiL3N0YXJrL3dlYi9jb25zdWx0cmVjb3JkL2xpc3QvKD9QPGN1c3RvbWVyX2lkPlxcZCspLyIsInBpZCI6MjcsInBfdGl0bGUiOiJcdTc5YzFcdTYyMzdcdTUyMTdcdTg4Njg3IiwicF91cmwiOiIvc3Rhcmsvd2ViL2N1c3RvbWVyL3ByaXYvbGlzdC8ifSwid2ViX2NvbnN1bHRyZWNvcmRfYWRkIjp7ImlkIjozMiwidGl0bGUiOiJcdTZkZmJcdTUyYTBcdThkZGZcdThmZGJcdThiYjBcdTVmNTUiLCJ1cmwiOiIvc3Rhcmsvd2ViL2NvbnN1bHRyZWNvcmQvYWRkLyg/UDxjdXN0b21lcl9pZD5cXGQrKS8iLCJwaWQiOjI3LCJwX3RpdGxlIjoiXHU3OWMxXHU2MjM3XHU1MjE3XHU4ODY4NyIsInBfdXJsIjoiL3N0YXJrL3dlYi9jdXN0b21lci9wcml2L2xpc3QvIn0sIndlYl9jb25zdWx0cmVjb3JkX2NoYW5nZSI6eyJpZCI6MzMsInRpdGxlIjoiXHU0ZmVlXHU2NTM5XHU4ZGRmXHU4ZmRiXHU4YmIwXHU1ZjU1IiwidXJsIjoiL3N0YXJrL3dlYi9jb25zdWx0cmVjb3JkL2NoYW5nZS8oP1A8Y3VzdG9tZXJfaWQ+XFxkKykvKD9QPHBrPlxcZCspLyIsInBpZCI6MjcsInBfdGl0bGUiOiJcdTc5YzFcdTYyMzdcdTUyMTdcdTg4Njg3IiwicF91cmwiOiIvc3Rhcmsvd2ViL2N1c3RvbWVyL3ByaXYvbGlzdC8ifSwid2ViX2NvbnN1bHRyZWNvcmRfZGVsZXRlIjp7ImlkIjozNCwidGl0bGUiOiJcdTUyMjBcdTk2NjRcdThkZGZcdThmZGJcdThiYjBcdTVmNTUiLCJ1cmwiOiIvc3Rhcmsvd2ViL2NvbnN1bHRyZWNvcmQvZGVsZXRlLyg/UDxjdXN0b21lcl9pZD5cXGQrKS8oP1A8cGs+XFxkKykvIiwicGlkIjoyNywicF90aXRsZSI6Ilx1NzljMVx1NjIzN1x1NTIxN1x1ODg2ODciLCJwX3VybCI6Ii9zdGFyay93ZWIvY3VzdG9tZXIvcHJpdi9saXN0LyJ9LCJ3ZWJfcGF5bWVudHJlY29yZF9saXN0Ijp7ImlkIjozNSwidGl0bGUiOiJcdTdmMzRcdThkMzlcdThiYjBcdTVmNTVcdTUyMTdcdTg4NjgiLCJ1cmwiOiIvc3Rhcmsvd2ViL3BheW1lbnRyZWNvcmQvbGlzdC8oP1A8Y3VzdG9tZXJfaWQ+XFxkKykvIiwicGlkIjoyNywicF90aXRsZSI6Ilx1NzljMVx1NjIzN1x1NTIxN1x1ODg2ODciLCJwX3VybCI6Ii9zdGFyay93ZWIvY3VzdG9tZXIvcHJpdi9saXN0LyJ9LCJ3ZWJfcGF5bWVudHJlY29yZF9hZGQiOnsiaWQiOjM2LCJ0aXRsZSI6Ilx1NmRmYlx1NTJhMFx1N2YzNFx1OGQzOVx1OGJiMFx1NWY1NSIsInVybCI6Ii9zdGFyay93ZWIvcGF5bWVudHJlY29yZC9hZGQvKD9QPGN1c3RvbWVyX2lkPlxcZCspLyIsInBpZCI6MjcsInBfdGl0bGUiOiJcdTc5YzFcdTYyMzdcdTUyMTdcdTg4Njg3IiwicF91cmwiOiIvc3Rhcmsvd2ViL2N1c3RvbWVyL3ByaXYvbGlzdC8ifSwid2ViX3N0dWRlbnRfY2hhbmdlIjp7ImlkIjozOSwidGl0bGUiOiJcdTRmZWVcdTY1MzlcdTViNjZcdTc1MWZcdTRmZTFcdTYwNmYiLCJ1cmwiOiIvc3Rhcmsvd2ViL3N0dWRlbnQvY2hhbmdlLyg/UDxwaz5cXGQrKS8iLCJwaWQiOjM4LCJwX3RpdGxlIjoiXHU1YjY2XHU3NTFmXHU1MjE3XHU4ODY4IiwicF91cmwiOiIvc3Rhcmsvd2ViL3N0dWRlbnQvbGlzdC8ifSwid2ViX3Njb3JlcmVjb3JkX2xpc3QiOnsiaWQiOjQwLCJ0aXRsZSI6Ilx1NzllZlx1NTIwNlx1NTIxN1x1ODg2OCIsInVybCI6Ii9zdGFyay93ZWIvc2NvcmVyZWNvcmQvbGlzdC8oP1A8c3R1ZGVudF9pZD5cXGQrKS8iLCJwaWQiOjM4LCJwX3RpdGxlIjoiXHU1YjY2XHU3NTFmXHU1MjE3XHU4ODY4IiwicF91cmwiOiIvc3Rhcmsvd2ViL3N0dWRlbnQvbGlzdC8ifSwid2ViX3Njb3JlcmVjb3JkX2FkZCI6eyJpZCI6NDEsInRpdGxlIjoiXHU2ZGZiXHU1MmEwXHU3OWVmXHU1MjA2XHU4YmIwXHU1ZjU1IiwidXJsIjoiL3N0YXJrL3dlYi9zY29yZXJlY29yZC9hZGQvKD9QPHN0dWRlbnRfaWQ+XFxkKykvIiwicGlkIjozOCwicF90aXRsZSI6Ilx1NWI2Nlx1NzUxZlx1NTIxN1x1ODg2OCIsInBfdXJsIjoiL3N0YXJrL3dlYi9zdHVkZW50L2xpc3QvIn0sIndlYl9jb3Vyc2VyZWNvcmRfbGlzdCI6eyJpZCI6NDIsInRpdGxlIjoiXHU0ZTBhXHU4YmZlXHU4YmIwXHU1ZjU1XHU1MjE3XHU4ODY4IiwidXJsIjoiL3N0YXJrL3dlYi9jb3Vyc2VyZWNvcmQvbGlzdC8oP1A8Y2xhc3NfaWQ+XFxkKykvIiwicGlkIjoxOCwicF90aXRsZSI6Ilx1NzNlZFx1N2VhN1x1NTIxN1x1ODg2OCIsInBfdXJsIjoiL3N0YXJrL3dlYi9jbGFzc2xpc3QvbGlzdC8ifSwid2ViX2NvdXJzZXJlY29yZF9hZGQiOnsiaWQiOjQzLCJ0aXRsZSI6Ilx1NmRmYlx1NTJhMFx1NGUwYVx1OGJmZVx1OGJiMFx1NWY1NSIsInVybCI6Ii9zdGFyay93ZWIvY291cnNlcmVjb3JkL2FkZC8oP1A8Y2xhc3NfaWQ+XFxkKykvIiwicGlkIjoxOCwicF90aXRsZSI6Ilx1NzNlZFx1N2VhN1x1NTIxN1x1ODg2OCIsInBfdXJsIjoiL3N0YXJrL3dlYi9jbGFzc2xpc3QvbGlzdC8ifSwid2ViX2NvdXJzZXJlY29yZF9jaGFuZ2UiOnsiaWQiOjQ0LCJ0aXRsZSI6Ilx1NGZlZVx1NjUzOVx1NGUwYVx1OGJmZVx1OGJiMFx1NWY1NSIsInVybCI6Ii9zdGFyay93ZWIvY291cnNlcmVjb3JkL2NoYW5nZS8oP1A8Y2xhc3NfaWQ+XFxkKykvKD9QPHBrPlxcZCspLyIsInBpZCI6MTgsInBfdGl0bGUiOiJcdTczZWRcdTdlYTdcdTUyMTdcdTg4NjgiLCJwX3VybCI6Ii9zdGFyay93ZWIvY2xhc3NsaXN0L2xpc3QvIn0sIndlYl9jb3Vyc2VyZWNvcmRfZGVsZXRlIjp7ImlkIjo0NSwidGl0bGUiOiJcdTUyMjBcdTk2NjRcdTRlMGFcdThiZmVcdThiYjBcdTVmNTUiLCJ1cmwiOiIvc3Rhcmsvd2ViL2NvdXJzZXJlY29yZC9kZWxldGUvKD9QPGNsYXNzX2lkPlxcZCspLyg/UDxwaz5cXGQrKS8iLCJwaWQiOjE4LCJwX3RpdGxlIjoiXHU3M2VkXHU3ZWE3XHU1MjE3XHU4ODY4IiwicF91cmwiOiIvc3Rhcmsvd2ViL2NsYXNzbGlzdC9saXN0LyJ9LCJ3ZWJfY291cnNlcmVjb3JkX2F0dGVuZGFuY2UiOnsiaWQiOjQ2LCJ0aXRsZSI6Ilx1ODAwM1x1NTJlNFx1N2JhMVx1NzQwNiIsInVybCI6Ii9zdGFyay93ZWIvY291cnNlcmVjb3JkL2F0dGVuZGFuY2UvKD9QPGNvdXJzZV9yZWNvcmRfaWQ+XFxkKykvIiwicGlkIjoxOCwicF90aXRsZSI6Ilx1NzNlZFx1N2VhN1x1NTIxN1x1ODg2OCIsInBfdXJsIjoiL3N0YXJrL3dlYi9jbGFzc2xpc3QvbGlzdC8ifSwicmJhYzpyb2xlX2FkZCI6eyJpZCI6NDgsInRpdGxlIjoiXHU2ZGZiXHU1MmEwXHU4OWQyXHU4MjcyIiwidXJsIjoiL3JiYWMvcm9sZS9hZGQvIiwicGlkIjo0NywicF90aXRsZSI6Ilx1ODlkMlx1ODI3Mlx1NTIxN1x1ODg2OCIsInBfdXJsIjoiL3JiYWMvcm9sZS9saXN0LyJ9LCJyYmFjOnJvbGVfZWRpdCI6eyJpZCI6NDksInRpdGxlIjoiXHU0ZmVlXHU2NTM5XHU4OWQyXHU4MjcyIiwidXJsIjoiL3JiYWMvcm9sZS9lZGl0Lyg/UDxwaz5cXGQrKS8iLCJwaWQiOjQ3LCJwX3RpdGxlIjoiXHU4OWQyXHU4MjcyXHU1MjE3XHU4ODY4IiwicF91cmwiOiIvcmJhYy9yb2xlL2xpc3QvIn0sInJiYWM6cm9sZV9kZWwiOnsiaWQiOjUwLCJ0aXRsZSI6Ilx1NTIyMFx1OTY2NFx1ODlkMlx1ODI3MiIsInVybCI6Ii9yYmFjL3JvbGUvZGVsLyg/UDxwaz5cXGQrKS8iLCJwaWQiOjQ3LCJwX3RpdGxlIjoiXHU4OWQyXHU4MjcyXHU1MjE3XHU4ODY4IiwicF91cmwiOiIvcmJhYy9yb2xlL2xpc3QvIn0sInJiYWM6bWVudV9hZGQiOnsiaWQiOjUyLCJ0aXRsZSI6Ilx1NmRmYlx1NTJhMFx1ODNkY1x1NTM1NSIsInVybCI6Ii9yYmFjL21lbnUvYWRkLyIsInBpZCI6NTEsInBfdGl0bGUiOiJcdTgzZGNcdTUzNTVcdTUyMTdcdTg4NjgiLCJwX3VybCI6Ii9yYmFjL21lbnUvbGlzdC8ifSwicmJhYzptZW51X2VkaXQiOnsiaWQiOjUzLCJ0aXRsZSI6Ilx1NGZlZVx1NjUzOVx1ODNkY1x1NTM1NSIsInVybCI6Ii9yYmFjL21lbnUvZWRpdC8oP1A8cGs+XFxkKykvIiwicGlkIjo1MSwicF90aXRsZSI6Ilx1ODNkY1x1NTM1NVx1NTIxN1x1ODg2OCIsInBfdXJsIjoiL3JiYWMvbWVudS9saXN0LyJ9LCJyYmFjOm1lbnVfZGVsIjp7ImlkIjo1NCwidGl0bGUiOiJcdTUyMjBcdTk2NjRcdTgzZGNcdTUzNTUiLCJ1cmwiOiIvcmJhYy9tZW51L2RlbC8oP1A8cGs+XFxkKykvIiwicGlkIjo1MSwicF90aXRsZSI6Ilx1ODNkY1x1NTM1NVx1NTIxN1x1ODg2OCIsInBfdXJsIjoiL3JiYWMvbWVudS9saXN0LyJ9LCJyYmFjOnNlY29uZF9tZW51X2FkZCI6eyJpZCI6NTUsInRpdGxlIjoiXHU2ZGZiXHU1MmEwXHU0ZThjXHU3ZWE3XHU4M2RjXHU1MzU1IiwidXJsIjoiL3JiYWMvc2Vjb25kL21lbnUvYWRkLyg/UDxtZW51X2lkPlxcZCspLyIsInBpZCI6NTEsInBfdGl0bGUiOiJcdTgzZGNcdTUzNTVcdTUyMTdcdTg4NjgiLCJwX3VybCI6Ii9yYmFjL21lbnUvbGlzdC8ifSwicmJhYzpzZWNvbmRfbWVudV9lZGl0Ijp7ImlkIjo1NiwidGl0bGUiOiJcdTRmZWVcdTY1MzlcdTRlOGNcdTdlYTdcdTgzZGNcdTUzNTUiLCJ1cmwiOiIvcmJhYy9zZWNvbmQvbWVudS9lZGl0Lyg/UDxwaz5cXGQrKS8iLCJwaWQiOjUxLCJwX3RpdGxlIjoiXHU4M2RjXHU1MzU1XHU1MjE3XHU4ODY4IiwicF91cmwiOiIvcmJhYy9tZW51L2xpc3QvIn0sInJiYWM6c2Vjb25kX21lbnVfZGVsIjp7ImlkIjo1NywidGl0bGUiOiJcdTUyMjBcdTk2NjRcdTRlOGNcdTdlYTdcdTgzZGNcdTUzNTUiLCJ1cmwiOiIvcmJhYy9zZWNvbmQvbWVudS9kZWwvKD9QPHBrPlxcZCspLyIsInBpZCI6NTEsInBfdGl0bGUiOiJcdTgzZGNcdTUzNTVcdTUyMTdcdTg4NjgiLCJwX3VybCI6Ii9yYmFjL21lbnUvbGlzdC8ifSwicmJhYzpwZXJtaXNzaW9uX2FkZCI6eyJpZCI6NTgsInRpdGxlIjoiXHU2ZGZiXHU1MmEwXHU2NzQzXHU5NjUwIiwidXJsIjoiL3JiYWMvcGVybWlzc2lvbi9hZGQvKD9QPHNlY29uZF9tZW51X2lkPlxcZCspLyIsInBpZCI6NTEsInBfdGl0bGUiOiJcdTgzZGNcdTUzNTVcdTUyMTdcdTg4NjgiLCJwX3VybCI6Ii9yYmFjL21lbnUvbGlzdC8ifSwicmJhYzpwZXJtaXNzaW9uX2VkaXQiOnsiaWQiOjU5LCJ0aXRsZSI6Ilx1NGZlZVx1NjUzOVx1Njc0M1x1OTY1MCIsInVybCI6Ii9yYmFjL3Blcm1pc3Npb24vZWRpdC8oP1A8cGs+XFxkKykvIiwicGlkIjo1MSwicF90aXRsZSI6Ilx1ODNkY1x1NTM1NVx1NTIxN1x1ODg2OCIsInBfdXJsIjoiL3JiYWMvbWVudS9saXN0LyJ9LCJyYmFjOnBlcm1pc3Npb25fZGVsIjp7ImlkIjo2MCwidGl0bGUiOiJcdTUyMjBcdTk2NjRcdTY3NDNcdTk2NTAiLCJ1cmwiOiIvcmJhYy9wZXJtaXNzaW9uL2RlbC8oP1A8cGs+XFxkKykvIiwicGlkIjo1MSwicF90aXRsZSI6Ilx1ODNkY1x1NTM1NVx1NTIxN1x1ODg2OCIsInBfdXJsIjoiL3JiYWMvbWVudS9saXN0LyJ9LCJyYmFjOm11bHRpX3Blcm1pc3Npb25zIjp7ImlkIjo2MSwidGl0bGUiOiJcdTYyNzlcdTkxY2ZcdTY0Y2RcdTRmNWNcdTY3NDNcdTk2NTAiLCJ1cmwiOiIvcmJhYy9tdWx0aS9wZXJtaXNzaW9ucy8iLCJwaWQiOjUxLCJwX3RpdGxlIjoiXHU4M2RjXHU1MzU1XHU1MjE3XHU4ODY4IiwicF91cmwiOiIvcmJhYy9tZW51L2xpc3QvIn0sInJiYWM6bXVsdGlfcGVybWlzc2lvbnNfZGVsIjp7ImlkIjo2MiwidGl0bGUiOiJcdTYyNzlcdTkxY2ZcdTUyMjBcdTk2NjRcdTY3NDNcdTk2NTAiLCJ1cmwiOiIvcmJhYy9tdWx0aS9wZXJtaXNzaW9ucy9kZWwvKD9QPHBrPlxcZCspLyIsInBpZCI6NTEsInBfdGl0bGUiOiJcdTgzZGNcdTUzNTVcdTUyMTdcdTg4NjgiLCJwX3VybCI6Ii9yYmFjL21lbnUvbGlzdC8ifX0sInVzZXJfaW5mbyI6eyJpZCI6MTAsIm5pY2tuYW1lIjoiXHU1ZjIwXHU1NzY0In19', '2019-12-19 14:00:36.313774');
INSERT INTO `django_session` VALUES ('413xc43mptmvt27hjaihyezke1pvcvqw', 'ZmI3MTBmM2Q1ZDY3ZDRmMmZjMjcxN2RhM2I4ZTY1M2E3Mjg0YmIwODp7ImNvbXBhbnlfbWVudV9saXN0X2tleSI6eyIxIjp7InRpdGxlIjoiXHU0ZjAxXHU0ZTFhXHU0ZmUxXHU2MDZmIiwiaWNvbiI6ImZhIGZhLWNsb3VkLWRvd25sb2FkIiwiY2hpbGRyZW4iOlt7ImlkIjoxLCJ0aXRsZSI6Ilx1NjgyMVx1NTMzYVx1NTIxN1x1ODg2OCIsInVybCI6Ii9zdGFyay93ZWIvc2Nob29sL2xpc3QvIn0seyJpZCI6NSwidGl0bGUiOiJcdTkwZThcdTk1ZThcdTUyMTdcdTg4NjgiLCJ1cmwiOiIvc3Rhcmsvd2ViL2RlcGFydG1lbnQvbGlzdC8ifSx7ImlkIjoxNCwidGl0bGUiOiJcdThiZmVcdTdhMGJcdTUyMTdcdTg4NjgiLCJ1cmwiOiIvc3Rhcmsvd2ViL2NvdXJzZS9saXN0LyJ9LHsiaWQiOjE4LCJ0aXRsZSI6Ilx1NzNlZFx1N2VhN1x1NTIxN1x1ODg2OCIsInVybCI6Ii9zdGFyay93ZWIvY2xhc3NsaXN0L2xpc3QvIn1dfSwiMiI6eyJ0aXRsZSI6Ilx1NjNhNVx1NTNlM0FQSSIsImljb24iOiJmYSBmYS1jdWJlcyIsImNoaWxkcmVuIjpbeyJpZCI6MjIsInRpdGxlIjoiXHU1MTZjXHU2MjM3XHU1MjE3XHU4ODY4IiwidXJsIjoiL3N0YXJrL3dlYi9jdXN0b21lci9wdWIvbGlzdC8ifSx7ImlkIjoyNywidGl0bGUiOiJcdTc5YzFcdTYyMzdcdTUyMTdcdTg4NjgiLCJ1cmwiOiIvc3Rhcmsvd2ViL2N1c3RvbWVyL3ByaXYvbGlzdC8ifSx7ImlkIjozNywidGl0bGUiOiJcdTViYTFcdTY4MzhcdTdmMzRcdThkMzlcdThiYjBcdTVmNTUiLCJ1cmwiOiIvc3Rhcmsvd2ViL3BheW1lbnRyZWNvcmQvY2hlY2svbGlzdC8ifV19LCIzIjp7InRpdGxlIjoiXHU2NzQzXHU5NjUwXHU3YmExXHU3NDA2IiwiaWNvbiI6ImZhIGZhLXVzZXIiLCJjaGlsZHJlbiI6W3siaWQiOjM4LCJ0aXRsZSI6Ilx1NWI2Nlx1NzUxZlx1NTIxN1x1ODg2OCIsInVybCI6Ii9zdGFyay93ZWIvc3R1ZGVudC9saXN0LyJ9XX0sIjQiOnsidGl0bGUiOiJcdTgzZGNcdTUzNTVcdTdiYTFcdTc0MDYiLCJpY29uIjoiZmEgZmEtY3ViZXMiLCJjaGlsZHJlbiI6W3siaWQiOjksInRpdGxlIjoiXHU3NTI4XHU2MjM3XHU1MjE3XHU4ODY4IiwidXJsIjoiL3N0YXJrL3dlYi91c2VyaW5mby9saXN0LyJ9LHsiaWQiOjQ3LCJ0aXRsZSI6Ilx1ODlkMlx1ODI3Mlx1NTIxN1x1ODg2OCIsInVybCI6Ii9yYmFjL3JvbGUvbGlzdC8ifSx7ImlkIjo1MSwidGl0bGUiOiJcdTgzZGNcdTUzNTVcdTUyMTdcdTg4NjgiLCJ1cmwiOiIvcmJhYy9tZW51L2xpc3QvIn0seyJpZCI6NjMsInRpdGxlIjoiXHU1MjA2XHU5MTRkXHU2NzQzXHU5NjUwIiwidXJsIjoiL3JiYWMvZGlzdHJpYnV0ZS9wZXJtaXNzaW9ucy8ifV19fSwiY29tcGFueV9wZXJtaXNzaW9uX3VybF9saXN0X2tleSI6eyJ3ZWJfc2Nob29sX2xpc3QiOnsiaWQiOjEsInRpdGxlIjoiXHU2ODIxXHU1MzNhXHU1MjE3XHU4ODY4IiwidXJsIjoiL3N0YXJrL3dlYi9zY2hvb2wvbGlzdC8iLCJwaWQiOm51bGwsInBfdGl0bGUiOm51bGwsInBfdXJsIjpudWxsfSwid2ViX2RlcGFydG1lbnRfbGlzdCI6eyJpZCI6NSwidGl0bGUiOiJcdTkwZThcdTk1ZThcdTUyMTdcdTg4NjgiLCJ1cmwiOiIvc3Rhcmsvd2ViL2RlcGFydG1lbnQvbGlzdC8iLCJwaWQiOm51bGwsInBfdGl0bGUiOm51bGwsInBfdXJsIjpudWxsfSwid2ViX2NvdXJzZV9saXN0Ijp7ImlkIjoxNCwidGl0bGUiOiJcdThiZmVcdTdhMGJcdTUyMTdcdTg4NjgiLCJ1cmwiOiIvc3Rhcmsvd2ViL2NvdXJzZS9saXN0LyIsInBpZCI6bnVsbCwicF90aXRsZSI6bnVsbCwicF91cmwiOm51bGx9LCJ3ZWJfY2xhc3NsaXN0X2xpc3QiOnsiaWQiOjE4LCJ0aXRsZSI6Ilx1NzNlZFx1N2VhN1x1NTIxN1x1ODg2OCIsInVybCI6Ii9zdGFyay93ZWIvY2xhc3NsaXN0L2xpc3QvIiwicGlkIjpudWxsLCJwX3RpdGxlIjpudWxsLCJwX3VybCI6bnVsbH0sIndlYl9jdXN0b21lcl9wdWJfbGlzdCI6eyJpZCI6MjIsInRpdGxlIjoiXHU1MTZjXHU2MjM3XHU1MjE3XHU4ODY4IiwidXJsIjoiL3N0YXJrL3dlYi9jdXN0b21lci9wdWIvbGlzdC8iLCJwaWQiOm51bGwsInBfdGl0bGUiOm51bGwsInBfdXJsIjpudWxsfSwid2ViX2N1c3RvbWVyX3ByaXZfbGlzdCI6eyJpZCI6MjcsInRpdGxlIjoiXHU3OWMxXHU2MjM3XHU1MjE3XHU4ODY4IiwidXJsIjoiL3N0YXJrL3dlYi9jdXN0b21lci9wcml2L2xpc3QvIiwicGlkIjpudWxsLCJwX3RpdGxlIjpudWxsLCJwX3VybCI6bnVsbH0sIndlYl9wYXltZW50cmVjb3JkX2NoZWNrX2xpc3QiOnsiaWQiOjM3LCJ0aXRsZSI6Ilx1NWJhMVx1NjgzOFx1N2YzNFx1OGQzOVx1OGJiMFx1NWY1NSIsInVybCI6Ii9zdGFyay93ZWIvcGF5bWVudHJlY29yZC9jaGVjay9saXN0LyIsInBpZCI6bnVsbCwicF90aXRsZSI6bnVsbCwicF91cmwiOm51bGx9LCJ3ZWJfc3R1ZGVudF9saXN0Ijp7ImlkIjozOCwidGl0bGUiOiJcdTViNjZcdTc1MWZcdTUyMTdcdTg4NjgiLCJ1cmwiOiIvc3Rhcmsvd2ViL3N0dWRlbnQvbGlzdC8iLCJwaWQiOm51bGwsInBfdGl0bGUiOm51bGwsInBfdXJsIjpudWxsfSwid2ViX3VzZXJpbmZvX2xpc3QiOnsiaWQiOjksInRpdGxlIjoiXHU3NTI4XHU2MjM3XHU1MjE3XHU4ODY4IiwidXJsIjoiL3N0YXJrL3dlYi91c2VyaW5mby9saXN0LyIsInBpZCI6bnVsbCwicF90aXRsZSI6bnVsbCwicF91cmwiOm51bGx9LCJyYmFjOnJvbGVfbGlzdCI6eyJpZCI6NDcsInRpdGxlIjoiXHU4OWQyXHU4MjcyXHU1MjE3XHU4ODY4IiwidXJsIjoiL3JiYWMvcm9sZS9saXN0LyIsInBpZCI6bnVsbCwicF90aXRsZSI6bnVsbCwicF91cmwiOm51bGx9LCJyYmFjOm1lbnVfbGlzdCI6eyJpZCI6NTEsInRpdGxlIjoiXHU4M2RjXHU1MzU1XHU1MjE3XHU4ODY4IiwidXJsIjoiL3JiYWMvbWVudS9saXN0LyIsInBpZCI6bnVsbCwicF90aXRsZSI6bnVsbCwicF91cmwiOm51bGx9LCJyYmFjOmRpc3RyaWJ1dGVfcGVybWlzc2lvbnMiOnsiaWQiOjYzLCJ0aXRsZSI6Ilx1NTIwNlx1OTE0ZFx1Njc0M1x1OTY1MCIsInVybCI6Ii9yYmFjL2Rpc3RyaWJ1dGUvcGVybWlzc2lvbnMvIiwicGlkIjpudWxsLCJwX3RpdGxlIjpudWxsLCJwX3VybCI6bnVsbH0sIndlYl9zY2hvb2xfYWRkIjp7ImlkIjoyLCJ0aXRsZSI6Ilx1NmRmYlx1NTJhMFx1NjgyMVx1NTMzYSIsInVybCI6Ii9zdGFyay93ZWIvc2Nob29sL2FkZC8iLCJwaWQiOjEsInBfdGl0bGUiOiJcdTY4MjFcdTUzM2FcdTUyMTdcdTg4NjgiLCJwX3VybCI6Ii9zdGFyay93ZWIvc2Nob29sL2xpc3QvIn0sIndlYl9zY2hvb2xfY2hhbmdlIjp7ImlkIjozLCJ0aXRsZSI6Ilx1NGZlZVx1NjUzOVx1NjgyMVx1NTMzYSIsInVybCI6Ii9zdGFyay93ZWIvc2Nob29sL2NoYW5nZS8oP1A8cGs+XFxkKykvIiwicGlkIjoxLCJwX3RpdGxlIjoiXHU2ODIxXHU1MzNhXHU1MjE3XHU4ODY4IiwicF91cmwiOiIvc3Rhcmsvd2ViL3NjaG9vbC9saXN0LyJ9LCJ3ZWJfc2Nob29sX2RlbGV0ZSI6eyJpZCI6NCwidGl0bGUiOiJcdTUyMjBcdTk2NjRcdTY4MjFcdTUzM2EiLCJ1cmwiOiIvc3Rhcmsvd2ViL3NjaG9vbC9kZWxldGUvKD9QPHBrPlxcZCspLyIsInBpZCI6MSwicF90aXRsZSI6Ilx1NjgyMVx1NTMzYVx1NTIxN1x1ODg2OCIsInBfdXJsIjoiL3N0YXJrL3dlYi9zY2hvb2wvbGlzdC8ifSwid2ViX2RlcGFydG1lbnRfYWRkIjp7ImlkIjo2LCJ0aXRsZSI6Ilx1NmRmYlx1NTJhMFx1OTBlOFx1OTVlOCIsInVybCI6Ii9zdGFyay93ZWIvZGVwYXJ0bWVudC9hZGQvIiwicGlkIjo1LCJwX3RpdGxlIjoiXHU5MGU4XHU5NWU4XHU1MjE3XHU4ODY4IiwicF91cmwiOiIvc3Rhcmsvd2ViL2RlcGFydG1lbnQvbGlzdC8ifSwid2ViX2RlcGFydG1lbnRfY2hhbmdlIjp7ImlkIjo3LCJ0aXRsZSI6Ilx1NGZlZVx1NjUzOVx1OTBlOFx1OTVlOCIsInVybCI6Ii9zdGFyay93ZWIvZGVwYXJ0bWVudC9jaGFuZ2UvKD9QPHBrPlxcZCspLyIsInBpZCI6NSwicF90aXRsZSI6Ilx1OTBlOFx1OTVlOFx1NTIxN1x1ODg2OCIsInBfdXJsIjoiL3N0YXJrL3dlYi9kZXBhcnRtZW50L2xpc3QvIn0sIndlYl9kZXBhcnRtZW50X2RlbGV0ZSI6eyJpZCI6OCwidGl0bGUiOiJcdTUyMjBcdTk2NjRcdTkwZThcdTk1ZTgiLCJ1cmwiOiIvc3Rhcmsvd2ViL2RlcGFydG1lbnQvZGVsZXRlLyg/UDxwaz5cXGQrKS8iLCJwaWQiOjUsInBfdGl0bGUiOiJcdTkwZThcdTk1ZThcdTUyMTdcdTg4NjgiLCJwX3VybCI6Ii9zdGFyay93ZWIvZGVwYXJ0bWVudC9saXN0LyJ9LCJ3ZWJfdXNlcmluZm9fYWRkIjp7ImlkIjoxMCwidGl0bGUiOiJcdTZkZmJcdTUyYTBcdTc1MjhcdTYyMzciLCJ1cmwiOiIvc3Rhcmsvd2ViL3VzZXJpbmZvL2FkZC8iLCJwaWQiOjksInBfdGl0bGUiOiJcdTc1MjhcdTYyMzdcdTUyMTdcdTg4NjgiLCJwX3VybCI6Ii9zdGFyay93ZWIvdXNlcmluZm8vbGlzdC8ifSwid2ViX3VzZXJpbmZvX2NoYW5nZSI6eyJpZCI6MTEsInRpdGxlIjoiXHU0ZmVlXHU2NTM5XHU3NTI4XHU2MjM3IiwidXJsIjoiL3N0YXJrL3dlYi91c2VyaW5mby9jaGFuZ2UvKD9QPHBrPlxcZCspLyIsInBpZCI6OSwicF90aXRsZSI6Ilx1NzUyOFx1NjIzN1x1NTIxN1x1ODg2OCIsInBfdXJsIjoiL3N0YXJrL3dlYi91c2VyaW5mby9saXN0LyJ9LCJ3ZWJfdXNlcmluZm9fZGVsZXRlIjp7ImlkIjoxMiwidGl0bGUiOiJcdTUyMjBcdTk2NjRcdTc1MjhcdTYyMzciLCJ1cmwiOiIvc3Rhcmsvd2ViL3VzZXJpbmZvL2RlbGV0ZS8oP1A8cGs+XFxkKykvIiwicGlkIjo5LCJwX3RpdGxlIjoiXHU3NTI4XHU2MjM3XHU1MjE3XHU4ODY4IiwicF91cmwiOiIvc3Rhcmsvd2ViL3VzZXJpbmZvL2xpc3QvIn0sIndlYl91c2VyaW5mb19yZXN0X3B3ZCI6eyJpZCI6MTMsInRpdGxlIjoiXHU5MWNkXHU3ZjZlXHU1YmM2XHU3ODAxIiwidXJsIjoiL3N0YXJrL3dlYi91c2VyaW5mby9yZXNldC9wYXNzd29yZC8oP1A8cGs+XFxkKykiLCJwaWQiOjksInBfdGl0bGUiOiJcdTc1MjhcdTYyMzdcdTUyMTdcdTg4NjgiLCJwX3VybCI6Ii9zdGFyay93ZWIvdXNlcmluZm8vbGlzdC8ifSwid2ViX2NvdXJzZV9hZGQiOnsiaWQiOjE1LCJ0aXRsZSI6Ilx1NmRmYlx1NTJhMFx1OGJmZVx1N2EwYiIsInVybCI6Ii9zdGFyay93ZWIvY291cnNlL2FkZC8iLCJwaWQiOjE0LCJwX3RpdGxlIjoiXHU4YmZlXHU3YTBiXHU1MjE3XHU4ODY4IiwicF91cmwiOiIvc3Rhcmsvd2ViL2NvdXJzZS9saXN0LyJ9LCJ3ZWJfY291cnNlX2NoYW5nZSI6eyJpZCI6MTYsInRpdGxlIjoiXHU0ZmVlXHU2NTM5XHU4YmZlXHU3YTBiIiwidXJsIjoiL3N0YXJrL3dlYi9jb3Vyc2UvY2hhbmdlLyg/UDxwaz5cXGQrKS8iLCJwaWQiOjE0LCJwX3RpdGxlIjoiXHU4YmZlXHU3YTBiXHU1MjE3XHU4ODY4IiwicF91cmwiOiIvc3Rhcmsvd2ViL2NvdXJzZS9saXN0LyJ9LCJ3ZWJfY291cnNlX2RlbGV0ZSI6eyJpZCI6MTcsInRpdGxlIjoiXHU1MjIwXHU5NjY0XHU4YmZlXHU3YTBiIiwidXJsIjoiL3N0YXJrL3dlYi9jb3Vyc2UvZGVsZXRlLyg/UDxwaz5cXGQrKS8iLCJwaWQiOjE0LCJwX3RpdGxlIjoiXHU4YmZlXHU3YTBiXHU1MjE3XHU4ODY4IiwicF91cmwiOiIvc3Rhcmsvd2ViL2NvdXJzZS9saXN0LyJ9LCJ3ZWJfY2xhc3NsaXN0X2FkZCI6eyJpZCI6MTksInRpdGxlIjoiXHU2ZGZiXHU1MmEwXHU3M2VkXHU3ZWE3IiwidXJsIjoiL3N0YXJrL3dlYi9jbGFzc2xpc3QvYWRkLyIsInBpZCI6MTgsInBfdGl0bGUiOiJcdTczZWRcdTdlYTdcdTUyMTdcdTg4NjgiLCJwX3VybCI6Ii9zdGFyay93ZWIvY2xhc3NsaXN0L2xpc3QvIn0sIndlYl9jbGFzc2xpc3RfY2hhbmdlIjp7ImlkIjoyMCwidGl0bGUiOiJcdTRmZWVcdTY1MzlcdTczZWRcdTdlYTciLCJ1cmwiOiIvc3Rhcmsvd2ViL2NsYXNzbGlzdC9jaGFuZ2UvKD9QPHBrPlxcZCspLyIsInBpZCI6MTgsInBfdGl0bGUiOiJcdTczZWRcdTdlYTdcdTUyMTdcdTg4NjgiLCJwX3VybCI6Ii9zdGFyay93ZWIvY2xhc3NsaXN0L2xpc3QvIn0sIndlYl9jbGFzc2xpc3RfZGVsZXRlIjp7ImlkIjoyMSwidGl0bGUiOiJcdTUyMjBcdTk2NjRcdTczZWRcdTdlYTciLCJ1cmwiOiIvc3Rhcmsvd2ViL2NsYXNzbGlzdC9kZWxldGUvKD9QPHBrPlxcZCspLyIsInBpZCI6MTgsInBfdGl0bGUiOiJcdTczZWRcdTdlYTdcdTUyMTdcdTg4NjgiLCJwX3VybCI6Ii9zdGFyay93ZWIvY2xhc3NsaXN0L2xpc3QvIn0sIndlYl9jdXN0b21lcl9wdWJfYWRkIjp7ImlkIjoyMywidGl0bGUiOiJcdTZkZmJcdTUyYTBcdTUxNmNcdTYyMzciLCJ1cmwiOiIvc3Rhcmsvd2ViL2N1c3RvbWVyL3B1Yi9hZGQvIiwicGlkIjoyMiwicF90aXRsZSI6Ilx1NTE2Y1x1NjIzN1x1NTIxN1x1ODg2OCIsInBfdXJsIjoiL3N0YXJrL3dlYi9jdXN0b21lci9wdWIvbGlzdC8ifSwid2ViX2N1c3RvbWVyX3B1Yl9jaGFuZ2UiOnsiaWQiOjI0LCJ0aXRsZSI6Ilx1NGZlZVx1NjUzOVx1NTE2Y1x1NjIzNyIsInVybCI6Ii9zdGFyay93ZWIvY3VzdG9tZXIvcHViL2NoYW5nZS8oP1A8cGs+XFxkKykvIiwicGlkIjoyMiwicF90aXRsZSI6Ilx1NTE2Y1x1NjIzN1x1NTIxN1x1ODg2OCIsInBfdXJsIjoiL3N0YXJrL3dlYi9jdXN0b21lci9wdWIvbGlzdC8ifSwid2ViX2N1c3RvbWVyX3B1Yl9kZWxldGUiOnsiaWQiOjI1LCJ0aXRsZSI6Ilx1NTIyMFx1OTY2NFx1NTE2Y1x1NjIzNyIsInVybCI6Ii9zdGFyay93ZWIvY3VzdG9tZXIvcHViL2RlbGV0ZS8oP1A8cGs+XFxkKykvIiwicGlkIjoyMiwicF90aXRsZSI6Ilx1NTE2Y1x1NjIzN1x1NTIxN1x1ODg2OCIsInBfdXJsIjoiL3N0YXJrL3dlYi9jdXN0b21lci9wdWIvbGlzdC8ifSwid2ViX2N1c3RvbWVyX3B1Yl9yZWNvcmRfdmlldyI6eyJpZCI6MjYsInRpdGxlIjoiXHU2N2U1XHU3NzBiXHU1MTZjXHU2MjM3XHU4ZGRmXHU4ZmRiXHU4YmIwXHU1ZjU1IiwidXJsIjoiL3N0YXJrL3dlYi9jdXN0b21lci9wdWIvcmVjb3JkLyg/UDxwaz5cXGQrKSIsInBpZCI6MjIsInBfdGl0bGUiOiJcdTUxNmNcdTYyMzdcdTUyMTdcdTg4NjgiLCJwX3VybCI6Ii9zdGFyay93ZWIvY3VzdG9tZXIvcHViL2xpc3QvIn0sIndlYl9jdXN0b21lcl9wcml2X2FkZCI6eyJpZCI6MjgsInRpdGxlIjoiXHU2ZGZiXHU1MmEwXHU2MjExXHU3Njg0XHU1YmEyXHU2MjM3IiwidXJsIjoiL3N0YXJrL3dlYi9jdXN0b21lci9wcml2L2FkZC8iLCJwaWQiOjI3LCJwX3RpdGxlIjoiXHU3OWMxXHU2MjM3XHU1MjE3XHU4ODY4IiwicF91cmwiOiIvc3Rhcmsvd2ViL2N1c3RvbWVyL3ByaXYvbGlzdC8ifSwid2ViX2N1c3RvbWVyX3ByaXZfY2hhbmdlIjp7ImlkIjoyOSwidGl0bGUiOiJcdTRmZWVcdTY1MzlcdTYyMTFcdTc2ODRcdTViYTJcdTYyMzciLCJ1cmwiOiIvc3Rhcmsvd2ViL2N1c3RvbWVyL3ByaXYvY2hhbmdlLyg/UDxwaz5cXGQrKS8iLCJwaWQiOjI3LCJwX3RpdGxlIjoiXHU3OWMxXHU2MjM3XHU1MjE3XHU4ODY4IiwicF91cmwiOiIvc3Rhcmsvd2ViL2N1c3RvbWVyL3ByaXYvbGlzdC8ifSwid2ViX2N1c3RvbWVyX3ByaXZfZGVsZXRlIjp7ImlkIjozMCwidGl0bGUiOiJcdTUyMjBcdTk2NjRcdTYyMTFcdTc2ODRcdTViYTJcdTYyMzciLCJ1cmwiOiIvc3Rhcmsvd2ViL2N1c3RvbWVyL3ByaXYvZGVsZXRlLyg/UDxwaz5cXGQrKS8iLCJwaWQiOjI3LCJwX3RpdGxlIjoiXHU3OWMxXHU2MjM3XHU1MjE3XHU4ODY4IiwicF91cmwiOiIvc3Rhcmsvd2ViL2N1c3RvbWVyL3ByaXYvbGlzdC8ifSwid2ViX2NvbnN1bHRyZWNvcmRfbGlzdCI6eyJpZCI6MzEsInRpdGxlIjoiXHU4ZGRmXHU4ZmRiXHU1MjE3XHU4ODY4IiwidXJsIjoiL3N0YXJrL3dlYi9jb25zdWx0cmVjb3JkL2xpc3QvKD9QPGN1c3RvbWVyX2lkPlxcZCspLyIsInBpZCI6MjcsInBfdGl0bGUiOiJcdTc5YzFcdTYyMzdcdTUyMTdcdTg4NjgiLCJwX3VybCI6Ii9zdGFyay93ZWIvY3VzdG9tZXIvcHJpdi9saXN0LyJ9LCJ3ZWJfY29uc3VsdHJlY29yZF9hZGQiOnsiaWQiOjMyLCJ0aXRsZSI6Ilx1NmRmYlx1NTJhMFx1OGRkZlx1OGZkYlx1OGJiMFx1NWY1NSIsInVybCI6Ii9zdGFyay93ZWIvY29uc3VsdHJlY29yZC9hZGQvKD9QPGN1c3RvbWVyX2lkPlxcZCspLyIsInBpZCI6MjcsInBfdGl0bGUiOiJcdTc5YzFcdTYyMzdcdTUyMTdcdTg4NjgiLCJwX3VybCI6Ii9zdGFyay93ZWIvY3VzdG9tZXIvcHJpdi9saXN0LyJ9LCJ3ZWJfY29uc3VsdHJlY29yZF9jaGFuZ2UiOnsiaWQiOjMzLCJ0aXRsZSI6Ilx1NGZlZVx1NjUzOVx1OGRkZlx1OGZkYlx1OGJiMFx1NWY1NSIsInVybCI6Ii9zdGFyay93ZWIvY29uc3VsdHJlY29yZC9jaGFuZ2UvKD9QPGN1c3RvbWVyX2lkPlxcZCspLyg/UDxwaz5cXGQrKS8iLCJwaWQiOjI3LCJwX3RpdGxlIjoiXHU3OWMxXHU2MjM3XHU1MjE3XHU4ODY4IiwicF91cmwiOiIvc3Rhcmsvd2ViL2N1c3RvbWVyL3ByaXYvbGlzdC8ifSwid2ViX2NvbnN1bHRyZWNvcmRfZGVsZXRlIjp7ImlkIjozNCwidGl0bGUiOiJcdTUyMjBcdTk2NjRcdThkZGZcdThmZGJcdThiYjBcdTVmNTUiLCJ1cmwiOiIvc3Rhcmsvd2ViL2NvbnN1bHRyZWNvcmQvZGVsZXRlLyg/UDxjdXN0b21lcl9pZD5cXGQrKS8oP1A8cGs+XFxkKykvIiwicGlkIjoyNywicF90aXRsZSI6Ilx1NzljMVx1NjIzN1x1NTIxN1x1ODg2OCIsInBfdXJsIjoiL3N0YXJrL3dlYi9jdXN0b21lci9wcml2L2xpc3QvIn0sIndlYl9wYXltZW50cmVjb3JkX2xpc3QiOnsiaWQiOjM1LCJ0aXRsZSI6Ilx1N2YzNFx1OGQzOVx1OGJiMFx1NWY1NVx1NTIxN1x1ODg2OCIsInVybCI6Ii9zdGFyay93ZWIvcGF5bWVudHJlY29yZC9saXN0Lyg/UDxjdXN0b21lcl9pZD5cXGQrKS8iLCJwaWQiOjI3LCJwX3RpdGxlIjoiXHU3OWMxXHU2MjM3XHU1MjE3XHU4ODY4IiwicF91cmwiOiIvc3Rhcmsvd2ViL2N1c3RvbWVyL3ByaXYvbGlzdC8ifSwid2ViX3BheW1lbnRyZWNvcmRfYWRkIjp7ImlkIjozNiwidGl0bGUiOiJcdTZkZmJcdTUyYTBcdTdmMzRcdThkMzlcdThiYjBcdTVmNTUiLCJ1cmwiOiIvc3Rhcmsvd2ViL3BheW1lbnRyZWNvcmQvYWRkLyg/UDxjdXN0b21lcl9pZD5cXGQrKS8iLCJwaWQiOjI3LCJwX3RpdGxlIjoiXHU3OWMxXHU2MjM3XHU1MjE3XHU4ODY4IiwicF91cmwiOiIvc3Rhcmsvd2ViL2N1c3RvbWVyL3ByaXYvbGlzdC8ifSwid2ViX3N0dWRlbnRfY2hhbmdlIjp7ImlkIjozOSwidGl0bGUiOiJcdTRmZWVcdTY1MzlcdTViNjZcdTc1MWZcdTRmZTFcdTYwNmYiLCJ1cmwiOiIvc3Rhcmsvd2ViL3N0dWRlbnQvY2hhbmdlLyg/UDxwaz5cXGQrKS8iLCJwaWQiOjM4LCJwX3RpdGxlIjoiXHU1YjY2XHU3NTFmXHU1MjE3XHU4ODY4IiwicF91cmwiOiIvc3Rhcmsvd2ViL3N0dWRlbnQvbGlzdC8ifSwid2ViX3Njb3JlcmVjb3JkX2xpc3QiOnsiaWQiOjQwLCJ0aXRsZSI6Ilx1NzllZlx1NTIwNlx1NTIxN1x1ODg2OCIsInVybCI6Ii9zdGFyay93ZWIvc2NvcmVyZWNvcmQvbGlzdC8oP1A8c3R1ZGVudF9pZD5cXGQrKS8iLCJwaWQiOjM4LCJwX3RpdGxlIjoiXHU1YjY2XHU3NTFmXHU1MjE3XHU4ODY4IiwicF91cmwiOiIvc3Rhcmsvd2ViL3N0dWRlbnQvbGlzdC8ifSwid2ViX3Njb3JlcmVjb3JkX2FkZCI6eyJpZCI6NDEsInRpdGxlIjoiXHU2ZGZiXHU1MmEwXHU3OWVmXHU1MjA2XHU4YmIwXHU1ZjU1IiwidXJsIjoiL3N0YXJrL3dlYi9zY29yZXJlY29yZC9hZGQvKD9QPHN0dWRlbnRfaWQ+XFxkKykvIiwicGlkIjozOCwicF90aXRsZSI6Ilx1NWI2Nlx1NzUxZlx1NTIxN1x1ODg2OCIsInBfdXJsIjoiL3N0YXJrL3dlYi9zdHVkZW50L2xpc3QvIn0sIndlYl9jb3Vyc2VyZWNvcmRfbGlzdCI6eyJpZCI6NDIsInRpdGxlIjoiXHU0ZTBhXHU4YmZlXHU4YmIwXHU1ZjU1XHU1MjE3XHU4ODY4IiwidXJsIjoiL3N0YXJrL3dlYi9jb3Vyc2VyZWNvcmQvbGlzdC8oP1A8Y2xhc3NfaWQ+XFxkKykvIiwicGlkIjoxOCwicF90aXRsZSI6Ilx1NzNlZFx1N2VhN1x1NTIxN1x1ODg2OCIsInBfdXJsIjoiL3N0YXJrL3dlYi9jbGFzc2xpc3QvbGlzdC8ifSwid2ViX2NvdXJzZXJlY29yZF9hZGQiOnsiaWQiOjQzLCJ0aXRsZSI6Ilx1NmRmYlx1NTJhMFx1NGUwYVx1OGJmZVx1OGJiMFx1NWY1NSIsInVybCI6Ii9zdGFyay93ZWIvY291cnNlcmVjb3JkL2FkZC8oP1A8Y2xhc3NfaWQ+XFxkKykvIiwicGlkIjoxOCwicF90aXRsZSI6Ilx1NzNlZFx1N2VhN1x1NTIxN1x1ODg2OCIsInBfdXJsIjoiL3N0YXJrL3dlYi9jbGFzc2xpc3QvbGlzdC8ifSwid2ViX2NvdXJzZXJlY29yZF9jaGFuZ2UiOnsiaWQiOjQ0LCJ0aXRsZSI6Ilx1NGZlZVx1NjUzOVx1NGUwYVx1OGJmZVx1OGJiMFx1NWY1NSIsInVybCI6Ii9zdGFyay93ZWIvY291cnNlcmVjb3JkL2NoYW5nZS8oP1A8Y2xhc3NfaWQ+XFxkKykvKD9QPHBrPlxcZCspLyIsInBpZCI6MTgsInBfdGl0bGUiOiJcdTczZWRcdTdlYTdcdTUyMTdcdTg4NjgiLCJwX3VybCI6Ii9zdGFyay93ZWIvY2xhc3NsaXN0L2xpc3QvIn0sIndlYl9jb3Vyc2VyZWNvcmRfZGVsZXRlIjp7ImlkIjo0NSwidGl0bGUiOiJcdTUyMjBcdTk2NjRcdTRlMGFcdThiZmVcdThiYjBcdTVmNTUiLCJ1cmwiOiIvc3Rhcmsvd2ViL2NvdXJzZXJlY29yZC9kZWxldGUvKD9QPGNsYXNzX2lkPlxcZCspLyg/UDxwaz5cXGQrKS8iLCJwaWQiOjE4LCJwX3RpdGxlIjoiXHU3M2VkXHU3ZWE3XHU1MjE3XHU4ODY4IiwicF91cmwiOiIvc3Rhcmsvd2ViL2NsYXNzbGlzdC9saXN0LyJ9LCJ3ZWJfY291cnNlcmVjb3JkX2F0dGVuZGFuY2UiOnsiaWQiOjQ2LCJ0aXRsZSI6Ilx1ODAwM1x1NTJlNFx1N2JhMVx1NzQwNiIsInVybCI6Ii9zdGFyay93ZWIvY291cnNlcmVjb3JkL2F0dGVuZGFuY2UvKD9QPGNvdXJzZV9yZWNvcmRfaWQ+XFxkKykvIiwicGlkIjoxOCwicF90aXRsZSI6Ilx1NzNlZFx1N2VhN1x1NTIxN1x1ODg2OCIsInBfdXJsIjoiL3N0YXJrL3dlYi9jbGFzc2xpc3QvbGlzdC8ifSwicmJhYzpyb2xlX2FkZCI6eyJpZCI6NDgsInRpdGxlIjoiXHU2ZGZiXHU1MmEwXHU4OWQyXHU4MjcyIiwidXJsIjoiL3JiYWMvcm9sZS9hZGQvIiwicGlkIjo0NywicF90aXRsZSI6Ilx1ODlkMlx1ODI3Mlx1NTIxN1x1ODg2OCIsInBfdXJsIjoiL3JiYWMvcm9sZS9saXN0LyJ9LCJyYmFjOnJvbGVfZWRpdCI6eyJpZCI6NDksInRpdGxlIjoiXHU0ZmVlXHU2NTM5XHU4OWQyXHU4MjcyIiwidXJsIjoiL3JiYWMvcm9sZS9lZGl0Lyg/UDxwaz5cXGQrKS8iLCJwaWQiOjQ3LCJwX3RpdGxlIjoiXHU4OWQyXHU4MjcyXHU1MjE3XHU4ODY4IiwicF91cmwiOiIvcmJhYy9yb2xlL2xpc3QvIn0sInJiYWM6cm9sZV9kZWwiOnsiaWQiOjUwLCJ0aXRsZSI6Ilx1NTIyMFx1OTY2NFx1ODlkMlx1ODI3MiIsInVybCI6Ii9yYmFjL3JvbGUvZGVsLyg/UDxwaz5cXGQrKS8iLCJwaWQiOjQ3LCJwX3RpdGxlIjoiXHU4OWQyXHU4MjcyXHU1MjE3XHU4ODY4IiwicF91cmwiOiIvcmJhYy9yb2xlL2xpc3QvIn0sInJiYWM6bWVudV9hZGQiOnsiaWQiOjUyLCJ0aXRsZSI6Ilx1NmRmYlx1NTJhMFx1ODNkY1x1NTM1NSIsInVybCI6Ii9yYmFjL21lbnUvYWRkLyIsInBpZCI6NTEsInBfdGl0bGUiOiJcdTgzZGNcdTUzNTVcdTUyMTdcdTg4NjgiLCJwX3VybCI6Ii9yYmFjL21lbnUvbGlzdC8ifSwicmJhYzptZW51X2VkaXQiOnsiaWQiOjUzLCJ0aXRsZSI6Ilx1NGZlZVx1NjUzOVx1ODNkY1x1NTM1NSIsInVybCI6Ii9yYmFjL21lbnUvZWRpdC8oP1A8cGs+XFxkKykvIiwicGlkIjo1MSwicF90aXRsZSI6Ilx1ODNkY1x1NTM1NVx1NTIxN1x1ODg2OCIsInBfdXJsIjoiL3JiYWMvbWVudS9saXN0LyJ9LCJyYmFjOm1lbnVfZGVsIjp7ImlkIjo1NCwidGl0bGUiOiJcdTUyMjBcdTk2NjRcdTgzZGNcdTUzNTUiLCJ1cmwiOiIvcmJhYy9tZW51L2RlbC8oP1A8cGs+XFxkKykvIiwicGlkIjo1MSwicF90aXRsZSI6Ilx1ODNkY1x1NTM1NVx1NTIxN1x1ODg2OCIsInBfdXJsIjoiL3JiYWMvbWVudS9saXN0LyJ9LCJyYmFjOnNlY29uZF9tZW51X2FkZCI6eyJpZCI6NTUsInRpdGxlIjoiXHU2ZGZiXHU1MmEwXHU0ZThjXHU3ZWE3XHU4M2RjXHU1MzU1IiwidXJsIjoiL3JiYWMvc2Vjb25kL21lbnUvYWRkLyg/UDxtZW51X2lkPlxcZCspLyIsInBpZCI6NTEsInBfdGl0bGUiOiJcdTgzZGNcdTUzNTVcdTUyMTdcdTg4NjgiLCJwX3VybCI6Ii9yYmFjL21lbnUvbGlzdC8ifSwicmJhYzpzZWNvbmRfbWVudV9lZGl0Ijp7ImlkIjo1NiwidGl0bGUiOiJcdTRmZWVcdTY1MzlcdTRlOGNcdTdlYTdcdTgzZGNcdTUzNTUiLCJ1cmwiOiIvcmJhYy9zZWNvbmQvbWVudS9lZGl0Lyg/UDxwaz5cXGQrKS8iLCJwaWQiOjUxLCJwX3RpdGxlIjoiXHU4M2RjXHU1MzU1XHU1MjE3XHU4ODY4IiwicF91cmwiOiIvcmJhYy9tZW51L2xpc3QvIn0sInJiYWM6c2Vjb25kX21lbnVfZGVsIjp7ImlkIjo1NywidGl0bGUiOiJcdTUyMjBcdTk2NjRcdTRlOGNcdTdlYTdcdTgzZGNcdTUzNTUiLCJ1cmwiOiIvcmJhYy9zZWNvbmQvbWVudS9kZWwvKD9QPHBrPlxcZCspLyIsInBpZCI6NTEsInBfdGl0bGUiOiJcdTgzZGNcdTUzNTVcdTUyMTdcdTg4NjgiLCJwX3VybCI6Ii9yYmFjL21lbnUvbGlzdC8ifSwicmJhYzpwZXJtaXNzaW9uX2FkZCI6eyJpZCI6NTgsInRpdGxlIjoiXHU2ZGZiXHU1MmEwXHU2NzQzXHU5NjUwIiwidXJsIjoiL3JiYWMvcGVybWlzc2lvbi9hZGQvKD9QPHNlY29uZF9tZW51X2lkPlxcZCspLyIsInBpZCI6NTEsInBfdGl0bGUiOiJcdTgzZGNcdTUzNTVcdTUyMTdcdTg4NjgiLCJwX3VybCI6Ii9yYmFjL21lbnUvbGlzdC8ifSwicmJhYzpwZXJtaXNzaW9uX2VkaXQiOnsiaWQiOjU5LCJ0aXRsZSI6Ilx1NGZlZVx1NjUzOVx1Njc0M1x1OTY1MCIsInVybCI6Ii9yYmFjL3Blcm1pc3Npb24vZWRpdC8oP1A8cGs+XFxkKykvIiwicGlkIjo1MSwicF90aXRsZSI6Ilx1ODNkY1x1NTM1NVx1NTIxN1x1ODg2OCIsInBfdXJsIjoiL3JiYWMvbWVudS9saXN0LyJ9LCJyYmFjOnBlcm1pc3Npb25fZGVsIjp7ImlkIjo2MCwidGl0bGUiOiJcdTUyMjBcdTk2NjRcdTY3NDNcdTk2NTAiLCJ1cmwiOiIvcmJhYy9wZXJtaXNzaW9uL2RlbC8oP1A8cGs+XFxkKykvIiwicGlkIjo1MSwicF90aXRsZSI6Ilx1ODNkY1x1NTM1NVx1NTIxN1x1ODg2OCIsInBfdXJsIjoiL3JiYWMvbWVudS9saXN0LyJ9LCJyYmFjOm11bHRpX3Blcm1pc3Npb25zIjp7ImlkIjo2MSwidGl0bGUiOiJcdTYyNzlcdTkxY2ZcdTY0Y2RcdTRmNWNcdTY3NDNcdTk2NTAiLCJ1cmwiOiIvcmJhYy9tdWx0aS9wZXJtaXNzaW9ucy8iLCJwaWQiOjUxLCJwX3RpdGxlIjoiXHU4M2RjXHU1MzU1XHU1MjE3XHU4ODY4IiwicF91cmwiOiIvcmJhYy9tZW51L2xpc3QvIn0sInJiYWM6bXVsdGlfcGVybWlzc2lvbnNfZGVsIjp7ImlkIjo2MiwidGl0bGUiOiJcdTYyNzlcdTkxY2ZcdTUyMjBcdTk2NjRcdTY3NDNcdTk2NTAiLCJ1cmwiOiIvcmJhYy9tdWx0aS9wZXJtaXNzaW9ucy9kZWwvKD9QPHBrPlxcZCspLyIsInBpZCI6NTEsInBfdGl0bGUiOiJcdTgzZGNcdTUzNTVcdTUyMTdcdTg4NjgiLCJwX3VybCI6Ii9yYmFjL21lbnUvbGlzdC8ifX0sInVzZXJfaW5mbyI6eyJpZCI6MTAsIm5pY2tuYW1lIjoiXHU1ZjIwXHU1NzY0In19', '2019-12-19 09:22:23.615164');
INSERT INTO `django_session` VALUES ('byun7v567tx0snmhof5bckkkiuvn5f6n', 'MDY3MjU5NTJmYWU4Y2IyY2VhZTc0ODIzOGMwOGIxZDI2ZGQ1ZTc3NDp7ImNvbXBhbnlfbWVudV9saXN0X2tleSI6eyIxIjp7InRpdGxlIjoiXHU0ZjAxXHU0ZTFhXHU2NTcwXHU2MzZlIiwiaWNvbiI6ImZhIGZhLWJ1aWxkaW5nIiwic29ydCI6MSwiY2hpbGRyZW4iOlt7ImlkIjoxLCJ0aXRsZSI6Ilx1NGYwMVx1NGUxYVx1NTIxN1x1ODg2OCIsInVybCI6Ii9zdGFyay93ZWIvY29tcGFueS9saXN0LyJ9LHsiaWQiOjY5LCJ0aXRsZSI6Ilx1OGQ0NFx1OGQyOFx1OGJjMVx1NGVmNiIsInVybCI6Ii9zdGFyay93ZWIvY2FyZC9saXN0LyJ9XX0sIjYiOnsidGl0bGUiOiJcdTk5MTBcdTk5NmVcdTY1NzBcdTYzNmUiLCJpY29uIjoiZmEgZmEtY3V0bGVyeSIsInNvcnQiOjIsImNoaWxkcmVuIjpbeyJpZCI6NjUsInRpdGxlIjoiXHU5OTEwXHU5OTg2XHU1MjE3XHU4ODY4IiwidXJsIjoiL3N0YXJrL3dlYi9mb29kL2xpc3QvIn1dfSwiNCI6eyJ0aXRsZSI6Ilx1OTE0ZFx1N2Y2ZVx1N2JhMVx1NzQwNiIsImljb24iOiJmYSBmYS10d2l0Y2giLCJzb3J0Ijo5OSwiY2hpbGRyZW4iOlt7ImlkIjo5LCJ0aXRsZSI6Ilx1NzUyOFx1NjIzN1x1NTIxN1x1ODg2OCIsInVybCI6Ii9zdGFyay93ZWIvdXNlcmluZm8vbGlzdC8ifSx7ImlkIjo0NywidGl0bGUiOiJcdTg5ZDJcdTgyNzJcdTUyMTdcdTg4NjgiLCJ1cmwiOiIvcmJhYy9yb2xlL2xpc3QvIn0seyJpZCI6NTEsInRpdGxlIjoiXHU4M2RjXHU1MzU1XHU1MjE3XHU4ODY4IiwidXJsIjoiL3JiYWMvbWVudS9saXN0LyJ9LHsiaWQiOjYzLCJ0aXRsZSI6Ilx1NTIwNlx1OTE0ZFx1Njc0M1x1OTY1MCIsInVybCI6Ii9yYmFjL2Rpc3RyaWJ1dGUvcGVybWlzc2lvbnMvIn1dfX0sImNvbXBhbnlfcGVybWlzc2lvbl91cmxfbGlzdF9rZXkiOnsid2ViX2NvbXBhbnlfYWRkIjp7ImlkIjoyLCJ0aXRsZSI6Ilx1NmRmYlx1NTJhMFx1NGYwMVx1NGUxYSIsInVybCI6Ii9zdGFyay93ZWIvY29tcGFueS9hZGQvIiwicGlkIjoxLCJwX3RpdGxlIjoiXHU0ZjAxXHU0ZTFhXHU1MjE3XHU4ODY4IiwicF91cmwiOiIvc3Rhcmsvd2ViL2NvbXBhbnkvbGlzdC8ifSwid2ViX2NvbXBhbnlfY2hhbmdlIjp7ImlkIjozLCJ0aXRsZSI6Ilx1NGZlZVx1NjUzOVx1NGYwMVx1NGUxYSIsInVybCI6Ii9zdGFyay93ZWIvY29tcGFueS9jaGFuZ2UvKD9QPHBrPlxcZCspLyIsInBpZCI6MSwicF90aXRsZSI6Ilx1NGYwMVx1NGUxYVx1NTIxN1x1ODg2OCIsInBfdXJsIjoiL3N0YXJrL3dlYi9jb21wYW55L2xpc3QvIn0sIndlYl9jb21wYW55X2RlbGV0ZSI6eyJpZCI6NCwidGl0bGUiOiJcdTUyMjBcdTk2NjRcdTRmMDFcdTRlMWEiLCJ1cmwiOiIvc3Rhcmsvd2ViL2NvbXBhbnkvZGVsZXRlLyg/UDxwaz5cXGQrKS8iLCJwaWQiOjEsInBfdGl0bGUiOiJcdTRmMDFcdTRlMWFcdTUyMTdcdTg4NjgiLCJwX3VybCI6Ii9zdGFyay93ZWIvY29tcGFueS9saXN0LyJ9LCJ3ZWJfdXNlcmluZm9fYWRkIjp7ImlkIjoxMCwidGl0bGUiOiJcdTZkZmJcdTUyYTBcdTc1MjhcdTYyMzciLCJ1cmwiOiIvc3Rhcmsvd2ViL3VzZXJpbmZvL2FkZC8iLCJwaWQiOjksInBfdGl0bGUiOiJcdTc1MjhcdTYyMzdcdTUyMTdcdTg4NjgiLCJwX3VybCI6Ii9zdGFyay93ZWIvdXNlcmluZm8vbGlzdC8ifSwid2ViX3VzZXJpbmZvX2NoYW5nZSI6eyJpZCI6MTEsInRpdGxlIjoiXHU0ZmVlXHU2NTM5XHU3NTI4XHU2MjM3IiwidXJsIjoiL3N0YXJrL3dlYi91c2VyaW5mby9jaGFuZ2UvKD9QPHBrPlxcZCspLyIsInBpZCI6OSwicF90aXRsZSI6Ilx1NzUyOFx1NjIzN1x1NTIxN1x1ODg2OCIsInBfdXJsIjoiL3N0YXJrL3dlYi91c2VyaW5mby9saXN0LyJ9LCJ3ZWJfdXNlcmluZm9fZGVsZXRlIjp7ImlkIjoxMiwidGl0bGUiOiJcdTUyMjBcdTk2NjRcdTc1MjhcdTYyMzciLCJ1cmwiOiIvc3Rhcmsvd2ViL3VzZXJpbmZvL2RlbGV0ZS8oP1A8cGs+XFxkKykvIiwicGlkIjo5LCJwX3RpdGxlIjoiXHU3NTI4XHU2MjM3XHU1MjE3XHU4ODY4IiwicF91cmwiOiIvc3Rhcmsvd2ViL3VzZXJpbmZvL2xpc3QvIn0sIndlYl91c2VyaW5mb19yZXN0X3B3ZCI6eyJpZCI6MTMsInRpdGxlIjoiXHU5MWNkXHU3ZjZlXHU1YmM2XHU3ODAxIiwidXJsIjoiL3N0YXJrL3dlYi91c2VyaW5mby9yZXNldC9wYXNzd29yZC8oP1A8cGs+XFxkKykiLCJwaWQiOjksInBfdGl0bGUiOiJcdTc1MjhcdTYyMzdcdTUyMTdcdTg4NjgiLCJwX3VybCI6Ii9zdGFyay93ZWIvdXNlcmluZm8vbGlzdC8ifSwicmJhYzpyb2xlX2FkZCI6eyJpZCI6NDgsInRpdGxlIjoiXHU2ZGZiXHU1MmEwXHU4OWQyXHU4MjcyIiwidXJsIjoiL3JiYWMvcm9sZS9hZGQvIiwicGlkIjo0NywicF90aXRsZSI6Ilx1ODlkMlx1ODI3Mlx1NTIxN1x1ODg2OCIsInBfdXJsIjoiL3JiYWMvcm9sZS9saXN0LyJ9LCJyYmFjOnJvbGVfZWRpdCI6eyJpZCI6NDksInRpdGxlIjoiXHU0ZmVlXHU2NTM5XHU4OWQyXHU4MjcyIiwidXJsIjoiL3JiYWMvcm9sZS9lZGl0Lyg/UDxwaz5cXGQrKS8iLCJwaWQiOjQ3LCJwX3RpdGxlIjoiXHU4OWQyXHU4MjcyXHU1MjE3XHU4ODY4IiwicF91cmwiOiIvcmJhYy9yb2xlL2xpc3QvIn0sInJiYWM6cm9sZV9kZWwiOnsiaWQiOjUwLCJ0aXRsZSI6Ilx1NTIyMFx1OTY2NFx1ODlkMlx1ODI3MiIsInVybCI6Ii9yYmFjL3JvbGUvZGVsLyg/UDxwaz5cXGQrKS8iLCJwaWQiOjQ3LCJwX3RpdGxlIjoiXHU4OWQyXHU4MjcyXHU1MjE3XHU4ODY4IiwicF91cmwiOiIvcmJhYy9yb2xlL2xpc3QvIn0sInJiYWM6bWVudV9hZGQiOnsiaWQiOjUyLCJ0aXRsZSI6Ilx1NmRmYlx1NTJhMFx1ODNkY1x1NTM1NSIsInVybCI6Ii9yYmFjL21lbnUvYWRkLyIsInBpZCI6NTEsInBfdGl0bGUiOiJcdTgzZGNcdTUzNTVcdTUyMTdcdTg4NjgiLCJwX3VybCI6Ii9yYmFjL21lbnUvbGlzdC8ifSwicmJhYzptZW51X2VkaXQiOnsiaWQiOjUzLCJ0aXRsZSI6Ilx1NGZlZVx1NjUzOVx1ODNkY1x1NTM1NSIsInVybCI6Ii9yYmFjL21lbnUvZWRpdC8oP1A8cGs+XFxkKykvIiwicGlkIjo1MSwicF90aXRsZSI6Ilx1ODNkY1x1NTM1NVx1NTIxN1x1ODg2OCIsInBfdXJsIjoiL3JiYWMvbWVudS9saXN0LyJ9LCJyYmFjOm1lbnVfZGVsIjp7ImlkIjo1NCwidGl0bGUiOiJcdTUyMjBcdTk2NjRcdTgzZGNcdTUzNTUiLCJ1cmwiOiIvcmJhYy9tZW51L2RlbC8oP1A8cGs+XFxkKykvIiwicGlkIjo1MSwicF90aXRsZSI6Ilx1ODNkY1x1NTM1NVx1NTIxN1x1ODg2OCIsInBfdXJsIjoiL3JiYWMvbWVudS9saXN0LyJ9LCJyYmFjOnNlY29uZF9tZW51X2FkZCI6eyJpZCI6NTUsInRpdGxlIjoiXHU2ZGZiXHU1MmEwXHU0ZThjXHU3ZWE3XHU4M2RjXHU1MzU1IiwidXJsIjoiL3JiYWMvc2Vjb25kL21lbnUvYWRkLyg/UDxtZW51X2lkPlxcZCspLyIsInBpZCI6NTEsInBfdGl0bGUiOiJcdTgzZGNcdTUzNTVcdTUyMTdcdTg4NjgiLCJwX3VybCI6Ii9yYmFjL21lbnUvbGlzdC8ifSwicmJhYzpzZWNvbmRfbWVudV9lZGl0Ijp7ImlkIjo1NiwidGl0bGUiOiJcdTRmZWVcdTY1MzlcdTRlOGNcdTdlYTdcdTgzZGNcdTUzNTUiLCJ1cmwiOiIvcmJhYy9zZWNvbmQvbWVudS9lZGl0Lyg/UDxwaz5cXGQrKS8iLCJwaWQiOjUxLCJwX3RpdGxlIjoiXHU4M2RjXHU1MzU1XHU1MjE3XHU4ODY4IiwicF91cmwiOiIvcmJhYy9tZW51L2xpc3QvIn0sInJiYWM6c2Vjb25kX21lbnVfZGVsIjp7ImlkIjo1NywidGl0bGUiOiJcdTUyMjBcdTk2NjRcdTRlOGNcdTdlYTdcdTgzZGNcdTUzNTUiLCJ1cmwiOiIvcmJhYy9zZWNvbmQvbWVudS9kZWwvKD9QPHBrPlxcZCspLyIsInBpZCI6NTEsInBfdGl0bGUiOiJcdTgzZGNcdTUzNTVcdTUyMTdcdTg4NjgiLCJwX3VybCI6Ii9yYmFjL21lbnUvbGlzdC8ifSwicmJhYzpwZXJtaXNzaW9uX2FkZCI6eyJpZCI6NTgsInRpdGxlIjoiXHU2ZGZiXHU1MmEwXHU2NzQzXHU5NjUwIiwidXJsIjoiL3JiYWMvcGVybWlzc2lvbi9hZGQvKD9QPHNlY29uZF9tZW51X2lkPlxcZCspLyIsInBpZCI6NTEsInBfdGl0bGUiOiJcdTgzZGNcdTUzNTVcdTUyMTdcdTg4NjgiLCJwX3VybCI6Ii9yYmFjL21lbnUvbGlzdC8ifSwicmJhYzpwZXJtaXNzaW9uX2VkaXQiOnsiaWQiOjU5LCJ0aXRsZSI6Ilx1NGZlZVx1NjUzOVx1Njc0M1x1OTY1MCIsInVybCI6Ii9yYmFjL3Blcm1pc3Npb24vZWRpdC8oP1A8cGs+XFxkKykvIiwicGlkIjo1MSwicF90aXRsZSI6Ilx1ODNkY1x1NTM1NVx1NTIxN1x1ODg2OCIsInBfdXJsIjoiL3JiYWMvbWVudS9saXN0LyJ9LCJyYmFjOnBlcm1pc3Npb25fZGVsIjp7ImlkIjo2MCwidGl0bGUiOiJcdTUyMjBcdTk2NjRcdTY3NDNcdTk2NTAiLCJ1cmwiOiIvcmJhYy9wZXJtaXNzaW9uL2RlbC8oP1A8cGs+XFxkKykvIiwicGlkIjo1MSwicF90aXRsZSI6Ilx1ODNkY1x1NTM1NVx1NTIxN1x1ODg2OCIsInBfdXJsIjoiL3JiYWMvbWVudS9saXN0LyJ9LCJyYmFjOm11bHRpX3Blcm1pc3Npb25zIjp7ImlkIjo2MSwidGl0bGUiOiJcdTYyNzlcdTkxY2ZcdTY0Y2RcdTRmNWNcdTY3NDNcdTk2NTAiLCJ1cmwiOiIvcmJhYy9tdWx0aS9wZXJtaXNzaW9ucy8iLCJwaWQiOjUxLCJwX3RpdGxlIjoiXHU4M2RjXHU1MzU1XHU1MjE3XHU4ODY4IiwicF91cmwiOiIvcmJhYy9tZW51L2xpc3QvIn0sInJiYWM6bXVsdGlfcGVybWlzc2lvbnNfZGVsIjp7ImlkIjo2MiwidGl0bGUiOiJcdTYyNzlcdTkxY2ZcdTUyMjBcdTk2NjRcdTY3NDNcdTk2NTAiLCJ1cmwiOiIvcmJhYy9tdWx0aS9wZXJtaXNzaW9ucy9kZWwvKD9QPHBrPlxcZCspLyIsInBpZCI6NTEsInBfdGl0bGUiOiJcdTgzZGNcdTUzNTVcdTUyMTdcdTg4NjgiLCJwX3VybCI6Ii9yYmFjL21lbnUvbGlzdC8ifSwid2ViX2Zvb2RfYWRkIjp7ImlkIjo2NiwidGl0bGUiOiJcdTZkZmJcdTUyYTBcdTk5MTBcdTk5ODYiLCJ1cmwiOiIvc3Rhcmsvd2ViL2Zvb2QvYWRkLyIsInBpZCI6NjUsInBfdGl0bGUiOiJcdTk5MTBcdTk5ODZcdTUyMTdcdTg4NjgiLCJwX3VybCI6Ii9zdGFyay93ZWIvZm9vZC9saXN0LyJ9LCJ3ZWJfZm9vZF9jaGFuZ2UiOnsiaWQiOjY3LCJ0aXRsZSI6Ilx1NGZlZVx1NjUzOVx1OTkxMFx1OTk4NiIsInVybCI6Ii9zdGFyay93ZWIvZm9vZC9jaGFuZ2UvKD9QPHBrPlxcZCspLyIsInBpZCI6NjUsInBfdGl0bGUiOiJcdTk5MTBcdTk5ODZcdTUyMTdcdTg4NjgiLCJwX3VybCI6Ii9zdGFyay93ZWIvZm9vZC9saXN0LyJ9LCJ3ZWJfZm9vZF9kZWxldGUiOnsiaWQiOjY4LCJ0aXRsZSI6Ilx1NTIyMFx1OTY2NFx1OTkxMFx1OTk4NiIsInVybCI6Ii9zdGFyay93ZWIvZm9vZC9kZWxldGUvKD9QPHBrPlxcZCspLyIsInBpZCI6NjUsInBfdGl0bGUiOiJcdTk5MTBcdTk5ODZcdTUyMTdcdTg4NjgiLCJwX3VybCI6Ii9zdGFyay93ZWIvZm9vZC9saXN0LyJ9LCJ3ZWJfY29tcGFueV9hcGlfYWRkIjp7ImlkIjo3MSwidGl0bGUiOiJcdTY1YjBcdTU4OWVcdThkNDRcdThkMjgiLCJ1cmwiOiIvc3Rhcmsvd2ViL2NvbXBhbnkvYXBpL2FkZC8iLCJwaWQiOjY5LCJwX3RpdGxlIjoiXHU4ZDQ0XHU4ZDI4XHU4YmMxXHU0ZWY2IiwicF91cmwiOiIvc3Rhcmsvd2ViL2NhcmQvbGlzdC8ifSwid2ViX2NvbXBhbnlfbGlzdCI6eyJpZCI6MSwidGl0bGUiOiJcdTRmMDFcdTRlMWFcdTUyMTdcdTg4NjgiLCJ1cmwiOiIvc3Rhcmsvd2ViL2NvbXBhbnkvbGlzdC8iLCJwaWQiOm51bGwsInBfdGl0bGUiOm51bGwsInBfdXJsIjpudWxsfSwid2ViX2FwaV9saXN0Ijp7ImlkIjo2OSwidGl0bGUiOiJcdThkNDRcdThkMjhcdThiYzFcdTRlZjYiLCJ1cmwiOiIvc3Rhcmsvd2ViL2NhcmQvbGlzdC8iLCJwaWQiOm51bGwsInBfdGl0bGUiOm51bGwsInBfdXJsIjpudWxsfSwid2ViX2Zvb2RfbGlzdCI6eyJpZCI6NjUsInRpdGxlIjoiXHU5OTEwXHU5OTg2XHU1MjE3XHU4ODY4IiwidXJsIjoiL3N0YXJrL3dlYi9mb29kL2xpc3QvIiwicGlkIjpudWxsLCJwX3RpdGxlIjpudWxsLCJwX3VybCI6bnVsbH0sIndlYl91c2VyaW5mb19saXN0Ijp7ImlkIjo5LCJ0aXRsZSI6Ilx1NzUyOFx1NjIzN1x1NTIxN1x1ODg2OCIsInVybCI6Ii9zdGFyay93ZWIvdXNlcmluZm8vbGlzdC8iLCJwaWQiOm51bGwsInBfdGl0bGUiOm51bGwsInBfdXJsIjpudWxsfSwicmJhYzpyb2xlX2xpc3QiOnsiaWQiOjQ3LCJ0aXRsZSI6Ilx1ODlkMlx1ODI3Mlx1NTIxN1x1ODg2OCIsInVybCI6Ii9yYmFjL3JvbGUvbGlzdC8iLCJwaWQiOm51bGwsInBfdGl0bGUiOm51bGwsInBfdXJsIjpudWxsfSwicmJhYzptZW51X2xpc3QiOnsiaWQiOjUxLCJ0aXRsZSI6Ilx1ODNkY1x1NTM1NVx1NTIxN1x1ODg2OCIsInVybCI6Ii9yYmFjL21lbnUvbGlzdC8iLCJwaWQiOm51bGwsInBfdGl0bGUiOm51bGwsInBfdXJsIjpudWxsfSwicmJhYzpkaXN0cmlidXRlX3Blcm1pc3Npb25zIjp7ImlkIjo2MywidGl0bGUiOiJcdTUyMDZcdTkxNGRcdTY3NDNcdTk2NTAiLCJ1cmwiOiIvcmJhYy9kaXN0cmlidXRlL3Blcm1pc3Npb25zLyIsInBpZCI6bnVsbCwicF90aXRsZSI6bnVsbCwicF91cmwiOm51bGx9fSwidXNlcl9pbmZvIjp7ImlkIjoxMCwibmlja25hbWUiOiJcdTVmMjBcdTU3NjQifX0=', '2020-01-09 10:56:52.916784');
INSERT INTO `django_session` VALUES ('cbtgvlg1c1d7lgpxbqoup314fu9ktuui', 'OTJmMDZjYzY3OWU0NjNhMDhiYWNkOTc3MWI3ZTM2NTExNjIwNjk0Yjp7ImNvbXBhbnlfbWVudV9saXN0X2tleSI6eyIxIjp7InRpdGxlIjoiXHU0ZjAxXHU0ZTFhXHU0ZmUxXHU2MDZmIiwiaWNvbiI6ImZhIGZhLWJ1aWxkaW5nIiwiY2hpbGRyZW4iOlt7ImlkIjoxLCJ0aXRsZSI6Ilx1NjgyMVx1NTMzYVx1NTIxN1x1ODg2OCIsInVybCI6Ii9zdGFyay93ZWIvc2Nob29sL2xpc3QvIn0seyJpZCI6NSwidGl0bGUiOiJcdTkwZThcdTk1ZThcdTUyMTdcdTg4NjgiLCJ1cmwiOiIvc3Rhcmsvd2ViL2RlcGFydG1lbnQvbGlzdC8ifSx7ImlkIjoxNCwidGl0bGUiOiJcdThiZmVcdTdhMGJcdTUyMTdcdTg4NjgiLCJ1cmwiOiIvc3Rhcmsvd2ViL2NvdXJzZS9saXN0LyJ9LHsiaWQiOjE4LCJ0aXRsZSI6Ilx1NzNlZFx1N2VhN1x1NTIxN1x1ODg2OCIsInVybCI6Ii9zdGFyay93ZWIvY2xhc3NsaXN0L2xpc3QvIn1dfSwiMiI6eyJ0aXRsZSI6Ilx1NjNhNVx1NTNlM0FQSSIsImljb24iOiJmYSBmYS1tb2R4IiwiY2hpbGRyZW4iOlt7ImlkIjoyMiwidGl0bGUiOiJcdTUxNmNcdTYyMzdcdTUyMTdcdTg4NjgiLCJ1cmwiOiIvc3Rhcmsvd2ViL2N1c3RvbWVyL3B1Yi9saXN0LyJ9LHsiaWQiOjI3LCJ0aXRsZSI6Ilx1NzljMVx1NjIzN1x1NTIxN1x1ODg2ODciLCJ1cmwiOiIvc3Rhcmsvd2ViL2N1c3RvbWVyL3ByaXYvbGlzdC8ifSx7ImlkIjozNywidGl0bGUiOiJcdTViYTFcdTY4MzhcdTdmMzRcdThkMzlcdThiYjBcdTVmNTUiLCJ1cmwiOiIvc3Rhcmsvd2ViL3BheW1lbnRyZWNvcmQvY2hlY2svbGlzdC8ifV19LCIzIjp7InRpdGxlIjoiXHU2NzQzXHU5NjUwXHU3YmExXHU3NDA2IiwiaWNvbiI6ImZhIGZhLWFkZHJlc3MtY2FyZC1vIiwiY2hpbGRyZW4iOlt7ImlkIjozOCwidGl0bGUiOiJcdTViNjZcdTc1MWZcdTUyMTdcdTg4NjgiLCJ1cmwiOiIvc3Rhcmsvd2ViL3N0dWRlbnQvbGlzdC8ifV19LCI0Ijp7InRpdGxlIjoiXHU4M2RjXHU1MzU1XHU3YmExXHU3NDA2IiwiaWNvbiI6ImZhIGZhLXdwZXhwbG9yZXIiLCJjaGlsZHJlbiI6W3siaWQiOjksInRpdGxlIjoiXHU3NTI4XHU2MjM3XHU1MjE3XHU4ODY4IiwidXJsIjoiL3N0YXJrL3dlYi91c2VyaW5mby9saXN0LyJ9LHsiaWQiOjQ3LCJ0aXRsZSI6Ilx1ODlkMlx1ODI3Mlx1NTIxN1x1ODg2OCIsInVybCI6Ii9yYmFjL3JvbGUvbGlzdC8ifSx7ImlkIjo1MSwidGl0bGUiOiJcdTgzZGNcdTUzNTVcdTUyMTdcdTg4NjgiLCJ1cmwiOiIvcmJhYy9tZW51L2xpc3QvIn0seyJpZCI6NjMsInRpdGxlIjoiXHU1MjA2XHU5MTRkXHU2NzQzXHU5NjUwIiwidXJsIjoiL3JiYWMvZGlzdHJpYnV0ZS9wZXJtaXNzaW9ucy8ifV19fSwiY29tcGFueV9wZXJtaXNzaW9uX3VybF9saXN0X2tleSI6eyJ3ZWJfc2Nob29sX2xpc3QiOnsiaWQiOjEsInRpdGxlIjoiXHU2ODIxXHU1MzNhXHU1MjE3XHU4ODY4IiwidXJsIjoiL3N0YXJrL3dlYi9zY2hvb2wvbGlzdC8iLCJwaWQiOm51bGwsInBfdGl0bGUiOm51bGwsInBfdXJsIjpudWxsfSwid2ViX2RlcGFydG1lbnRfbGlzdCI6eyJpZCI6NSwidGl0bGUiOiJcdTkwZThcdTk1ZThcdTUyMTdcdTg4NjgiLCJ1cmwiOiIvc3Rhcmsvd2ViL2RlcGFydG1lbnQvbGlzdC8iLCJwaWQiOm51bGwsInBfdGl0bGUiOm51bGwsInBfdXJsIjpudWxsfSwid2ViX2NvdXJzZV9saXN0Ijp7ImlkIjoxNCwidGl0bGUiOiJcdThiZmVcdTdhMGJcdTUyMTdcdTg4NjgiLCJ1cmwiOiIvc3Rhcmsvd2ViL2NvdXJzZS9saXN0LyIsInBpZCI6bnVsbCwicF90aXRsZSI6bnVsbCwicF91cmwiOm51bGx9LCJ3ZWJfY2xhc3NsaXN0X2xpc3QiOnsiaWQiOjE4LCJ0aXRsZSI6Ilx1NzNlZFx1N2VhN1x1NTIxN1x1ODg2OCIsInVybCI6Ii9zdGFyay93ZWIvY2xhc3NsaXN0L2xpc3QvIiwicGlkIjpudWxsLCJwX3RpdGxlIjpudWxsLCJwX3VybCI6bnVsbH0sIndlYl9jdXN0b21lcl9wdWJfbGlzdCI6eyJpZCI6MjIsInRpdGxlIjoiXHU1MTZjXHU2MjM3XHU1MjE3XHU4ODY4IiwidXJsIjoiL3N0YXJrL3dlYi9jdXN0b21lci9wdWIvbGlzdC8iLCJwaWQiOm51bGwsInBfdGl0bGUiOm51bGwsInBfdXJsIjpudWxsfSwid2ViX2N1c3RvbWVyX3ByaXZfbGlzdCI6eyJpZCI6MjcsInRpdGxlIjoiXHU3OWMxXHU2MjM3XHU1MjE3XHU4ODY4NyIsInVybCI6Ii9zdGFyay93ZWIvY3VzdG9tZXIvcHJpdi9saXN0LyIsInBpZCI6bnVsbCwicF90aXRsZSI6bnVsbCwicF91cmwiOm51bGx9LCJ3ZWJfcGF5bWVudHJlY29yZF9jaGVja19saXN0Ijp7ImlkIjozNywidGl0bGUiOiJcdTViYTFcdTY4MzhcdTdmMzRcdThkMzlcdThiYjBcdTVmNTUiLCJ1cmwiOiIvc3Rhcmsvd2ViL3BheW1lbnRyZWNvcmQvY2hlY2svbGlzdC8iLCJwaWQiOm51bGwsInBfdGl0bGUiOm51bGwsInBfdXJsIjpudWxsfSwid2ViX3N0dWRlbnRfbGlzdCI6eyJpZCI6MzgsInRpdGxlIjoiXHU1YjY2XHU3NTFmXHU1MjE3XHU4ODY4IiwidXJsIjoiL3N0YXJrL3dlYi9zdHVkZW50L2xpc3QvIiwicGlkIjpudWxsLCJwX3RpdGxlIjpudWxsLCJwX3VybCI6bnVsbH0sIndlYl91c2VyaW5mb19saXN0Ijp7ImlkIjo5LCJ0aXRsZSI6Ilx1NzUyOFx1NjIzN1x1NTIxN1x1ODg2OCIsInVybCI6Ii9zdGFyay93ZWIvdXNlcmluZm8vbGlzdC8iLCJwaWQiOm51bGwsInBfdGl0bGUiOm51bGwsInBfdXJsIjpudWxsfSwicmJhYzpyb2xlX2xpc3QiOnsiaWQiOjQ3LCJ0aXRsZSI6Ilx1ODlkMlx1ODI3Mlx1NTIxN1x1ODg2OCIsInVybCI6Ii9yYmFjL3JvbGUvbGlzdC8iLCJwaWQiOm51bGwsInBfdGl0bGUiOm51bGwsInBfdXJsIjpudWxsfSwicmJhYzptZW51X2xpc3QiOnsiaWQiOjUxLCJ0aXRsZSI6Ilx1ODNkY1x1NTM1NVx1NTIxN1x1ODg2OCIsInVybCI6Ii9yYmFjL21lbnUvbGlzdC8iLCJwaWQiOm51bGwsInBfdGl0bGUiOm51bGwsInBfdXJsIjpudWxsfSwicmJhYzpkaXN0cmlidXRlX3Blcm1pc3Npb25zIjp7ImlkIjo2MywidGl0bGUiOiJcdTUyMDZcdTkxNGRcdTY3NDNcdTk2NTAiLCJ1cmwiOiIvcmJhYy9kaXN0cmlidXRlL3Blcm1pc3Npb25zLyIsInBpZCI6bnVsbCwicF90aXRsZSI6bnVsbCwicF91cmwiOm51bGx9LCJ3ZWJfc2Nob29sX2FkZCI6eyJpZCI6MiwidGl0bGUiOiJcdTZkZmJcdTUyYTBcdTY4MjFcdTUzM2EiLCJ1cmwiOiIvc3Rhcmsvd2ViL3NjaG9vbC9hZGQvIiwicGlkIjoxLCJwX3RpdGxlIjoiXHU2ODIxXHU1MzNhXHU1MjE3XHU4ODY4IiwicF91cmwiOiIvc3Rhcmsvd2ViL3NjaG9vbC9saXN0LyJ9LCJ3ZWJfc2Nob29sX2NoYW5nZSI6eyJpZCI6MywidGl0bGUiOiJcdTRmZWVcdTY1MzlcdTY4MjFcdTUzM2EiLCJ1cmwiOiIvc3Rhcmsvd2ViL3NjaG9vbC9jaGFuZ2UvKD9QPHBrPlxcZCspLyIsInBpZCI6MSwicF90aXRsZSI6Ilx1NjgyMVx1NTMzYVx1NTIxN1x1ODg2OCIsInBfdXJsIjoiL3N0YXJrL3dlYi9zY2hvb2wvbGlzdC8ifSwid2ViX3NjaG9vbF9kZWxldGUiOnsiaWQiOjQsInRpdGxlIjoiXHU1MjIwXHU5NjY0XHU2ODIxXHU1MzNhIiwidXJsIjoiL3N0YXJrL3dlYi9zY2hvb2wvZGVsZXRlLyg/UDxwaz5cXGQrKS8iLCJwaWQiOjEsInBfdGl0bGUiOiJcdTY4MjFcdTUzM2FcdTUyMTdcdTg4NjgiLCJwX3VybCI6Ii9zdGFyay93ZWIvc2Nob29sL2xpc3QvIn0sIndlYl9kZXBhcnRtZW50X2FkZCI6eyJpZCI6NiwidGl0bGUiOiJcdTZkZmJcdTUyYTBcdTkwZThcdTk1ZTgiLCJ1cmwiOiIvc3Rhcmsvd2ViL2RlcGFydG1lbnQvYWRkLyIsInBpZCI6NSwicF90aXRsZSI6Ilx1OTBlOFx1OTVlOFx1NTIxN1x1ODg2OCIsInBfdXJsIjoiL3N0YXJrL3dlYi9kZXBhcnRtZW50L2xpc3QvIn0sIndlYl9kZXBhcnRtZW50X2NoYW5nZSI6eyJpZCI6NywidGl0bGUiOiJcdTRmZWVcdTY1MzlcdTkwZThcdTk1ZTgiLCJ1cmwiOiIvc3Rhcmsvd2ViL2RlcGFydG1lbnQvY2hhbmdlLyg/UDxwaz5cXGQrKS8iLCJwaWQiOjUsInBfdGl0bGUiOiJcdTkwZThcdTk1ZThcdTUyMTdcdTg4NjgiLCJwX3VybCI6Ii9zdGFyay93ZWIvZGVwYXJ0bWVudC9saXN0LyJ9LCJ3ZWJfZGVwYXJ0bWVudF9kZWxldGUiOnsiaWQiOjgsInRpdGxlIjoiXHU1MjIwXHU5NjY0XHU5MGU4XHU5NWU4IiwidXJsIjoiL3N0YXJrL3dlYi9kZXBhcnRtZW50L2RlbGV0ZS8oP1A8cGs+XFxkKykvIiwicGlkIjo1LCJwX3RpdGxlIjoiXHU5MGU4XHU5NWU4XHU1MjE3XHU4ODY4IiwicF91cmwiOiIvc3Rhcmsvd2ViL2RlcGFydG1lbnQvbGlzdC8ifSwid2ViX3VzZXJpbmZvX2FkZCI6eyJpZCI6MTAsInRpdGxlIjoiXHU2ZGZiXHU1MmEwXHU3NTI4XHU2MjM3IiwidXJsIjoiL3N0YXJrL3dlYi91c2VyaW5mby9hZGQvIiwicGlkIjo5LCJwX3RpdGxlIjoiXHU3NTI4XHU2MjM3XHU1MjE3XHU4ODY4IiwicF91cmwiOiIvc3Rhcmsvd2ViL3VzZXJpbmZvL2xpc3QvIn0sIndlYl91c2VyaW5mb19jaGFuZ2UiOnsiaWQiOjExLCJ0aXRsZSI6Ilx1NGZlZVx1NjUzOVx1NzUyOFx1NjIzNyIsInVybCI6Ii9zdGFyay93ZWIvdXNlcmluZm8vY2hhbmdlLyg/UDxwaz5cXGQrKS8iLCJwaWQiOjksInBfdGl0bGUiOiJcdTc1MjhcdTYyMzdcdTUyMTdcdTg4NjgiLCJwX3VybCI6Ii9zdGFyay93ZWIvdXNlcmluZm8vbGlzdC8ifSwid2ViX3VzZXJpbmZvX2RlbGV0ZSI6eyJpZCI6MTIsInRpdGxlIjoiXHU1MjIwXHU5NjY0XHU3NTI4XHU2MjM3IiwidXJsIjoiL3N0YXJrL3dlYi91c2VyaW5mby9kZWxldGUvKD9QPHBrPlxcZCspLyIsInBpZCI6OSwicF90aXRsZSI6Ilx1NzUyOFx1NjIzN1x1NTIxN1x1ODg2OCIsInBfdXJsIjoiL3N0YXJrL3dlYi91c2VyaW5mby9saXN0LyJ9LCJ3ZWJfdXNlcmluZm9fcmVzdF9wd2QiOnsiaWQiOjEzLCJ0aXRsZSI6Ilx1OTFjZFx1N2Y2ZVx1NWJjNlx1NzgwMSIsInVybCI6Ii9zdGFyay93ZWIvdXNlcmluZm8vcmVzZXQvcGFzc3dvcmQvKD9QPHBrPlxcZCspIiwicGlkIjo5LCJwX3RpdGxlIjoiXHU3NTI4XHU2MjM3XHU1MjE3XHU4ODY4IiwicF91cmwiOiIvc3Rhcmsvd2ViL3VzZXJpbmZvL2xpc3QvIn0sIndlYl9jb3Vyc2VfYWRkIjp7ImlkIjoxNSwidGl0bGUiOiJcdTZkZmJcdTUyYTBcdThiZmVcdTdhMGIiLCJ1cmwiOiIvc3Rhcmsvd2ViL2NvdXJzZS9hZGQvIiwicGlkIjoxNCwicF90aXRsZSI6Ilx1OGJmZVx1N2EwYlx1NTIxN1x1ODg2OCIsInBfdXJsIjoiL3N0YXJrL3dlYi9jb3Vyc2UvbGlzdC8ifSwid2ViX2NvdXJzZV9jaGFuZ2UiOnsiaWQiOjE2LCJ0aXRsZSI6Ilx1NGZlZVx1NjUzOVx1OGJmZVx1N2EwYiIsInVybCI6Ii9zdGFyay93ZWIvY291cnNlL2NoYW5nZS8oP1A8cGs+XFxkKykvIiwicGlkIjoxNCwicF90aXRsZSI6Ilx1OGJmZVx1N2EwYlx1NTIxN1x1ODg2OCIsInBfdXJsIjoiL3N0YXJrL3dlYi9jb3Vyc2UvbGlzdC8ifSwid2ViX2NvdXJzZV9kZWxldGUiOnsiaWQiOjE3LCJ0aXRsZSI6Ilx1NTIyMFx1OTY2NFx1OGJmZVx1N2EwYiIsInVybCI6Ii9zdGFyay93ZWIvY291cnNlL2RlbGV0ZS8oP1A8cGs+XFxkKykvIiwicGlkIjoxNCwicF90aXRsZSI6Ilx1OGJmZVx1N2EwYlx1NTIxN1x1ODg2OCIsInBfdXJsIjoiL3N0YXJrL3dlYi9jb3Vyc2UvbGlzdC8ifSwid2ViX2NsYXNzbGlzdF9hZGQiOnsiaWQiOjE5LCJ0aXRsZSI6Ilx1NmRmYlx1NTJhMFx1NzNlZFx1N2VhNyIsInVybCI6Ii9zdGFyay93ZWIvY2xhc3NsaXN0L2FkZC8iLCJwaWQiOjE4LCJwX3RpdGxlIjoiXHU3M2VkXHU3ZWE3XHU1MjE3XHU4ODY4IiwicF91cmwiOiIvc3Rhcmsvd2ViL2NsYXNzbGlzdC9saXN0LyJ9LCJ3ZWJfY2xhc3NsaXN0X2NoYW5nZSI6eyJpZCI6MjAsInRpdGxlIjoiXHU0ZmVlXHU2NTM5XHU3M2VkXHU3ZWE3IiwidXJsIjoiL3N0YXJrL3dlYi9jbGFzc2xpc3QvY2hhbmdlLyg/UDxwaz5cXGQrKS8iLCJwaWQiOjE4LCJwX3RpdGxlIjoiXHU3M2VkXHU3ZWE3XHU1MjE3XHU4ODY4IiwicF91cmwiOiIvc3Rhcmsvd2ViL2NsYXNzbGlzdC9saXN0LyJ9LCJ3ZWJfY2xhc3NsaXN0X2RlbGV0ZSI6eyJpZCI6MjEsInRpdGxlIjoiXHU1MjIwXHU5NjY0XHU3M2VkXHU3ZWE3IiwidXJsIjoiL3N0YXJrL3dlYi9jbGFzc2xpc3QvZGVsZXRlLyg/UDxwaz5cXGQrKS8iLCJwaWQiOjE4LCJwX3RpdGxlIjoiXHU3M2VkXHU3ZWE3XHU1MjE3XHU4ODY4IiwicF91cmwiOiIvc3Rhcmsvd2ViL2NsYXNzbGlzdC9saXN0LyJ9LCJ3ZWJfY3VzdG9tZXJfcHViX2FkZCI6eyJpZCI6MjMsInRpdGxlIjoiXHU2ZGZiXHU1MmEwXHU1MTZjXHU2MjM3IiwidXJsIjoiL3N0YXJrL3dlYi9jdXN0b21lci9wdWIvYWRkLyIsInBpZCI6MjIsInBfdGl0bGUiOiJcdTUxNmNcdTYyMzdcdTUyMTdcdTg4NjgiLCJwX3VybCI6Ii9zdGFyay93ZWIvY3VzdG9tZXIvcHViL2xpc3QvIn0sIndlYl9jdXN0b21lcl9wdWJfY2hhbmdlIjp7ImlkIjoyNCwidGl0bGUiOiJcdTRmZWVcdTY1MzlcdTUxNmNcdTYyMzciLCJ1cmwiOiIvc3Rhcmsvd2ViL2N1c3RvbWVyL3B1Yi9jaGFuZ2UvKD9QPHBrPlxcZCspLyIsInBpZCI6MjIsInBfdGl0bGUiOiJcdTUxNmNcdTYyMzdcdTUyMTdcdTg4NjgiLCJwX3VybCI6Ii9zdGFyay93ZWIvY3VzdG9tZXIvcHViL2xpc3QvIn0sIndlYl9jdXN0b21lcl9wdWJfZGVsZXRlIjp7ImlkIjoyNSwidGl0bGUiOiJcdTUyMjBcdTk2NjRcdTUxNmNcdTYyMzciLCJ1cmwiOiIvc3Rhcmsvd2ViL2N1c3RvbWVyL3B1Yi9kZWxldGUvKD9QPHBrPlxcZCspLyIsInBpZCI6MjIsInBfdGl0bGUiOiJcdTUxNmNcdTYyMzdcdTUyMTdcdTg4NjgiLCJwX3VybCI6Ii9zdGFyay93ZWIvY3VzdG9tZXIvcHViL2xpc3QvIn0sIndlYl9jdXN0b21lcl9wdWJfcmVjb3JkX3ZpZXciOnsiaWQiOjI2LCJ0aXRsZSI6Ilx1NjdlNVx1NzcwYlx1NTE2Y1x1NjIzN1x1OGRkZlx1OGZkYlx1OGJiMFx1NWY1NSIsInVybCI6Ii9zdGFyay93ZWIvY3VzdG9tZXIvcHViL3JlY29yZC8oP1A8cGs+XFxkKykiLCJwaWQiOjIyLCJwX3RpdGxlIjoiXHU1MTZjXHU2MjM3XHU1MjE3XHU4ODY4IiwicF91cmwiOiIvc3Rhcmsvd2ViL2N1c3RvbWVyL3B1Yi9saXN0LyJ9LCJ3ZWJfY3VzdG9tZXJfcHJpdl9hZGQiOnsiaWQiOjI4LCJ0aXRsZSI6Ilx1NmRmYlx1NTJhMFx1NjIxMVx1NzY4NFx1NWJhMlx1NjIzNyIsInVybCI6Ii9zdGFyay93ZWIvY3VzdG9tZXIvcHJpdi9hZGQvIiwicGlkIjoyNywicF90aXRsZSI6Ilx1NzljMVx1NjIzN1x1NTIxN1x1ODg2ODciLCJwX3VybCI6Ii9zdGFyay93ZWIvY3VzdG9tZXIvcHJpdi9saXN0LyJ9LCJ3ZWJfY3VzdG9tZXJfcHJpdl9jaGFuZ2UiOnsiaWQiOjI5LCJ0aXRsZSI6Ilx1NGZlZVx1NjUzOVx1NjIxMVx1NzY4NFx1NWJhMlx1NjIzNzEiLCJ1cmwiOiIvc3Rhcmsvd2ViL2N1c3RvbWVyL3ByaXYvY2hhbmdlLyg/UDxwaz5cXGQrKS8iLCJwaWQiOjI3LCJwX3RpdGxlIjoiXHU3OWMxXHU2MjM3XHU1MjE3XHU4ODY4NyIsInBfdXJsIjoiL3N0YXJrL3dlYi9jdXN0b21lci9wcml2L2xpc3QvIn0sIndlYl9jdXN0b21lcl9wcml2X2RlbGV0ZSI6eyJpZCI6MzAsInRpdGxlIjoiXHU1MjIwXHU5NjY0XHU2MjExXHU3Njg0XHU1YmEyXHU2MjM3IiwidXJsIjoiL3N0YXJrL3dlYi9jdXN0b21lci9wcml2L2RlbGV0ZS8oP1A8cGs+XFxkKykvIiwicGlkIjoyNywicF90aXRsZSI6Ilx1NzljMVx1NjIzN1x1NTIxN1x1ODg2ODciLCJwX3VybCI6Ii9zdGFyay93ZWIvY3VzdG9tZXIvcHJpdi9saXN0LyJ9LCJ3ZWJfY29uc3VsdHJlY29yZF9saXN0Ijp7ImlkIjozMSwidGl0bGUiOiJcdThkZGZcdThmZGJcdTUyMTdcdTg4NjgiLCJ1cmwiOiIvc3Rhcmsvd2ViL2NvbnN1bHRyZWNvcmQvbGlzdC8oP1A8Y3VzdG9tZXJfaWQ+XFxkKykvIiwicGlkIjoyNywicF90aXRsZSI6Ilx1NzljMVx1NjIzN1x1NTIxN1x1ODg2ODciLCJwX3VybCI6Ii9zdGFyay93ZWIvY3VzdG9tZXIvcHJpdi9saXN0LyJ9LCJ3ZWJfY29uc3VsdHJlY29yZF9hZGQiOnsiaWQiOjMyLCJ0aXRsZSI6Ilx1NmRmYlx1NTJhMFx1OGRkZlx1OGZkYlx1OGJiMFx1NWY1NSIsInVybCI6Ii9zdGFyay93ZWIvY29uc3VsdHJlY29yZC9hZGQvKD9QPGN1c3RvbWVyX2lkPlxcZCspLyIsInBpZCI6MjcsInBfdGl0bGUiOiJcdTc5YzFcdTYyMzdcdTUyMTdcdTg4Njg3IiwicF91cmwiOiIvc3Rhcmsvd2ViL2N1c3RvbWVyL3ByaXYvbGlzdC8ifSwid2ViX2NvbnN1bHRyZWNvcmRfY2hhbmdlIjp7ImlkIjozMywidGl0bGUiOiJcdTRmZWVcdTY1MzlcdThkZGZcdThmZGJcdThiYjBcdTVmNTUiLCJ1cmwiOiIvc3Rhcmsvd2ViL2NvbnN1bHRyZWNvcmQvY2hhbmdlLyg/UDxjdXN0b21lcl9pZD5cXGQrKS8oP1A8cGs+XFxkKykvIiwicGlkIjoyNywicF90aXRsZSI6Ilx1NzljMVx1NjIzN1x1NTIxN1x1ODg2ODciLCJwX3VybCI6Ii9zdGFyay93ZWIvY3VzdG9tZXIvcHJpdi9saXN0LyJ9LCJ3ZWJfY29uc3VsdHJlY29yZF9kZWxldGUiOnsiaWQiOjM0LCJ0aXRsZSI6Ilx1NTIyMFx1OTY2NFx1OGRkZlx1OGZkYlx1OGJiMFx1NWY1NSIsInVybCI6Ii9zdGFyay93ZWIvY29uc3VsdHJlY29yZC9kZWxldGUvKD9QPGN1c3RvbWVyX2lkPlxcZCspLyg/UDxwaz5cXGQrKS8iLCJwaWQiOjI3LCJwX3RpdGxlIjoiXHU3OWMxXHU2MjM3XHU1MjE3XHU4ODY4NyIsInBfdXJsIjoiL3N0YXJrL3dlYi9jdXN0b21lci9wcml2L2xpc3QvIn0sIndlYl9wYXltZW50cmVjb3JkX2xpc3QiOnsiaWQiOjM1LCJ0aXRsZSI6Ilx1N2YzNFx1OGQzOVx1OGJiMFx1NWY1NVx1NTIxN1x1ODg2OCIsInVybCI6Ii9zdGFyay93ZWIvcGF5bWVudHJlY29yZC9saXN0Lyg/UDxjdXN0b21lcl9pZD5cXGQrKS8iLCJwaWQiOjI3LCJwX3RpdGxlIjoiXHU3OWMxXHU2MjM3XHU1MjE3XHU4ODY4NyIsInBfdXJsIjoiL3N0YXJrL3dlYi9jdXN0b21lci9wcml2L2xpc3QvIn0sIndlYl9wYXltZW50cmVjb3JkX2FkZCI6eyJpZCI6MzYsInRpdGxlIjoiXHU2ZGZiXHU1MmEwXHU3ZjM0XHU4ZDM5XHU4YmIwXHU1ZjU1IiwidXJsIjoiL3N0YXJrL3dlYi9wYXltZW50cmVjb3JkL2FkZC8oP1A8Y3VzdG9tZXJfaWQ+XFxkKykvIiwicGlkIjoyNywicF90aXRsZSI6Ilx1NzljMVx1NjIzN1x1NTIxN1x1ODg2ODciLCJwX3VybCI6Ii9zdGFyay93ZWIvY3VzdG9tZXIvcHJpdi9saXN0LyJ9LCJ3ZWJfc3R1ZGVudF9jaGFuZ2UiOnsiaWQiOjM5LCJ0aXRsZSI6Ilx1NGZlZVx1NjUzOVx1NWI2Nlx1NzUxZlx1NGZlMVx1NjA2ZiIsInVybCI6Ii9zdGFyay93ZWIvc3R1ZGVudC9jaGFuZ2UvKD9QPHBrPlxcZCspLyIsInBpZCI6MzgsInBfdGl0bGUiOiJcdTViNjZcdTc1MWZcdTUyMTdcdTg4NjgiLCJwX3VybCI6Ii9zdGFyay93ZWIvc3R1ZGVudC9saXN0LyJ9LCJ3ZWJfc2NvcmVyZWNvcmRfbGlzdCI6eyJpZCI6NDAsInRpdGxlIjoiXHU3OWVmXHU1MjA2XHU1MjE3XHU4ODY4IiwidXJsIjoiL3N0YXJrL3dlYi9zY29yZXJlY29yZC9saXN0Lyg/UDxzdHVkZW50X2lkPlxcZCspLyIsInBpZCI6MzgsInBfdGl0bGUiOiJcdTViNjZcdTc1MWZcdTUyMTdcdTg4NjgiLCJwX3VybCI6Ii9zdGFyay93ZWIvc3R1ZGVudC9saXN0LyJ9LCJ3ZWJfc2NvcmVyZWNvcmRfYWRkIjp7ImlkIjo0MSwidGl0bGUiOiJcdTZkZmJcdTUyYTBcdTc5ZWZcdTUyMDZcdThiYjBcdTVmNTUiLCJ1cmwiOiIvc3Rhcmsvd2ViL3Njb3JlcmVjb3JkL2FkZC8oP1A8c3R1ZGVudF9pZD5cXGQrKS8iLCJwaWQiOjM4LCJwX3RpdGxlIjoiXHU1YjY2XHU3NTFmXHU1MjE3XHU4ODY4IiwicF91cmwiOiIvc3Rhcmsvd2ViL3N0dWRlbnQvbGlzdC8ifSwid2ViX2NvdXJzZXJlY29yZF9saXN0Ijp7ImlkIjo0MiwidGl0bGUiOiJcdTRlMGFcdThiZmVcdThiYjBcdTVmNTVcdTUyMTdcdTg4NjgiLCJ1cmwiOiIvc3Rhcmsvd2ViL2NvdXJzZXJlY29yZC9saXN0Lyg/UDxjbGFzc19pZD5cXGQrKS8iLCJwaWQiOjE4LCJwX3RpdGxlIjoiXHU3M2VkXHU3ZWE3XHU1MjE3XHU4ODY4IiwicF91cmwiOiIvc3Rhcmsvd2ViL2NsYXNzbGlzdC9saXN0LyJ9LCJ3ZWJfY291cnNlcmVjb3JkX2FkZCI6eyJpZCI6NDMsInRpdGxlIjoiXHU2ZGZiXHU1MmEwXHU0ZTBhXHU4YmZlXHU4YmIwXHU1ZjU1IiwidXJsIjoiL3N0YXJrL3dlYi9jb3Vyc2VyZWNvcmQvYWRkLyg/UDxjbGFzc19pZD5cXGQrKS8iLCJwaWQiOjE4LCJwX3RpdGxlIjoiXHU3M2VkXHU3ZWE3XHU1MjE3XHU4ODY4IiwicF91cmwiOiIvc3Rhcmsvd2ViL2NsYXNzbGlzdC9saXN0LyJ9LCJ3ZWJfY291cnNlcmVjb3JkX2NoYW5nZSI6eyJpZCI6NDQsInRpdGxlIjoiXHU0ZmVlXHU2NTM5XHU0ZTBhXHU4YmZlXHU4YmIwXHU1ZjU1IiwidXJsIjoiL3N0YXJrL3dlYi9jb3Vyc2VyZWNvcmQvY2hhbmdlLyg/UDxjbGFzc19pZD5cXGQrKS8oP1A8cGs+XFxkKykvIiwicGlkIjoxOCwicF90aXRsZSI6Ilx1NzNlZFx1N2VhN1x1NTIxN1x1ODg2OCIsInBfdXJsIjoiL3N0YXJrL3dlYi9jbGFzc2xpc3QvbGlzdC8ifSwid2ViX2NvdXJzZXJlY29yZF9kZWxldGUiOnsiaWQiOjQ1LCJ0aXRsZSI6Ilx1NTIyMFx1OTY2NFx1NGUwYVx1OGJmZVx1OGJiMFx1NWY1NSIsInVybCI6Ii9zdGFyay93ZWIvY291cnNlcmVjb3JkL2RlbGV0ZS8oP1A8Y2xhc3NfaWQ+XFxkKykvKD9QPHBrPlxcZCspLyIsInBpZCI6MTgsInBfdGl0bGUiOiJcdTczZWRcdTdlYTdcdTUyMTdcdTg4NjgiLCJwX3VybCI6Ii9zdGFyay93ZWIvY2xhc3NsaXN0L2xpc3QvIn0sIndlYl9jb3Vyc2VyZWNvcmRfYXR0ZW5kYW5jZSI6eyJpZCI6NDYsInRpdGxlIjoiXHU4MDAzXHU1MmU0XHU3YmExXHU3NDA2IiwidXJsIjoiL3N0YXJrL3dlYi9jb3Vyc2VyZWNvcmQvYXR0ZW5kYW5jZS8oP1A8Y291cnNlX3JlY29yZF9pZD5cXGQrKS8iLCJwaWQiOjE4LCJwX3RpdGxlIjoiXHU3M2VkXHU3ZWE3XHU1MjE3XHU4ODY4IiwicF91cmwiOiIvc3Rhcmsvd2ViL2NsYXNzbGlzdC9saXN0LyJ9LCJyYmFjOnJvbGVfYWRkIjp7ImlkIjo0OCwidGl0bGUiOiJcdTZkZmJcdTUyYTBcdTg5ZDJcdTgyNzIiLCJ1cmwiOiIvcmJhYy9yb2xlL2FkZC8iLCJwaWQiOjQ3LCJwX3RpdGxlIjoiXHU4OWQyXHU4MjcyXHU1MjE3XHU4ODY4IiwicF91cmwiOiIvcmJhYy9yb2xlL2xpc3QvIn0sInJiYWM6cm9sZV9lZGl0Ijp7ImlkIjo0OSwidGl0bGUiOiJcdTRmZWVcdTY1MzlcdTg5ZDJcdTgyNzIiLCJ1cmwiOiIvcmJhYy9yb2xlL2VkaXQvKD9QPHBrPlxcZCspLyIsInBpZCI6NDcsInBfdGl0bGUiOiJcdTg5ZDJcdTgyNzJcdTUyMTdcdTg4NjgiLCJwX3VybCI6Ii9yYmFjL3JvbGUvbGlzdC8ifSwicmJhYzpyb2xlX2RlbCI6eyJpZCI6NTAsInRpdGxlIjoiXHU1MjIwXHU5NjY0XHU4OWQyXHU4MjcyIiwidXJsIjoiL3JiYWMvcm9sZS9kZWwvKD9QPHBrPlxcZCspLyIsInBpZCI6NDcsInBfdGl0bGUiOiJcdTg5ZDJcdTgyNzJcdTUyMTdcdTg4NjgiLCJwX3VybCI6Ii9yYmFjL3JvbGUvbGlzdC8ifSwicmJhYzptZW51X2FkZCI6eyJpZCI6NTIsInRpdGxlIjoiXHU2ZGZiXHU1MmEwXHU4M2RjXHU1MzU1IiwidXJsIjoiL3JiYWMvbWVudS9hZGQvIiwicGlkIjo1MSwicF90aXRsZSI6Ilx1ODNkY1x1NTM1NVx1NTIxN1x1ODg2OCIsInBfdXJsIjoiL3JiYWMvbWVudS9saXN0LyJ9LCJyYmFjOm1lbnVfZWRpdCI6eyJpZCI6NTMsInRpdGxlIjoiXHU0ZmVlXHU2NTM5XHU4M2RjXHU1MzU1IiwidXJsIjoiL3JiYWMvbWVudS9lZGl0Lyg/UDxwaz5cXGQrKS8iLCJwaWQiOjUxLCJwX3RpdGxlIjoiXHU4M2RjXHU1MzU1XHU1MjE3XHU4ODY4IiwicF91cmwiOiIvcmJhYy9tZW51L2xpc3QvIn0sInJiYWM6bWVudV9kZWwiOnsiaWQiOjU0LCJ0aXRsZSI6Ilx1NTIyMFx1OTY2NFx1ODNkY1x1NTM1NSIsInVybCI6Ii9yYmFjL21lbnUvZGVsLyg/UDxwaz5cXGQrKS8iLCJwaWQiOjUxLCJwX3RpdGxlIjoiXHU4M2RjXHU1MzU1XHU1MjE3XHU4ODY4IiwicF91cmwiOiIvcmJhYy9tZW51L2xpc3QvIn0sInJiYWM6c2Vjb25kX21lbnVfYWRkIjp7ImlkIjo1NSwidGl0bGUiOiJcdTZkZmJcdTUyYTBcdTRlOGNcdTdlYTdcdTgzZGNcdTUzNTUiLCJ1cmwiOiIvcmJhYy9zZWNvbmQvbWVudS9hZGQvKD9QPG1lbnVfaWQ+XFxkKykvIiwicGlkIjo1MSwicF90aXRsZSI6Ilx1ODNkY1x1NTM1NVx1NTIxN1x1ODg2OCIsInBfdXJsIjoiL3JiYWMvbWVudS9saXN0LyJ9LCJyYmFjOnNlY29uZF9tZW51X2VkaXQiOnsiaWQiOjU2LCJ0aXRsZSI6Ilx1NGZlZVx1NjUzOVx1NGU4Y1x1N2VhN1x1ODNkY1x1NTM1NSIsInVybCI6Ii9yYmFjL3NlY29uZC9tZW51L2VkaXQvKD9QPHBrPlxcZCspLyIsInBpZCI6NTEsInBfdGl0bGUiOiJcdTgzZGNcdTUzNTVcdTUyMTdcdTg4NjgiLCJwX3VybCI6Ii9yYmFjL21lbnUvbGlzdC8ifSwicmJhYzpzZWNvbmRfbWVudV9kZWwiOnsiaWQiOjU3LCJ0aXRsZSI6Ilx1NTIyMFx1OTY2NFx1NGU4Y1x1N2VhN1x1ODNkY1x1NTM1NSIsInVybCI6Ii9yYmFjL3NlY29uZC9tZW51L2RlbC8oP1A8cGs+XFxkKykvIiwicGlkIjo1MSwicF90aXRsZSI6Ilx1ODNkY1x1NTM1NVx1NTIxN1x1ODg2OCIsInBfdXJsIjoiL3JiYWMvbWVudS9saXN0LyJ9LCJyYmFjOnBlcm1pc3Npb25fYWRkIjp7ImlkIjo1OCwidGl0bGUiOiJcdTZkZmJcdTUyYTBcdTY3NDNcdTk2NTAiLCJ1cmwiOiIvcmJhYy9wZXJtaXNzaW9uL2FkZC8oP1A8c2Vjb25kX21lbnVfaWQ+XFxkKykvIiwicGlkIjo1MSwicF90aXRsZSI6Ilx1ODNkY1x1NTM1NVx1NTIxN1x1ODg2OCIsInBfdXJsIjoiL3JiYWMvbWVudS9saXN0LyJ9LCJyYmFjOnBlcm1pc3Npb25fZWRpdCI6eyJpZCI6NTksInRpdGxlIjoiXHU0ZmVlXHU2NTM5XHU2NzQzXHU5NjUwIiwidXJsIjoiL3JiYWMvcGVybWlzc2lvbi9lZGl0Lyg/UDxwaz5cXGQrKS8iLCJwaWQiOjUxLCJwX3RpdGxlIjoiXHU4M2RjXHU1MzU1XHU1MjE3XHU4ODY4IiwicF91cmwiOiIvcmJhYy9tZW51L2xpc3QvIn0sInJiYWM6cGVybWlzc2lvbl9kZWwiOnsiaWQiOjYwLCJ0aXRsZSI6Ilx1NTIyMFx1OTY2NFx1Njc0M1x1OTY1MCIsInVybCI6Ii9yYmFjL3Blcm1pc3Npb24vZGVsLyg/UDxwaz5cXGQrKS8iLCJwaWQiOjUxLCJwX3RpdGxlIjoiXHU4M2RjXHU1MzU1XHU1MjE3XHU4ODY4IiwicF91cmwiOiIvcmJhYy9tZW51L2xpc3QvIn0sInJiYWM6bXVsdGlfcGVybWlzc2lvbnMiOnsiaWQiOjYxLCJ0aXRsZSI6Ilx1NjI3OVx1OTFjZlx1NjRjZFx1NGY1Y1x1Njc0M1x1OTY1MCIsInVybCI6Ii9yYmFjL211bHRpL3Blcm1pc3Npb25zLyIsInBpZCI6NTEsInBfdGl0bGUiOiJcdTgzZGNcdTUzNTVcdTUyMTdcdTg4NjgiLCJwX3VybCI6Ii9yYmFjL21lbnUvbGlzdC8ifSwicmJhYzptdWx0aV9wZXJtaXNzaW9uc19kZWwiOnsiaWQiOjYyLCJ0aXRsZSI6Ilx1NjI3OVx1OTFjZlx1NTIyMFx1OTY2NFx1Njc0M1x1OTY1MCIsInVybCI6Ii9yYmFjL211bHRpL3Blcm1pc3Npb25zL2RlbC8oP1A8cGs+XFxkKykvIiwicGlkIjo1MSwicF90aXRsZSI6Ilx1ODNkY1x1NTM1NVx1NTIxN1x1ODg2OCIsInBfdXJsIjoiL3JiYWMvbWVudS9saXN0LyJ9fSwidXNlcl9pbmZvIjp7ImlkIjoxMCwibmlja25hbWUiOiJcdTVmMjBcdTU3NjQifX0=', '2019-12-19 14:13:13.152429');
INSERT INTO `django_session` VALUES ('dgdwbdim3ziatow673wrl4mf0t8nf0ve', 'OGZmNmU4YTUyZWFlNDlkZDI4MGNhMWExNGE1MDViZTBlYzllZmVkMzp7ImNvbXBhbnlfbWVudV9saXN0X2tleSI6eyIxIjp7InRpdGxlIjoiXHU0ZjAxXHU0ZTFhXHU3YmExXHU3NDA2IiwiaWNvbiI6ImZhIGZhLWN1YmVzIiwiY2hpbGRyZW4iOlt7ImlkIjoxLCJ0aXRsZSI6Ilx1NjgyMVx1NTMzYVx1NTIxN1x1ODg2OCIsInVybCI6Ii9zdGFyay93ZWIvc2Nob29sL2xpc3QvIn0seyJpZCI6NSwidGl0bGUiOiJcdTkwZThcdTk1ZThcdTUyMTdcdTg4NjgiLCJ1cmwiOiIvc3Rhcmsvd2ViL2RlcGFydG1lbnQvbGlzdC8ifSx7ImlkIjoxNCwidGl0bGUiOiJcdThiZmVcdTdhMGJcdTUyMTdcdTg4NjgiLCJ1cmwiOiIvc3Rhcmsvd2ViL2NvdXJzZS9saXN0LyJ9LHsiaWQiOjE4LCJ0aXRsZSI6Ilx1NzNlZFx1N2VhN1x1NTIxN1x1ODg2OCIsInVybCI6Ii9zdGFyay93ZWIvY2xhc3NsaXN0L2xpc3QvIn1dfSwiMiI6eyJ0aXRsZSI6Ilx1OTYzZlx1NjVhZlx1OTg3Zlx1NTNkMVx1OTAwMVx1NTIzMFx1NTNkMSIsImljb24iOiJmYSBmYS1jdWJlcyIsImNoaWxkcmVuIjpbeyJpZCI6MjIsInRpdGxlIjoiXHU1MTZjXHU2MjM3XHU1MjE3XHU4ODY4IiwidXJsIjoiL3N0YXJrL3dlYi9jdXN0b21lci9wdWIvbGlzdC8ifSx7ImlkIjoyNywidGl0bGUiOiJcdTc5YzFcdTYyMzdcdTUyMTdcdTg4NjgiLCJ1cmwiOiIvc3Rhcmsvd2ViL2N1c3RvbWVyL3ByaXYvbGlzdC8ifSx7ImlkIjozNywidGl0bGUiOiJcdTViYTFcdTY4MzhcdTdmMzRcdThkMzlcdThiYjBcdTVmNTUiLCJ1cmwiOiIvc3Rhcmsvd2ViL3BheW1lbnRyZWNvcmQvY2hlY2svbGlzdC8ifV19LCIzIjp7InRpdGxlIjoiXHU1YjY2XHU1NDU4XHU3YmExXHU3NDA2IiwiaWNvbiI6ImZhIGZhLXVzZXIiLCJjaGlsZHJlbiI6W3siaWQiOjM4LCJ0aXRsZSI6Ilx1NWI2Nlx1NzUxZlx1NTIxN1x1ODg2OCIsInVybCI6Ii9zdGFyay93ZWIvc3R1ZGVudC9saXN0LyJ9XX0sIjQiOnsidGl0bGUiOiJcdTY3NDNcdTk2NTBcdTdiYTFcdTc0MDYiLCJpY29uIjoiZmEgZmEtY3ViZXMiLCJjaGlsZHJlbiI6W3siaWQiOjksInRpdGxlIjoiXHU3NTI4XHU2MjM3XHU1MjE3XHU4ODY4IiwidXJsIjoiL3N0YXJrL3dlYi91c2VyaW5mby9saXN0LyJ9LHsiaWQiOjQ3LCJ0aXRsZSI6Ilx1ODlkMlx1ODI3Mlx1NTIxN1x1ODg2OCIsInVybCI6Ii9yYmFjL3JvbGUvbGlzdC8ifSx7ImlkIjo1MSwidGl0bGUiOiJcdTgzZGNcdTUzNTVcdTUyMTdcdTg4NjgiLCJ1cmwiOiIvcmJhYy9tZW51L2xpc3QvIn0seyJpZCI6NjMsInRpdGxlIjoiXHU1MjA2XHU5MTRkXHU2NzQzXHU5NjUwIiwidXJsIjoiL3JiYWMvZGlzdHJpYnV0ZS9wZXJtaXNzaW9ucy8ifV19fSwiY29tcGFueV9wZXJtaXNzaW9uX3VybF9saXN0X2tleSI6eyJ3ZWJfc2Nob29sX2xpc3QiOnsiaWQiOjEsInRpdGxlIjoiXHU2ODIxXHU1MzNhXHU1MjE3XHU4ODY4IiwidXJsIjoiL3N0YXJrL3dlYi9zY2hvb2wvbGlzdC8iLCJwaWQiOm51bGwsInBfdGl0bGUiOm51bGwsInBfdXJsIjpudWxsfSwid2ViX2RlcGFydG1lbnRfbGlzdCI6eyJpZCI6NSwidGl0bGUiOiJcdTkwZThcdTk1ZThcdTUyMTdcdTg4NjgiLCJ1cmwiOiIvc3Rhcmsvd2ViL2RlcGFydG1lbnQvbGlzdC8iLCJwaWQiOm51bGwsInBfdGl0bGUiOm51bGwsInBfdXJsIjpudWxsfSwid2ViX2NvdXJzZV9saXN0Ijp7ImlkIjoxNCwidGl0bGUiOiJcdThiZmVcdTdhMGJcdTUyMTdcdTg4NjgiLCJ1cmwiOiIvc3Rhcmsvd2ViL2NvdXJzZS9saXN0LyIsInBpZCI6bnVsbCwicF90aXRsZSI6bnVsbCwicF91cmwiOm51bGx9LCJ3ZWJfY2xhc3NsaXN0X2xpc3QiOnsiaWQiOjE4LCJ0aXRsZSI6Ilx1NzNlZFx1N2VhN1x1NTIxN1x1ODg2OCIsInVybCI6Ii9zdGFyay93ZWIvY2xhc3NsaXN0L2xpc3QvIiwicGlkIjpudWxsLCJwX3RpdGxlIjpudWxsLCJwX3VybCI6bnVsbH0sIndlYl9jdXN0b21lcl9wdWJfbGlzdCI6eyJpZCI6MjIsInRpdGxlIjoiXHU1MTZjXHU2MjM3XHU1MjE3XHU4ODY4IiwidXJsIjoiL3N0YXJrL3dlYi9jdXN0b21lci9wdWIvbGlzdC8iLCJwaWQiOm51bGwsInBfdGl0bGUiOm51bGwsInBfdXJsIjpudWxsfSwid2ViX2N1c3RvbWVyX3ByaXZfbGlzdCI6eyJpZCI6MjcsInRpdGxlIjoiXHU3OWMxXHU2MjM3XHU1MjE3XHU4ODY4IiwidXJsIjoiL3N0YXJrL3dlYi9jdXN0b21lci9wcml2L2xpc3QvIiwicGlkIjpudWxsLCJwX3RpdGxlIjpudWxsLCJwX3VybCI6bnVsbH0sIndlYl9wYXltZW50cmVjb3JkX2NoZWNrX2xpc3QiOnsiaWQiOjM3LCJ0aXRsZSI6Ilx1NWJhMVx1NjgzOFx1N2YzNFx1OGQzOVx1OGJiMFx1NWY1NSIsInVybCI6Ii9zdGFyay93ZWIvcGF5bWVudHJlY29yZC9jaGVjay9saXN0LyIsInBpZCI6bnVsbCwicF90aXRsZSI6bnVsbCwicF91cmwiOm51bGx9LCJ3ZWJfc3R1ZGVudF9saXN0Ijp7ImlkIjozOCwidGl0bGUiOiJcdTViNjZcdTc1MWZcdTUyMTdcdTg4NjgiLCJ1cmwiOiIvc3Rhcmsvd2ViL3N0dWRlbnQvbGlzdC8iLCJwaWQiOm51bGwsInBfdGl0bGUiOm51bGwsInBfdXJsIjpudWxsfSwid2ViX3VzZXJpbmZvX2xpc3QiOnsiaWQiOjksInRpdGxlIjoiXHU3NTI4XHU2MjM3XHU1MjE3XHU4ODY4IiwidXJsIjoiL3N0YXJrL3dlYi91c2VyaW5mby9saXN0LyIsInBpZCI6bnVsbCwicF90aXRsZSI6bnVsbCwicF91cmwiOm51bGx9LCJyYmFjOnJvbGVfbGlzdCI6eyJpZCI6NDcsInRpdGxlIjoiXHU4OWQyXHU4MjcyXHU1MjE3XHU4ODY4IiwidXJsIjoiL3JiYWMvcm9sZS9saXN0LyIsInBpZCI6bnVsbCwicF90aXRsZSI6bnVsbCwicF91cmwiOm51bGx9LCJyYmFjOm1lbnVfbGlzdCI6eyJpZCI6NTEsInRpdGxlIjoiXHU4M2RjXHU1MzU1XHU1MjE3XHU4ODY4IiwidXJsIjoiL3JiYWMvbWVudS9saXN0LyIsInBpZCI6bnVsbCwicF90aXRsZSI6bnVsbCwicF91cmwiOm51bGx9LCJyYmFjOmRpc3RyaWJ1dGVfcGVybWlzc2lvbnMiOnsiaWQiOjYzLCJ0aXRsZSI6Ilx1NTIwNlx1OTE0ZFx1Njc0M1x1OTY1MCIsInVybCI6Ii9yYmFjL2Rpc3RyaWJ1dGUvcGVybWlzc2lvbnMvIiwicGlkIjpudWxsLCJwX3RpdGxlIjpudWxsLCJwX3VybCI6bnVsbH0sIndlYl9zY2hvb2xfYWRkIjp7ImlkIjoyLCJ0aXRsZSI6Ilx1NmRmYlx1NTJhMFx1NjgyMVx1NTMzYSIsInVybCI6Ii9zdGFyay93ZWIvc2Nob29sL2FkZC8iLCJwaWQiOjEsInBfdGl0bGUiOiJcdTY4MjFcdTUzM2FcdTUyMTdcdTg4NjgiLCJwX3VybCI6Ii9zdGFyay93ZWIvc2Nob29sL2xpc3QvIn0sIndlYl9zY2hvb2xfY2hhbmdlIjp7ImlkIjozLCJ0aXRsZSI6Ilx1NGZlZVx1NjUzOVx1NjgyMVx1NTMzYSIsInVybCI6Ii9zdGFyay93ZWIvc2Nob29sL2NoYW5nZS8oP1A8cGs+XFxkKykvIiwicGlkIjoxLCJwX3RpdGxlIjoiXHU2ODIxXHU1MzNhXHU1MjE3XHU4ODY4IiwicF91cmwiOiIvc3Rhcmsvd2ViL3NjaG9vbC9saXN0LyJ9LCJ3ZWJfc2Nob29sX2RlbGV0ZSI6eyJpZCI6NCwidGl0bGUiOiJcdTUyMjBcdTk2NjRcdTY4MjFcdTUzM2EiLCJ1cmwiOiIvc3Rhcmsvd2ViL3NjaG9vbC9kZWxldGUvKD9QPHBrPlxcZCspLyIsInBpZCI6MSwicF90aXRsZSI6Ilx1NjgyMVx1NTMzYVx1NTIxN1x1ODg2OCIsInBfdXJsIjoiL3N0YXJrL3dlYi9zY2hvb2wvbGlzdC8ifSwid2ViX2RlcGFydG1lbnRfYWRkIjp7ImlkIjo2LCJ0aXRsZSI6Ilx1NmRmYlx1NTJhMFx1OTBlOFx1OTVlOCIsInVybCI6Ii9zdGFyay93ZWIvZGVwYXJ0bWVudC9hZGQvIiwicGlkIjo1LCJwX3RpdGxlIjoiXHU5MGU4XHU5NWU4XHU1MjE3XHU4ODY4IiwicF91cmwiOiIvc3Rhcmsvd2ViL2RlcGFydG1lbnQvbGlzdC8ifSwid2ViX2RlcGFydG1lbnRfY2hhbmdlIjp7ImlkIjo3LCJ0aXRsZSI6Ilx1NGZlZVx1NjUzOVx1OTBlOFx1OTVlOCIsInVybCI6Ii9zdGFyay93ZWIvZGVwYXJ0bWVudC9jaGFuZ2UvKD9QPHBrPlxcZCspLyIsInBpZCI6NSwicF90aXRsZSI6Ilx1OTBlOFx1OTVlOFx1NTIxN1x1ODg2OCIsInBfdXJsIjoiL3N0YXJrL3dlYi9kZXBhcnRtZW50L2xpc3QvIn0sIndlYl9kZXBhcnRtZW50X2RlbGV0ZSI6eyJpZCI6OCwidGl0bGUiOiJcdTUyMjBcdTk2NjRcdTkwZThcdTk1ZTgiLCJ1cmwiOiIvc3Rhcmsvd2ViL2RlcGFydG1lbnQvZGVsZXRlLyg/UDxwaz5cXGQrKS8iLCJwaWQiOjUsInBfdGl0bGUiOiJcdTkwZThcdTk1ZThcdTUyMTdcdTg4NjgiLCJwX3VybCI6Ii9zdGFyay93ZWIvZGVwYXJ0bWVudC9saXN0LyJ9LCJ3ZWJfdXNlcmluZm9fYWRkIjp7ImlkIjoxMCwidGl0bGUiOiJcdTZkZmJcdTUyYTBcdTc1MjhcdTYyMzciLCJ1cmwiOiIvc3Rhcmsvd2ViL3VzZXJpbmZvL2FkZC8iLCJwaWQiOjksInBfdGl0bGUiOiJcdTc1MjhcdTYyMzdcdTUyMTdcdTg4NjgiLCJwX3VybCI6Ii9zdGFyay93ZWIvdXNlcmluZm8vbGlzdC8ifSwid2ViX3VzZXJpbmZvX2NoYW5nZSI6eyJpZCI6MTEsInRpdGxlIjoiXHU0ZmVlXHU2NTM5XHU3NTI4XHU2MjM3IiwidXJsIjoiL3N0YXJrL3dlYi91c2VyaW5mby9jaGFuZ2UvKD9QPHBrPlxcZCspLyIsInBpZCI6OSwicF90aXRsZSI6Ilx1NzUyOFx1NjIzN1x1NTIxN1x1ODg2OCIsInBfdXJsIjoiL3N0YXJrL3dlYi91c2VyaW5mby9saXN0LyJ9LCJ3ZWJfdXNlcmluZm9fZGVsZXRlIjp7ImlkIjoxMiwidGl0bGUiOiJcdTUyMjBcdTk2NjRcdTc1MjhcdTYyMzciLCJ1cmwiOiIvc3Rhcmsvd2ViL3VzZXJpbmZvL2RlbGV0ZS8oP1A8cGs+XFxkKykvIiwicGlkIjo5LCJwX3RpdGxlIjoiXHU3NTI4XHU2MjM3XHU1MjE3XHU4ODY4IiwicF91cmwiOiIvc3Rhcmsvd2ViL3VzZXJpbmZvL2xpc3QvIn0sIndlYl91c2VyaW5mb19yZXN0X3B3ZCI6eyJpZCI6MTMsInRpdGxlIjoiXHU5MWNkXHU3ZjZlXHU1YmM2XHU3ODAxIiwidXJsIjoiL3N0YXJrL3dlYi91c2VyaW5mby9yZXNldC9wYXNzd29yZC8oP1A8cGs+XFxkKykiLCJwaWQiOjksInBfdGl0bGUiOiJcdTc1MjhcdTYyMzdcdTUyMTdcdTg4NjgiLCJwX3VybCI6Ii9zdGFyay93ZWIvdXNlcmluZm8vbGlzdC8ifSwid2ViX2NvdXJzZV9hZGQiOnsiaWQiOjE1LCJ0aXRsZSI6Ilx1NmRmYlx1NTJhMFx1OGJmZVx1N2EwYiIsInVybCI6Ii9zdGFyay93ZWIvY291cnNlL2FkZC8iLCJwaWQiOjE0LCJwX3RpdGxlIjoiXHU4YmZlXHU3YTBiXHU1MjE3XHU4ODY4IiwicF91cmwiOiIvc3Rhcmsvd2ViL2NvdXJzZS9saXN0LyJ9LCJ3ZWJfY291cnNlX2NoYW5nZSI6eyJpZCI6MTYsInRpdGxlIjoiXHU0ZmVlXHU2NTM5XHU4YmZlXHU3YTBiIiwidXJsIjoiL3N0YXJrL3dlYi9jb3Vyc2UvY2hhbmdlLyg/UDxwaz5cXGQrKS8iLCJwaWQiOjE0LCJwX3RpdGxlIjoiXHU4YmZlXHU3YTBiXHU1MjE3XHU4ODY4IiwicF91cmwiOiIvc3Rhcmsvd2ViL2NvdXJzZS9saXN0LyJ9LCJ3ZWJfY291cnNlX2RlbGV0ZSI6eyJpZCI6MTcsInRpdGxlIjoiXHU1MjIwXHU5NjY0XHU4YmZlXHU3YTBiIiwidXJsIjoiL3N0YXJrL3dlYi9jb3Vyc2UvZGVsZXRlLyg/UDxwaz5cXGQrKS8iLCJwaWQiOjE0LCJwX3RpdGxlIjoiXHU4YmZlXHU3YTBiXHU1MjE3XHU4ODY4IiwicF91cmwiOiIvc3Rhcmsvd2ViL2NvdXJzZS9saXN0LyJ9LCJ3ZWJfY2xhc3NsaXN0X2FkZCI6eyJpZCI6MTksInRpdGxlIjoiXHU2ZGZiXHU1MmEwXHU3M2VkXHU3ZWE3IiwidXJsIjoiL3N0YXJrL3dlYi9jbGFzc2xpc3QvYWRkLyIsInBpZCI6MTgsInBfdGl0bGUiOiJcdTczZWRcdTdlYTdcdTUyMTdcdTg4NjgiLCJwX3VybCI6Ii9zdGFyay93ZWIvY2xhc3NsaXN0L2xpc3QvIn0sIndlYl9jbGFzc2xpc3RfY2hhbmdlIjp7ImlkIjoyMCwidGl0bGUiOiJcdTRmZWVcdTY1MzlcdTczZWRcdTdlYTciLCJ1cmwiOiIvc3Rhcmsvd2ViL2NsYXNzbGlzdC9jaGFuZ2UvKD9QPHBrPlxcZCspLyIsInBpZCI6MTgsInBfdGl0bGUiOiJcdTczZWRcdTdlYTdcdTUyMTdcdTg4NjgiLCJwX3VybCI6Ii9zdGFyay93ZWIvY2xhc3NsaXN0L2xpc3QvIn0sIndlYl9jbGFzc2xpc3RfZGVsZXRlIjp7ImlkIjoyMSwidGl0bGUiOiJcdTUyMjBcdTk2NjRcdTczZWRcdTdlYTciLCJ1cmwiOiIvc3Rhcmsvd2ViL2NsYXNzbGlzdC9kZWxldGUvKD9QPHBrPlxcZCspLyIsInBpZCI6MTgsInBfdGl0bGUiOiJcdTczZWRcdTdlYTdcdTUyMTdcdTg4NjgiLCJwX3VybCI6Ii9zdGFyay93ZWIvY2xhc3NsaXN0L2xpc3QvIn0sIndlYl9jdXN0b21lcl9wdWJfYWRkIjp7ImlkIjoyMywidGl0bGUiOiJcdTZkZmJcdTUyYTBcdTUxNmNcdTYyMzciLCJ1cmwiOiIvc3Rhcmsvd2ViL2N1c3RvbWVyL3B1Yi9hZGQvIiwicGlkIjoyMiwicF90aXRsZSI6Ilx1NTE2Y1x1NjIzN1x1NTIxN1x1ODg2OCIsInBfdXJsIjoiL3N0YXJrL3dlYi9jdXN0b21lci9wdWIvbGlzdC8ifSwid2ViX2N1c3RvbWVyX3B1Yl9jaGFuZ2UiOnsiaWQiOjI0LCJ0aXRsZSI6Ilx1NGZlZVx1NjUzOVx1NTE2Y1x1NjIzNyIsInVybCI6Ii9zdGFyay93ZWIvY3VzdG9tZXIvcHViL2NoYW5nZS8oP1A8cGs+XFxkKykvIiwicGlkIjoyMiwicF90aXRsZSI6Ilx1NTE2Y1x1NjIzN1x1NTIxN1x1ODg2OCIsInBfdXJsIjoiL3N0YXJrL3dlYi9jdXN0b21lci9wdWIvbGlzdC8ifSwid2ViX2N1c3RvbWVyX3B1Yl9kZWxldGUiOnsiaWQiOjI1LCJ0aXRsZSI6Ilx1NTIyMFx1OTY2NFx1NTE2Y1x1NjIzNyIsInVybCI6Ii9zdGFyay93ZWIvY3VzdG9tZXIvcHViL2RlbGV0ZS8oP1A8cGs+XFxkKykvIiwicGlkIjoyMiwicF90aXRsZSI6Ilx1NTE2Y1x1NjIzN1x1NTIxN1x1ODg2OCIsInBfdXJsIjoiL3N0YXJrL3dlYi9jdXN0b21lci9wdWIvbGlzdC8ifSwid2ViX2N1c3RvbWVyX3B1Yl9yZWNvcmRfdmlldyI6eyJpZCI6MjYsInRpdGxlIjoiXHU2N2U1XHU3NzBiXHU1MTZjXHU2MjM3XHU4ZGRmXHU4ZmRiXHU4YmIwXHU1ZjU1IiwidXJsIjoiL3N0YXJrL3dlYi9jdXN0b21lci9wdWIvcmVjb3JkLyg/UDxwaz5cXGQrKSIsInBpZCI6MjIsInBfdGl0bGUiOiJcdTUxNmNcdTYyMzdcdTUyMTdcdTg4NjgiLCJwX3VybCI6Ii9zdGFyay93ZWIvY3VzdG9tZXIvcHViL2xpc3QvIn0sIndlYl9jdXN0b21lcl9wcml2X2FkZCI6eyJpZCI6MjgsInRpdGxlIjoiXHU2ZGZiXHU1MmEwXHU2MjExXHU3Njg0XHU1YmEyXHU2MjM3IiwidXJsIjoiL3N0YXJrL3dlYi9jdXN0b21lci9wcml2L2FkZC8iLCJwaWQiOjI3LCJwX3RpdGxlIjoiXHU3OWMxXHU2MjM3XHU1MjE3XHU4ODY4IiwicF91cmwiOiIvc3Rhcmsvd2ViL2N1c3RvbWVyL3ByaXYvbGlzdC8ifSwid2ViX2N1c3RvbWVyX3ByaXZfY2hhbmdlIjp7ImlkIjoyOSwidGl0bGUiOiJcdTRmZWVcdTY1MzlcdTYyMTFcdTc2ODRcdTViYTJcdTYyMzciLCJ1cmwiOiIvc3Rhcmsvd2ViL2N1c3RvbWVyL3ByaXYvY2hhbmdlLyg/UDxwaz5cXGQrKS8iLCJwaWQiOjI3LCJwX3RpdGxlIjoiXHU3OWMxXHU2MjM3XHU1MjE3XHU4ODY4IiwicF91cmwiOiIvc3Rhcmsvd2ViL2N1c3RvbWVyL3ByaXYvbGlzdC8ifSwid2ViX2N1c3RvbWVyX3ByaXZfZGVsZXRlIjp7ImlkIjozMCwidGl0bGUiOiJcdTUyMjBcdTk2NjRcdTYyMTFcdTc2ODRcdTViYTJcdTYyMzciLCJ1cmwiOiIvc3Rhcmsvd2ViL2N1c3RvbWVyL3ByaXYvZGVsZXRlLyg/UDxwaz5cXGQrKS8iLCJwaWQiOjI3LCJwX3RpdGxlIjoiXHU3OWMxXHU2MjM3XHU1MjE3XHU4ODY4IiwicF91cmwiOiIvc3Rhcmsvd2ViL2N1c3RvbWVyL3ByaXYvbGlzdC8ifSwid2ViX2NvbnN1bHRyZWNvcmRfbGlzdCI6eyJpZCI6MzEsInRpdGxlIjoiXHU4ZGRmXHU4ZmRiXHU1MjE3XHU4ODY4IiwidXJsIjoiL3N0YXJrL3dlYi9jb25zdWx0cmVjb3JkL2xpc3QvKD9QPGN1c3RvbWVyX2lkPlxcZCspLyIsInBpZCI6MjcsInBfdGl0bGUiOiJcdTc5YzFcdTYyMzdcdTUyMTdcdTg4NjgiLCJwX3VybCI6Ii9zdGFyay93ZWIvY3VzdG9tZXIvcHJpdi9saXN0LyJ9LCJ3ZWJfY29uc3VsdHJlY29yZF9hZGQiOnsiaWQiOjMyLCJ0aXRsZSI6Ilx1NmRmYlx1NTJhMFx1OGRkZlx1OGZkYlx1OGJiMFx1NWY1NSIsInVybCI6Ii9zdGFyay93ZWIvY29uc3VsdHJlY29yZC9hZGQvKD9QPGN1c3RvbWVyX2lkPlxcZCspLyIsInBpZCI6MjcsInBfdGl0bGUiOiJcdTc5YzFcdTYyMzdcdTUyMTdcdTg4NjgiLCJwX3VybCI6Ii9zdGFyay93ZWIvY3VzdG9tZXIvcHJpdi9saXN0LyJ9LCJ3ZWJfY29uc3VsdHJlY29yZF9jaGFuZ2UiOnsiaWQiOjMzLCJ0aXRsZSI6Ilx1NGZlZVx1NjUzOVx1OGRkZlx1OGZkYlx1OGJiMFx1NWY1NSIsInVybCI6Ii9zdGFyay93ZWIvY29uc3VsdHJlY29yZC9jaGFuZ2UvKD9QPGN1c3RvbWVyX2lkPlxcZCspLyg/UDxwaz5cXGQrKS8iLCJwaWQiOjI3LCJwX3RpdGxlIjoiXHU3OWMxXHU2MjM3XHU1MjE3XHU4ODY4IiwicF91cmwiOiIvc3Rhcmsvd2ViL2N1c3RvbWVyL3ByaXYvbGlzdC8ifSwid2ViX2NvbnN1bHRyZWNvcmRfZGVsZXRlIjp7ImlkIjozNCwidGl0bGUiOiJcdTUyMjBcdTk2NjRcdThkZGZcdThmZGJcdThiYjBcdTVmNTUiLCJ1cmwiOiIvc3Rhcmsvd2ViL2NvbnN1bHRyZWNvcmQvZGVsZXRlLyg/UDxjdXN0b21lcl9pZD5cXGQrKS8oP1A8cGs+XFxkKykvIiwicGlkIjoyNywicF90aXRsZSI6Ilx1NzljMVx1NjIzN1x1NTIxN1x1ODg2OCIsInBfdXJsIjoiL3N0YXJrL3dlYi9jdXN0b21lci9wcml2L2xpc3QvIn0sIndlYl9wYXltZW50cmVjb3JkX2xpc3QiOnsiaWQiOjM1LCJ0aXRsZSI6Ilx1N2YzNFx1OGQzOVx1OGJiMFx1NWY1NVx1NTIxN1x1ODg2OCIsInVybCI6Ii9zdGFyay93ZWIvcGF5bWVudHJlY29yZC9saXN0Lyg/UDxjdXN0b21lcl9pZD5cXGQrKS8iLCJwaWQiOjI3LCJwX3RpdGxlIjoiXHU3OWMxXHU2MjM3XHU1MjE3XHU4ODY4IiwicF91cmwiOiIvc3Rhcmsvd2ViL2N1c3RvbWVyL3ByaXYvbGlzdC8ifSwid2ViX3BheW1lbnRyZWNvcmRfYWRkIjp7ImlkIjozNiwidGl0bGUiOiJcdTZkZmJcdTUyYTBcdTdmMzRcdThkMzlcdThiYjBcdTVmNTUiLCJ1cmwiOiIvc3Rhcmsvd2ViL3BheW1lbnRyZWNvcmQvYWRkLyg/UDxjdXN0b21lcl9pZD5cXGQrKS8iLCJwaWQiOjI3LCJwX3RpdGxlIjoiXHU3OWMxXHU2MjM3XHU1MjE3XHU4ODY4IiwicF91cmwiOiIvc3Rhcmsvd2ViL2N1c3RvbWVyL3ByaXYvbGlzdC8ifSwid2ViX3N0dWRlbnRfY2hhbmdlIjp7ImlkIjozOSwidGl0bGUiOiJcdTRmZWVcdTY1MzlcdTViNjZcdTc1MWZcdTRmZTFcdTYwNmYiLCJ1cmwiOiIvc3Rhcmsvd2ViL3N0dWRlbnQvY2hhbmdlLyg/UDxwaz5cXGQrKS8iLCJwaWQiOjM4LCJwX3RpdGxlIjoiXHU1YjY2XHU3NTFmXHU1MjE3XHU4ODY4IiwicF91cmwiOiIvc3Rhcmsvd2ViL3N0dWRlbnQvbGlzdC8ifSwid2ViX3Njb3JlcmVjb3JkX2xpc3QiOnsiaWQiOjQwLCJ0aXRsZSI6Ilx1NzllZlx1NTIwNlx1NTIxN1x1ODg2OCIsInVybCI6Ii9zdGFyay93ZWIvc2NvcmVyZWNvcmQvbGlzdC8oP1A8c3R1ZGVudF9pZD5cXGQrKS8iLCJwaWQiOjM4LCJwX3RpdGxlIjoiXHU1YjY2XHU3NTFmXHU1MjE3XHU4ODY4IiwicF91cmwiOiIvc3Rhcmsvd2ViL3N0dWRlbnQvbGlzdC8ifSwid2ViX3Njb3JlcmVjb3JkX2FkZCI6eyJpZCI6NDEsInRpdGxlIjoiXHU2ZGZiXHU1MmEwXHU3OWVmXHU1MjA2XHU4YmIwXHU1ZjU1IiwidXJsIjoiL3N0YXJrL3dlYi9zY29yZXJlY29yZC9hZGQvKD9QPHN0dWRlbnRfaWQ+XFxkKykvIiwicGlkIjozOCwicF90aXRsZSI6Ilx1NWI2Nlx1NzUxZlx1NTIxN1x1ODg2OCIsInBfdXJsIjoiL3N0YXJrL3dlYi9zdHVkZW50L2xpc3QvIn0sIndlYl9jb3Vyc2VyZWNvcmRfbGlzdCI6eyJpZCI6NDIsInRpdGxlIjoiXHU0ZTBhXHU4YmZlXHU4YmIwXHU1ZjU1XHU1MjE3XHU4ODY4IiwidXJsIjoiL3N0YXJrL3dlYi9jb3Vyc2VyZWNvcmQvbGlzdC8oP1A8Y2xhc3NfaWQ+XFxkKykvIiwicGlkIjoxOCwicF90aXRsZSI6Ilx1NzNlZFx1N2VhN1x1NTIxN1x1ODg2OCIsInBfdXJsIjoiL3N0YXJrL3dlYi9jbGFzc2xpc3QvbGlzdC8ifSwid2ViX2NvdXJzZXJlY29yZF9hZGQiOnsiaWQiOjQzLCJ0aXRsZSI6Ilx1NmRmYlx1NTJhMFx1NGUwYVx1OGJmZVx1OGJiMFx1NWY1NSIsInVybCI6Ii9zdGFyay93ZWIvY291cnNlcmVjb3JkL2FkZC8oP1A8Y2xhc3NfaWQ+XFxkKykvIiwicGlkIjoxOCwicF90aXRsZSI6Ilx1NzNlZFx1N2VhN1x1NTIxN1x1ODg2OCIsInBfdXJsIjoiL3N0YXJrL3dlYi9jbGFzc2xpc3QvbGlzdC8ifSwid2ViX2NvdXJzZXJlY29yZF9jaGFuZ2UiOnsiaWQiOjQ0LCJ0aXRsZSI6Ilx1NGZlZVx1NjUzOVx1NGUwYVx1OGJmZVx1OGJiMFx1NWY1NSIsInVybCI6Ii9zdGFyay93ZWIvY291cnNlcmVjb3JkL2NoYW5nZS8oP1A8Y2xhc3NfaWQ+XFxkKykvKD9QPHBrPlxcZCspLyIsInBpZCI6MTgsInBfdGl0bGUiOiJcdTczZWRcdTdlYTdcdTUyMTdcdTg4NjgiLCJwX3VybCI6Ii9zdGFyay93ZWIvY2xhc3NsaXN0L2xpc3QvIn0sIndlYl9jb3Vyc2VyZWNvcmRfZGVsZXRlIjp7ImlkIjo0NSwidGl0bGUiOiJcdTUyMjBcdTk2NjRcdTRlMGFcdThiZmVcdThiYjBcdTVmNTUiLCJ1cmwiOiIvc3Rhcmsvd2ViL2NvdXJzZXJlY29yZC9kZWxldGUvKD9QPGNsYXNzX2lkPlxcZCspLyg/UDxwaz5cXGQrKS8iLCJwaWQiOjE4LCJwX3RpdGxlIjoiXHU3M2VkXHU3ZWE3XHU1MjE3XHU4ODY4IiwicF91cmwiOiIvc3Rhcmsvd2ViL2NsYXNzbGlzdC9saXN0LyJ9LCJ3ZWJfY291cnNlcmVjb3JkX2F0dGVuZGFuY2UiOnsiaWQiOjQ2LCJ0aXRsZSI6Ilx1ODAwM1x1NTJlNFx1N2JhMVx1NzQwNiIsInVybCI6Ii9zdGFyay93ZWIvY291cnNlcmVjb3JkL2F0dGVuZGFuY2UvKD9QPGNvdXJzZV9yZWNvcmRfaWQ+XFxkKykvIiwicGlkIjoxOCwicF90aXRsZSI6Ilx1NzNlZFx1N2VhN1x1NTIxN1x1ODg2OCIsInBfdXJsIjoiL3N0YXJrL3dlYi9jbGFzc2xpc3QvbGlzdC8ifSwicmJhYzpyb2xlX2FkZCI6eyJpZCI6NDgsInRpdGxlIjoiXHU2ZGZiXHU1MmEwXHU4OWQyXHU4MjcyIiwidXJsIjoiL3JiYWMvcm9sZS9hZGQvIiwicGlkIjo0NywicF90aXRsZSI6Ilx1ODlkMlx1ODI3Mlx1NTIxN1x1ODg2OCIsInBfdXJsIjoiL3JiYWMvcm9sZS9saXN0LyJ9LCJyYmFjOnJvbGVfZWRpdCI6eyJpZCI6NDksInRpdGxlIjoiXHU0ZmVlXHU2NTM5XHU4OWQyXHU4MjcyIiwidXJsIjoiL3JiYWMvcm9sZS9lZGl0Lyg/UDxwaz5cXGQrKS8iLCJwaWQiOjQ3LCJwX3RpdGxlIjoiXHU4OWQyXHU4MjcyXHU1MjE3XHU4ODY4IiwicF91cmwiOiIvcmJhYy9yb2xlL2xpc3QvIn0sInJiYWM6cm9sZV9kZWwiOnsiaWQiOjUwLCJ0aXRsZSI6Ilx1NTIyMFx1OTY2NFx1ODlkMlx1ODI3MiIsInVybCI6Ii9yYmFjL3JvbGUvZGVsLyg/UDxwaz5cXGQrKS8iLCJwaWQiOjQ3LCJwX3RpdGxlIjoiXHU4OWQyXHU4MjcyXHU1MjE3XHU4ODY4IiwicF91cmwiOiIvcmJhYy9yb2xlL2xpc3QvIn0sInJiYWM6bWVudV9hZGQiOnsiaWQiOjUyLCJ0aXRsZSI6Ilx1NmRmYlx1NTJhMFx1ODNkY1x1NTM1NSIsInVybCI6Ii9yYmFjL21lbnUvYWRkLyIsInBpZCI6NTEsInBfdGl0bGUiOiJcdTgzZGNcdTUzNTVcdTUyMTdcdTg4NjgiLCJwX3VybCI6Ii9yYmFjL21lbnUvbGlzdC8ifSwicmJhYzptZW51X2VkaXQiOnsiaWQiOjUzLCJ0aXRsZSI6Ilx1NGZlZVx1NjUzOVx1ODNkY1x1NTM1NSIsInVybCI6Ii9yYmFjL21lbnUvZWRpdC8oP1A8cGs+XFxkKykvIiwicGlkIjo1MSwicF90aXRsZSI6Ilx1ODNkY1x1NTM1NVx1NTIxN1x1ODg2OCIsInBfdXJsIjoiL3JiYWMvbWVudS9saXN0LyJ9LCJyYmFjOm1lbnVfZGVsIjp7ImlkIjo1NCwidGl0bGUiOiJcdTUyMjBcdTk2NjRcdTgzZGNcdTUzNTUiLCJ1cmwiOiIvcmJhYy9tZW51L2RlbC8oP1A8cGs+XFxkKykvIiwicGlkIjo1MSwicF90aXRsZSI6Ilx1ODNkY1x1NTM1NVx1NTIxN1x1ODg2OCIsInBfdXJsIjoiL3JiYWMvbWVudS9saXN0LyJ9LCJyYmFjOnNlY29uZF9tZW51X2FkZCI6eyJpZCI6NTUsInRpdGxlIjoiXHU2ZGZiXHU1MmEwXHU0ZThjXHU3ZWE3XHU4M2RjXHU1MzU1IiwidXJsIjoiL3JiYWMvc2Vjb25kL21lbnUvYWRkLyg/UDxtZW51X2lkPlxcZCspLyIsInBpZCI6NTEsInBfdGl0bGUiOiJcdTgzZGNcdTUzNTVcdTUyMTdcdTg4NjgiLCJwX3VybCI6Ii9yYmFjL21lbnUvbGlzdC8ifSwicmJhYzpzZWNvbmRfbWVudV9lZGl0Ijp7ImlkIjo1NiwidGl0bGUiOiJcdTRmZWVcdTY1MzlcdTRlOGNcdTdlYTdcdTgzZGNcdTUzNTUiLCJ1cmwiOiIvcmJhYy9zZWNvbmQvbWVudS9lZGl0Lyg/UDxwaz5cXGQrKS8iLCJwaWQiOjUxLCJwX3RpdGxlIjoiXHU4M2RjXHU1MzU1XHU1MjE3XHU4ODY4IiwicF91cmwiOiIvcmJhYy9tZW51L2xpc3QvIn0sInJiYWM6c2Vjb25kX21lbnVfZGVsIjp7ImlkIjo1NywidGl0bGUiOiJcdTUyMjBcdTk2NjRcdTRlOGNcdTdlYTdcdTgzZGNcdTUzNTUiLCJ1cmwiOiIvcmJhYy9zZWNvbmQvbWVudS9kZWwvKD9QPHBrPlxcZCspLyIsInBpZCI6NTEsInBfdGl0bGUiOiJcdTgzZGNcdTUzNTVcdTUyMTdcdTg4NjgiLCJwX3VybCI6Ii9yYmFjL21lbnUvbGlzdC8ifSwicmJhYzpwZXJtaXNzaW9uX2FkZCI6eyJpZCI6NTgsInRpdGxlIjoiXHU2ZGZiXHU1MmEwXHU2NzQzXHU5NjUwIiwidXJsIjoiL3JiYWMvcGVybWlzc2lvbi9hZGQvKD9QPHNlY29uZF9tZW51X2lkPlxcZCspLyIsInBpZCI6NTEsInBfdGl0bGUiOiJcdTgzZGNcdTUzNTVcdTUyMTdcdTg4NjgiLCJwX3VybCI6Ii9yYmFjL21lbnUvbGlzdC8ifSwicmJhYzpwZXJtaXNzaW9uX2VkaXQiOnsiaWQiOjU5LCJ0aXRsZSI6Ilx1NGZlZVx1NjUzOVx1Njc0M1x1OTY1MCIsInVybCI6Ii9yYmFjL3Blcm1pc3Npb24vZWRpdC8oP1A8cGs+XFxkKykvIiwicGlkIjo1MSwicF90aXRsZSI6Ilx1ODNkY1x1NTM1NVx1NTIxN1x1ODg2OCIsInBfdXJsIjoiL3JiYWMvbWVudS9saXN0LyJ9LCJyYmFjOnBlcm1pc3Npb25fZGVsIjp7ImlkIjo2MCwidGl0bGUiOiJcdTUyMjBcdTk2NjRcdTY3NDNcdTk2NTAiLCJ1cmwiOiIvcmJhYy9wZXJtaXNzaW9uL2RlbC8oP1A8cGs+XFxkKykvIiwicGlkIjo1MSwicF90aXRsZSI6Ilx1ODNkY1x1NTM1NVx1NTIxN1x1ODg2OCIsInBfdXJsIjoiL3JiYWMvbWVudS9saXN0LyJ9LCJyYmFjOm11bHRpX3Blcm1pc3Npb25zIjp7ImlkIjo2MSwidGl0bGUiOiJcdTYyNzlcdTkxY2ZcdTY0Y2RcdTRmNWNcdTY3NDNcdTk2NTAiLCJ1cmwiOiIvcmJhYy9tdWx0aS9wZXJtaXNzaW9ucy8iLCJwaWQiOjUxLCJwX3RpdGxlIjoiXHU4M2RjXHU1MzU1XHU1MjE3XHU4ODY4IiwicF91cmwiOiIvcmJhYy9tZW51L2xpc3QvIn0sInJiYWM6bXVsdGlfcGVybWlzc2lvbnNfZGVsIjp7ImlkIjo2MiwidGl0bGUiOiJcdTYyNzlcdTkxY2ZcdTUyMjBcdTk2NjRcdTY3NDNcdTk2NTAiLCJ1cmwiOiIvcmJhYy9tdWx0aS9wZXJtaXNzaW9ucy9kZWwvKD9QPHBrPlxcZCspLyIsInBpZCI6NTEsInBfdGl0bGUiOiJcdTgzZGNcdTUzNTVcdTUyMTdcdTg4NjgiLCJwX3VybCI6Ii9yYmFjL21lbnUvbGlzdC8ifX0sInVzZXJfaW5mbyI6eyJpZCI6MTAsIm5pY2tuYW1lIjoiXHU1ZjIwXHU1NzY0In19', '2019-12-12 17:13:40.357271');
INSERT INTO `django_session` VALUES ('e5atvwpy816myl3dwyo9i5e04vyvorwo', 'OGZmNmU4YTUyZWFlNDlkZDI4MGNhMWExNGE1MDViZTBlYzllZmVkMzp7ImNvbXBhbnlfbWVudV9saXN0X2tleSI6eyIxIjp7InRpdGxlIjoiXHU0ZjAxXHU0ZTFhXHU3YmExXHU3NDA2IiwiaWNvbiI6ImZhIGZhLWN1YmVzIiwiY2hpbGRyZW4iOlt7ImlkIjoxLCJ0aXRsZSI6Ilx1NjgyMVx1NTMzYVx1NTIxN1x1ODg2OCIsInVybCI6Ii9zdGFyay93ZWIvc2Nob29sL2xpc3QvIn0seyJpZCI6NSwidGl0bGUiOiJcdTkwZThcdTk1ZThcdTUyMTdcdTg4NjgiLCJ1cmwiOiIvc3Rhcmsvd2ViL2RlcGFydG1lbnQvbGlzdC8ifSx7ImlkIjoxNCwidGl0bGUiOiJcdThiZmVcdTdhMGJcdTUyMTdcdTg4NjgiLCJ1cmwiOiIvc3Rhcmsvd2ViL2NvdXJzZS9saXN0LyJ9LHsiaWQiOjE4LCJ0aXRsZSI6Ilx1NzNlZFx1N2VhN1x1NTIxN1x1ODg2OCIsInVybCI6Ii9zdGFyay93ZWIvY2xhc3NsaXN0L2xpc3QvIn1dfSwiMiI6eyJ0aXRsZSI6Ilx1OTYzZlx1NjVhZlx1OTg3Zlx1NTNkMVx1OTAwMVx1NTIzMFx1NTNkMSIsImljb24iOiJmYSBmYS1jdWJlcyIsImNoaWxkcmVuIjpbeyJpZCI6MjIsInRpdGxlIjoiXHU1MTZjXHU2MjM3XHU1MjE3XHU4ODY4IiwidXJsIjoiL3N0YXJrL3dlYi9jdXN0b21lci9wdWIvbGlzdC8ifSx7ImlkIjoyNywidGl0bGUiOiJcdTc5YzFcdTYyMzdcdTUyMTdcdTg4NjgiLCJ1cmwiOiIvc3Rhcmsvd2ViL2N1c3RvbWVyL3ByaXYvbGlzdC8ifSx7ImlkIjozNywidGl0bGUiOiJcdTViYTFcdTY4MzhcdTdmMzRcdThkMzlcdThiYjBcdTVmNTUiLCJ1cmwiOiIvc3Rhcmsvd2ViL3BheW1lbnRyZWNvcmQvY2hlY2svbGlzdC8ifV19LCIzIjp7InRpdGxlIjoiXHU1YjY2XHU1NDU4XHU3YmExXHU3NDA2IiwiaWNvbiI6ImZhIGZhLXVzZXIiLCJjaGlsZHJlbiI6W3siaWQiOjM4LCJ0aXRsZSI6Ilx1NWI2Nlx1NzUxZlx1NTIxN1x1ODg2OCIsInVybCI6Ii9zdGFyay93ZWIvc3R1ZGVudC9saXN0LyJ9XX0sIjQiOnsidGl0bGUiOiJcdTY3NDNcdTk2NTBcdTdiYTFcdTc0MDYiLCJpY29uIjoiZmEgZmEtY3ViZXMiLCJjaGlsZHJlbiI6W3siaWQiOjksInRpdGxlIjoiXHU3NTI4XHU2MjM3XHU1MjE3XHU4ODY4IiwidXJsIjoiL3N0YXJrL3dlYi91c2VyaW5mby9saXN0LyJ9LHsiaWQiOjQ3LCJ0aXRsZSI6Ilx1ODlkMlx1ODI3Mlx1NTIxN1x1ODg2OCIsInVybCI6Ii9yYmFjL3JvbGUvbGlzdC8ifSx7ImlkIjo1MSwidGl0bGUiOiJcdTgzZGNcdTUzNTVcdTUyMTdcdTg4NjgiLCJ1cmwiOiIvcmJhYy9tZW51L2xpc3QvIn0seyJpZCI6NjMsInRpdGxlIjoiXHU1MjA2XHU5MTRkXHU2NzQzXHU5NjUwIiwidXJsIjoiL3JiYWMvZGlzdHJpYnV0ZS9wZXJtaXNzaW9ucy8ifV19fSwiY29tcGFueV9wZXJtaXNzaW9uX3VybF9saXN0X2tleSI6eyJ3ZWJfc2Nob29sX2xpc3QiOnsiaWQiOjEsInRpdGxlIjoiXHU2ODIxXHU1MzNhXHU1MjE3XHU4ODY4IiwidXJsIjoiL3N0YXJrL3dlYi9zY2hvb2wvbGlzdC8iLCJwaWQiOm51bGwsInBfdGl0bGUiOm51bGwsInBfdXJsIjpudWxsfSwid2ViX2RlcGFydG1lbnRfbGlzdCI6eyJpZCI6NSwidGl0bGUiOiJcdTkwZThcdTk1ZThcdTUyMTdcdTg4NjgiLCJ1cmwiOiIvc3Rhcmsvd2ViL2RlcGFydG1lbnQvbGlzdC8iLCJwaWQiOm51bGwsInBfdGl0bGUiOm51bGwsInBfdXJsIjpudWxsfSwid2ViX2NvdXJzZV9saXN0Ijp7ImlkIjoxNCwidGl0bGUiOiJcdThiZmVcdTdhMGJcdTUyMTdcdTg4NjgiLCJ1cmwiOiIvc3Rhcmsvd2ViL2NvdXJzZS9saXN0LyIsInBpZCI6bnVsbCwicF90aXRsZSI6bnVsbCwicF91cmwiOm51bGx9LCJ3ZWJfY2xhc3NsaXN0X2xpc3QiOnsiaWQiOjE4LCJ0aXRsZSI6Ilx1NzNlZFx1N2VhN1x1NTIxN1x1ODg2OCIsInVybCI6Ii9zdGFyay93ZWIvY2xhc3NsaXN0L2xpc3QvIiwicGlkIjpudWxsLCJwX3RpdGxlIjpudWxsLCJwX3VybCI6bnVsbH0sIndlYl9jdXN0b21lcl9wdWJfbGlzdCI6eyJpZCI6MjIsInRpdGxlIjoiXHU1MTZjXHU2MjM3XHU1MjE3XHU4ODY4IiwidXJsIjoiL3N0YXJrL3dlYi9jdXN0b21lci9wdWIvbGlzdC8iLCJwaWQiOm51bGwsInBfdGl0bGUiOm51bGwsInBfdXJsIjpudWxsfSwid2ViX2N1c3RvbWVyX3ByaXZfbGlzdCI6eyJpZCI6MjcsInRpdGxlIjoiXHU3OWMxXHU2MjM3XHU1MjE3XHU4ODY4IiwidXJsIjoiL3N0YXJrL3dlYi9jdXN0b21lci9wcml2L2xpc3QvIiwicGlkIjpudWxsLCJwX3RpdGxlIjpudWxsLCJwX3VybCI6bnVsbH0sIndlYl9wYXltZW50cmVjb3JkX2NoZWNrX2xpc3QiOnsiaWQiOjM3LCJ0aXRsZSI6Ilx1NWJhMVx1NjgzOFx1N2YzNFx1OGQzOVx1OGJiMFx1NWY1NSIsInVybCI6Ii9zdGFyay93ZWIvcGF5bWVudHJlY29yZC9jaGVjay9saXN0LyIsInBpZCI6bnVsbCwicF90aXRsZSI6bnVsbCwicF91cmwiOm51bGx9LCJ3ZWJfc3R1ZGVudF9saXN0Ijp7ImlkIjozOCwidGl0bGUiOiJcdTViNjZcdTc1MWZcdTUyMTdcdTg4NjgiLCJ1cmwiOiIvc3Rhcmsvd2ViL3N0dWRlbnQvbGlzdC8iLCJwaWQiOm51bGwsInBfdGl0bGUiOm51bGwsInBfdXJsIjpudWxsfSwid2ViX3VzZXJpbmZvX2xpc3QiOnsiaWQiOjksInRpdGxlIjoiXHU3NTI4XHU2MjM3XHU1MjE3XHU4ODY4IiwidXJsIjoiL3N0YXJrL3dlYi91c2VyaW5mby9saXN0LyIsInBpZCI6bnVsbCwicF90aXRsZSI6bnVsbCwicF91cmwiOm51bGx9LCJyYmFjOnJvbGVfbGlzdCI6eyJpZCI6NDcsInRpdGxlIjoiXHU4OWQyXHU4MjcyXHU1MjE3XHU4ODY4IiwidXJsIjoiL3JiYWMvcm9sZS9saXN0LyIsInBpZCI6bnVsbCwicF90aXRsZSI6bnVsbCwicF91cmwiOm51bGx9LCJyYmFjOm1lbnVfbGlzdCI6eyJpZCI6NTEsInRpdGxlIjoiXHU4M2RjXHU1MzU1XHU1MjE3XHU4ODY4IiwidXJsIjoiL3JiYWMvbWVudS9saXN0LyIsInBpZCI6bnVsbCwicF90aXRsZSI6bnVsbCwicF91cmwiOm51bGx9LCJyYmFjOmRpc3RyaWJ1dGVfcGVybWlzc2lvbnMiOnsiaWQiOjYzLCJ0aXRsZSI6Ilx1NTIwNlx1OTE0ZFx1Njc0M1x1OTY1MCIsInVybCI6Ii9yYmFjL2Rpc3RyaWJ1dGUvcGVybWlzc2lvbnMvIiwicGlkIjpudWxsLCJwX3RpdGxlIjpudWxsLCJwX3VybCI6bnVsbH0sIndlYl9zY2hvb2xfYWRkIjp7ImlkIjoyLCJ0aXRsZSI6Ilx1NmRmYlx1NTJhMFx1NjgyMVx1NTMzYSIsInVybCI6Ii9zdGFyay93ZWIvc2Nob29sL2FkZC8iLCJwaWQiOjEsInBfdGl0bGUiOiJcdTY4MjFcdTUzM2FcdTUyMTdcdTg4NjgiLCJwX3VybCI6Ii9zdGFyay93ZWIvc2Nob29sL2xpc3QvIn0sIndlYl9zY2hvb2xfY2hhbmdlIjp7ImlkIjozLCJ0aXRsZSI6Ilx1NGZlZVx1NjUzOVx1NjgyMVx1NTMzYSIsInVybCI6Ii9zdGFyay93ZWIvc2Nob29sL2NoYW5nZS8oP1A8cGs+XFxkKykvIiwicGlkIjoxLCJwX3RpdGxlIjoiXHU2ODIxXHU1MzNhXHU1MjE3XHU4ODY4IiwicF91cmwiOiIvc3Rhcmsvd2ViL3NjaG9vbC9saXN0LyJ9LCJ3ZWJfc2Nob29sX2RlbGV0ZSI6eyJpZCI6NCwidGl0bGUiOiJcdTUyMjBcdTk2NjRcdTY4MjFcdTUzM2EiLCJ1cmwiOiIvc3Rhcmsvd2ViL3NjaG9vbC9kZWxldGUvKD9QPHBrPlxcZCspLyIsInBpZCI6MSwicF90aXRsZSI6Ilx1NjgyMVx1NTMzYVx1NTIxN1x1ODg2OCIsInBfdXJsIjoiL3N0YXJrL3dlYi9zY2hvb2wvbGlzdC8ifSwid2ViX2RlcGFydG1lbnRfYWRkIjp7ImlkIjo2LCJ0aXRsZSI6Ilx1NmRmYlx1NTJhMFx1OTBlOFx1OTVlOCIsInVybCI6Ii9zdGFyay93ZWIvZGVwYXJ0bWVudC9hZGQvIiwicGlkIjo1LCJwX3RpdGxlIjoiXHU5MGU4XHU5NWU4XHU1MjE3XHU4ODY4IiwicF91cmwiOiIvc3Rhcmsvd2ViL2RlcGFydG1lbnQvbGlzdC8ifSwid2ViX2RlcGFydG1lbnRfY2hhbmdlIjp7ImlkIjo3LCJ0aXRsZSI6Ilx1NGZlZVx1NjUzOVx1OTBlOFx1OTVlOCIsInVybCI6Ii9zdGFyay93ZWIvZGVwYXJ0bWVudC9jaGFuZ2UvKD9QPHBrPlxcZCspLyIsInBpZCI6NSwicF90aXRsZSI6Ilx1OTBlOFx1OTVlOFx1NTIxN1x1ODg2OCIsInBfdXJsIjoiL3N0YXJrL3dlYi9kZXBhcnRtZW50L2xpc3QvIn0sIndlYl9kZXBhcnRtZW50X2RlbGV0ZSI6eyJpZCI6OCwidGl0bGUiOiJcdTUyMjBcdTk2NjRcdTkwZThcdTk1ZTgiLCJ1cmwiOiIvc3Rhcmsvd2ViL2RlcGFydG1lbnQvZGVsZXRlLyg/UDxwaz5cXGQrKS8iLCJwaWQiOjUsInBfdGl0bGUiOiJcdTkwZThcdTk1ZThcdTUyMTdcdTg4NjgiLCJwX3VybCI6Ii9zdGFyay93ZWIvZGVwYXJ0bWVudC9saXN0LyJ9LCJ3ZWJfdXNlcmluZm9fYWRkIjp7ImlkIjoxMCwidGl0bGUiOiJcdTZkZmJcdTUyYTBcdTc1MjhcdTYyMzciLCJ1cmwiOiIvc3Rhcmsvd2ViL3VzZXJpbmZvL2FkZC8iLCJwaWQiOjksInBfdGl0bGUiOiJcdTc1MjhcdTYyMzdcdTUyMTdcdTg4NjgiLCJwX3VybCI6Ii9zdGFyay93ZWIvdXNlcmluZm8vbGlzdC8ifSwid2ViX3VzZXJpbmZvX2NoYW5nZSI6eyJpZCI6MTEsInRpdGxlIjoiXHU0ZmVlXHU2NTM5XHU3NTI4XHU2MjM3IiwidXJsIjoiL3N0YXJrL3dlYi91c2VyaW5mby9jaGFuZ2UvKD9QPHBrPlxcZCspLyIsInBpZCI6OSwicF90aXRsZSI6Ilx1NzUyOFx1NjIzN1x1NTIxN1x1ODg2OCIsInBfdXJsIjoiL3N0YXJrL3dlYi91c2VyaW5mby9saXN0LyJ9LCJ3ZWJfdXNlcmluZm9fZGVsZXRlIjp7ImlkIjoxMiwidGl0bGUiOiJcdTUyMjBcdTk2NjRcdTc1MjhcdTYyMzciLCJ1cmwiOiIvc3Rhcmsvd2ViL3VzZXJpbmZvL2RlbGV0ZS8oP1A8cGs+XFxkKykvIiwicGlkIjo5LCJwX3RpdGxlIjoiXHU3NTI4XHU2MjM3XHU1MjE3XHU4ODY4IiwicF91cmwiOiIvc3Rhcmsvd2ViL3VzZXJpbmZvL2xpc3QvIn0sIndlYl91c2VyaW5mb19yZXN0X3B3ZCI6eyJpZCI6MTMsInRpdGxlIjoiXHU5MWNkXHU3ZjZlXHU1YmM2XHU3ODAxIiwidXJsIjoiL3N0YXJrL3dlYi91c2VyaW5mby9yZXNldC9wYXNzd29yZC8oP1A8cGs+XFxkKykiLCJwaWQiOjksInBfdGl0bGUiOiJcdTc1MjhcdTYyMzdcdTUyMTdcdTg4NjgiLCJwX3VybCI6Ii9zdGFyay93ZWIvdXNlcmluZm8vbGlzdC8ifSwid2ViX2NvdXJzZV9hZGQiOnsiaWQiOjE1LCJ0aXRsZSI6Ilx1NmRmYlx1NTJhMFx1OGJmZVx1N2EwYiIsInVybCI6Ii9zdGFyay93ZWIvY291cnNlL2FkZC8iLCJwaWQiOjE0LCJwX3RpdGxlIjoiXHU4YmZlXHU3YTBiXHU1MjE3XHU4ODY4IiwicF91cmwiOiIvc3Rhcmsvd2ViL2NvdXJzZS9saXN0LyJ9LCJ3ZWJfY291cnNlX2NoYW5nZSI6eyJpZCI6MTYsInRpdGxlIjoiXHU0ZmVlXHU2NTM5XHU4YmZlXHU3YTBiIiwidXJsIjoiL3N0YXJrL3dlYi9jb3Vyc2UvY2hhbmdlLyg/UDxwaz5cXGQrKS8iLCJwaWQiOjE0LCJwX3RpdGxlIjoiXHU4YmZlXHU3YTBiXHU1MjE3XHU4ODY4IiwicF91cmwiOiIvc3Rhcmsvd2ViL2NvdXJzZS9saXN0LyJ9LCJ3ZWJfY291cnNlX2RlbGV0ZSI6eyJpZCI6MTcsInRpdGxlIjoiXHU1MjIwXHU5NjY0XHU4YmZlXHU3YTBiIiwidXJsIjoiL3N0YXJrL3dlYi9jb3Vyc2UvZGVsZXRlLyg/UDxwaz5cXGQrKS8iLCJwaWQiOjE0LCJwX3RpdGxlIjoiXHU4YmZlXHU3YTBiXHU1MjE3XHU4ODY4IiwicF91cmwiOiIvc3Rhcmsvd2ViL2NvdXJzZS9saXN0LyJ9LCJ3ZWJfY2xhc3NsaXN0X2FkZCI6eyJpZCI6MTksInRpdGxlIjoiXHU2ZGZiXHU1MmEwXHU3M2VkXHU3ZWE3IiwidXJsIjoiL3N0YXJrL3dlYi9jbGFzc2xpc3QvYWRkLyIsInBpZCI6MTgsInBfdGl0bGUiOiJcdTczZWRcdTdlYTdcdTUyMTdcdTg4NjgiLCJwX3VybCI6Ii9zdGFyay93ZWIvY2xhc3NsaXN0L2xpc3QvIn0sIndlYl9jbGFzc2xpc3RfY2hhbmdlIjp7ImlkIjoyMCwidGl0bGUiOiJcdTRmZWVcdTY1MzlcdTczZWRcdTdlYTciLCJ1cmwiOiIvc3Rhcmsvd2ViL2NsYXNzbGlzdC9jaGFuZ2UvKD9QPHBrPlxcZCspLyIsInBpZCI6MTgsInBfdGl0bGUiOiJcdTczZWRcdTdlYTdcdTUyMTdcdTg4NjgiLCJwX3VybCI6Ii9zdGFyay93ZWIvY2xhc3NsaXN0L2xpc3QvIn0sIndlYl9jbGFzc2xpc3RfZGVsZXRlIjp7ImlkIjoyMSwidGl0bGUiOiJcdTUyMjBcdTk2NjRcdTczZWRcdTdlYTciLCJ1cmwiOiIvc3Rhcmsvd2ViL2NsYXNzbGlzdC9kZWxldGUvKD9QPHBrPlxcZCspLyIsInBpZCI6MTgsInBfdGl0bGUiOiJcdTczZWRcdTdlYTdcdTUyMTdcdTg4NjgiLCJwX3VybCI6Ii9zdGFyay93ZWIvY2xhc3NsaXN0L2xpc3QvIn0sIndlYl9jdXN0b21lcl9wdWJfYWRkIjp7ImlkIjoyMywidGl0bGUiOiJcdTZkZmJcdTUyYTBcdTUxNmNcdTYyMzciLCJ1cmwiOiIvc3Rhcmsvd2ViL2N1c3RvbWVyL3B1Yi9hZGQvIiwicGlkIjoyMiwicF90aXRsZSI6Ilx1NTE2Y1x1NjIzN1x1NTIxN1x1ODg2OCIsInBfdXJsIjoiL3N0YXJrL3dlYi9jdXN0b21lci9wdWIvbGlzdC8ifSwid2ViX2N1c3RvbWVyX3B1Yl9jaGFuZ2UiOnsiaWQiOjI0LCJ0aXRsZSI6Ilx1NGZlZVx1NjUzOVx1NTE2Y1x1NjIzNyIsInVybCI6Ii9zdGFyay93ZWIvY3VzdG9tZXIvcHViL2NoYW5nZS8oP1A8cGs+XFxkKykvIiwicGlkIjoyMiwicF90aXRsZSI6Ilx1NTE2Y1x1NjIzN1x1NTIxN1x1ODg2OCIsInBfdXJsIjoiL3N0YXJrL3dlYi9jdXN0b21lci9wdWIvbGlzdC8ifSwid2ViX2N1c3RvbWVyX3B1Yl9kZWxldGUiOnsiaWQiOjI1LCJ0aXRsZSI6Ilx1NTIyMFx1OTY2NFx1NTE2Y1x1NjIzNyIsInVybCI6Ii9zdGFyay93ZWIvY3VzdG9tZXIvcHViL2RlbGV0ZS8oP1A8cGs+XFxkKykvIiwicGlkIjoyMiwicF90aXRsZSI6Ilx1NTE2Y1x1NjIzN1x1NTIxN1x1ODg2OCIsInBfdXJsIjoiL3N0YXJrL3dlYi9jdXN0b21lci9wdWIvbGlzdC8ifSwid2ViX2N1c3RvbWVyX3B1Yl9yZWNvcmRfdmlldyI6eyJpZCI6MjYsInRpdGxlIjoiXHU2N2U1XHU3NzBiXHU1MTZjXHU2MjM3XHU4ZGRmXHU4ZmRiXHU4YmIwXHU1ZjU1IiwidXJsIjoiL3N0YXJrL3dlYi9jdXN0b21lci9wdWIvcmVjb3JkLyg/UDxwaz5cXGQrKSIsInBpZCI6MjIsInBfdGl0bGUiOiJcdTUxNmNcdTYyMzdcdTUyMTdcdTg4NjgiLCJwX3VybCI6Ii9zdGFyay93ZWIvY3VzdG9tZXIvcHViL2xpc3QvIn0sIndlYl9jdXN0b21lcl9wcml2X2FkZCI6eyJpZCI6MjgsInRpdGxlIjoiXHU2ZGZiXHU1MmEwXHU2MjExXHU3Njg0XHU1YmEyXHU2MjM3IiwidXJsIjoiL3N0YXJrL3dlYi9jdXN0b21lci9wcml2L2FkZC8iLCJwaWQiOjI3LCJwX3RpdGxlIjoiXHU3OWMxXHU2MjM3XHU1MjE3XHU4ODY4IiwicF91cmwiOiIvc3Rhcmsvd2ViL2N1c3RvbWVyL3ByaXYvbGlzdC8ifSwid2ViX2N1c3RvbWVyX3ByaXZfY2hhbmdlIjp7ImlkIjoyOSwidGl0bGUiOiJcdTRmZWVcdTY1MzlcdTYyMTFcdTc2ODRcdTViYTJcdTYyMzciLCJ1cmwiOiIvc3Rhcmsvd2ViL2N1c3RvbWVyL3ByaXYvY2hhbmdlLyg/UDxwaz5cXGQrKS8iLCJwaWQiOjI3LCJwX3RpdGxlIjoiXHU3OWMxXHU2MjM3XHU1MjE3XHU4ODY4IiwicF91cmwiOiIvc3Rhcmsvd2ViL2N1c3RvbWVyL3ByaXYvbGlzdC8ifSwid2ViX2N1c3RvbWVyX3ByaXZfZGVsZXRlIjp7ImlkIjozMCwidGl0bGUiOiJcdTUyMjBcdTk2NjRcdTYyMTFcdTc2ODRcdTViYTJcdTYyMzciLCJ1cmwiOiIvc3Rhcmsvd2ViL2N1c3RvbWVyL3ByaXYvZGVsZXRlLyg/UDxwaz5cXGQrKS8iLCJwaWQiOjI3LCJwX3RpdGxlIjoiXHU3OWMxXHU2MjM3XHU1MjE3XHU4ODY4IiwicF91cmwiOiIvc3Rhcmsvd2ViL2N1c3RvbWVyL3ByaXYvbGlzdC8ifSwid2ViX2NvbnN1bHRyZWNvcmRfbGlzdCI6eyJpZCI6MzEsInRpdGxlIjoiXHU4ZGRmXHU4ZmRiXHU1MjE3XHU4ODY4IiwidXJsIjoiL3N0YXJrL3dlYi9jb25zdWx0cmVjb3JkL2xpc3QvKD9QPGN1c3RvbWVyX2lkPlxcZCspLyIsInBpZCI6MjcsInBfdGl0bGUiOiJcdTc5YzFcdTYyMzdcdTUyMTdcdTg4NjgiLCJwX3VybCI6Ii9zdGFyay93ZWIvY3VzdG9tZXIvcHJpdi9saXN0LyJ9LCJ3ZWJfY29uc3VsdHJlY29yZF9hZGQiOnsiaWQiOjMyLCJ0aXRsZSI6Ilx1NmRmYlx1NTJhMFx1OGRkZlx1OGZkYlx1OGJiMFx1NWY1NSIsInVybCI6Ii9zdGFyay93ZWIvY29uc3VsdHJlY29yZC9hZGQvKD9QPGN1c3RvbWVyX2lkPlxcZCspLyIsInBpZCI6MjcsInBfdGl0bGUiOiJcdTc5YzFcdTYyMzdcdTUyMTdcdTg4NjgiLCJwX3VybCI6Ii9zdGFyay93ZWIvY3VzdG9tZXIvcHJpdi9saXN0LyJ9LCJ3ZWJfY29uc3VsdHJlY29yZF9jaGFuZ2UiOnsiaWQiOjMzLCJ0aXRsZSI6Ilx1NGZlZVx1NjUzOVx1OGRkZlx1OGZkYlx1OGJiMFx1NWY1NSIsInVybCI6Ii9zdGFyay93ZWIvY29uc3VsdHJlY29yZC9jaGFuZ2UvKD9QPGN1c3RvbWVyX2lkPlxcZCspLyg/UDxwaz5cXGQrKS8iLCJwaWQiOjI3LCJwX3RpdGxlIjoiXHU3OWMxXHU2MjM3XHU1MjE3XHU4ODY4IiwicF91cmwiOiIvc3Rhcmsvd2ViL2N1c3RvbWVyL3ByaXYvbGlzdC8ifSwid2ViX2NvbnN1bHRyZWNvcmRfZGVsZXRlIjp7ImlkIjozNCwidGl0bGUiOiJcdTUyMjBcdTk2NjRcdThkZGZcdThmZGJcdThiYjBcdTVmNTUiLCJ1cmwiOiIvc3Rhcmsvd2ViL2NvbnN1bHRyZWNvcmQvZGVsZXRlLyg/UDxjdXN0b21lcl9pZD5cXGQrKS8oP1A8cGs+XFxkKykvIiwicGlkIjoyNywicF90aXRsZSI6Ilx1NzljMVx1NjIzN1x1NTIxN1x1ODg2OCIsInBfdXJsIjoiL3N0YXJrL3dlYi9jdXN0b21lci9wcml2L2xpc3QvIn0sIndlYl9wYXltZW50cmVjb3JkX2xpc3QiOnsiaWQiOjM1LCJ0aXRsZSI6Ilx1N2YzNFx1OGQzOVx1OGJiMFx1NWY1NVx1NTIxN1x1ODg2OCIsInVybCI6Ii9zdGFyay93ZWIvcGF5bWVudHJlY29yZC9saXN0Lyg/UDxjdXN0b21lcl9pZD5cXGQrKS8iLCJwaWQiOjI3LCJwX3RpdGxlIjoiXHU3OWMxXHU2MjM3XHU1MjE3XHU4ODY4IiwicF91cmwiOiIvc3Rhcmsvd2ViL2N1c3RvbWVyL3ByaXYvbGlzdC8ifSwid2ViX3BheW1lbnRyZWNvcmRfYWRkIjp7ImlkIjozNiwidGl0bGUiOiJcdTZkZmJcdTUyYTBcdTdmMzRcdThkMzlcdThiYjBcdTVmNTUiLCJ1cmwiOiIvc3Rhcmsvd2ViL3BheW1lbnRyZWNvcmQvYWRkLyg/UDxjdXN0b21lcl9pZD5cXGQrKS8iLCJwaWQiOjI3LCJwX3RpdGxlIjoiXHU3OWMxXHU2MjM3XHU1MjE3XHU4ODY4IiwicF91cmwiOiIvc3Rhcmsvd2ViL2N1c3RvbWVyL3ByaXYvbGlzdC8ifSwid2ViX3N0dWRlbnRfY2hhbmdlIjp7ImlkIjozOSwidGl0bGUiOiJcdTRmZWVcdTY1MzlcdTViNjZcdTc1MWZcdTRmZTFcdTYwNmYiLCJ1cmwiOiIvc3Rhcmsvd2ViL3N0dWRlbnQvY2hhbmdlLyg/UDxwaz5cXGQrKS8iLCJwaWQiOjM4LCJwX3RpdGxlIjoiXHU1YjY2XHU3NTFmXHU1MjE3XHU4ODY4IiwicF91cmwiOiIvc3Rhcmsvd2ViL3N0dWRlbnQvbGlzdC8ifSwid2ViX3Njb3JlcmVjb3JkX2xpc3QiOnsiaWQiOjQwLCJ0aXRsZSI6Ilx1NzllZlx1NTIwNlx1NTIxN1x1ODg2OCIsInVybCI6Ii9zdGFyay93ZWIvc2NvcmVyZWNvcmQvbGlzdC8oP1A8c3R1ZGVudF9pZD5cXGQrKS8iLCJwaWQiOjM4LCJwX3RpdGxlIjoiXHU1YjY2XHU3NTFmXHU1MjE3XHU4ODY4IiwicF91cmwiOiIvc3Rhcmsvd2ViL3N0dWRlbnQvbGlzdC8ifSwid2ViX3Njb3JlcmVjb3JkX2FkZCI6eyJpZCI6NDEsInRpdGxlIjoiXHU2ZGZiXHU1MmEwXHU3OWVmXHU1MjA2XHU4YmIwXHU1ZjU1IiwidXJsIjoiL3N0YXJrL3dlYi9zY29yZXJlY29yZC9hZGQvKD9QPHN0dWRlbnRfaWQ+XFxkKykvIiwicGlkIjozOCwicF90aXRsZSI6Ilx1NWI2Nlx1NzUxZlx1NTIxN1x1ODg2OCIsInBfdXJsIjoiL3N0YXJrL3dlYi9zdHVkZW50L2xpc3QvIn0sIndlYl9jb3Vyc2VyZWNvcmRfbGlzdCI6eyJpZCI6NDIsInRpdGxlIjoiXHU0ZTBhXHU4YmZlXHU4YmIwXHU1ZjU1XHU1MjE3XHU4ODY4IiwidXJsIjoiL3N0YXJrL3dlYi9jb3Vyc2VyZWNvcmQvbGlzdC8oP1A8Y2xhc3NfaWQ+XFxkKykvIiwicGlkIjoxOCwicF90aXRsZSI6Ilx1NzNlZFx1N2VhN1x1NTIxN1x1ODg2OCIsInBfdXJsIjoiL3N0YXJrL3dlYi9jbGFzc2xpc3QvbGlzdC8ifSwid2ViX2NvdXJzZXJlY29yZF9hZGQiOnsiaWQiOjQzLCJ0aXRsZSI6Ilx1NmRmYlx1NTJhMFx1NGUwYVx1OGJmZVx1OGJiMFx1NWY1NSIsInVybCI6Ii9zdGFyay93ZWIvY291cnNlcmVjb3JkL2FkZC8oP1A8Y2xhc3NfaWQ+XFxkKykvIiwicGlkIjoxOCwicF90aXRsZSI6Ilx1NzNlZFx1N2VhN1x1NTIxN1x1ODg2OCIsInBfdXJsIjoiL3N0YXJrL3dlYi9jbGFzc2xpc3QvbGlzdC8ifSwid2ViX2NvdXJzZXJlY29yZF9jaGFuZ2UiOnsiaWQiOjQ0LCJ0aXRsZSI6Ilx1NGZlZVx1NjUzOVx1NGUwYVx1OGJmZVx1OGJiMFx1NWY1NSIsInVybCI6Ii9zdGFyay93ZWIvY291cnNlcmVjb3JkL2NoYW5nZS8oP1A8Y2xhc3NfaWQ+XFxkKykvKD9QPHBrPlxcZCspLyIsInBpZCI6MTgsInBfdGl0bGUiOiJcdTczZWRcdTdlYTdcdTUyMTdcdTg4NjgiLCJwX3VybCI6Ii9zdGFyay93ZWIvY2xhc3NsaXN0L2xpc3QvIn0sIndlYl9jb3Vyc2VyZWNvcmRfZGVsZXRlIjp7ImlkIjo0NSwidGl0bGUiOiJcdTUyMjBcdTk2NjRcdTRlMGFcdThiZmVcdThiYjBcdTVmNTUiLCJ1cmwiOiIvc3Rhcmsvd2ViL2NvdXJzZXJlY29yZC9kZWxldGUvKD9QPGNsYXNzX2lkPlxcZCspLyg/UDxwaz5cXGQrKS8iLCJwaWQiOjE4LCJwX3RpdGxlIjoiXHU3M2VkXHU3ZWE3XHU1MjE3XHU4ODY4IiwicF91cmwiOiIvc3Rhcmsvd2ViL2NsYXNzbGlzdC9saXN0LyJ9LCJ3ZWJfY291cnNlcmVjb3JkX2F0dGVuZGFuY2UiOnsiaWQiOjQ2LCJ0aXRsZSI6Ilx1ODAwM1x1NTJlNFx1N2JhMVx1NzQwNiIsInVybCI6Ii9zdGFyay93ZWIvY291cnNlcmVjb3JkL2F0dGVuZGFuY2UvKD9QPGNvdXJzZV9yZWNvcmRfaWQ+XFxkKykvIiwicGlkIjoxOCwicF90aXRsZSI6Ilx1NzNlZFx1N2VhN1x1NTIxN1x1ODg2OCIsInBfdXJsIjoiL3N0YXJrL3dlYi9jbGFzc2xpc3QvbGlzdC8ifSwicmJhYzpyb2xlX2FkZCI6eyJpZCI6NDgsInRpdGxlIjoiXHU2ZGZiXHU1MmEwXHU4OWQyXHU4MjcyIiwidXJsIjoiL3JiYWMvcm9sZS9hZGQvIiwicGlkIjo0NywicF90aXRsZSI6Ilx1ODlkMlx1ODI3Mlx1NTIxN1x1ODg2OCIsInBfdXJsIjoiL3JiYWMvcm9sZS9saXN0LyJ9LCJyYmFjOnJvbGVfZWRpdCI6eyJpZCI6NDksInRpdGxlIjoiXHU0ZmVlXHU2NTM5XHU4OWQyXHU4MjcyIiwidXJsIjoiL3JiYWMvcm9sZS9lZGl0Lyg/UDxwaz5cXGQrKS8iLCJwaWQiOjQ3LCJwX3RpdGxlIjoiXHU4OWQyXHU4MjcyXHU1MjE3XHU4ODY4IiwicF91cmwiOiIvcmJhYy9yb2xlL2xpc3QvIn0sInJiYWM6cm9sZV9kZWwiOnsiaWQiOjUwLCJ0aXRsZSI6Ilx1NTIyMFx1OTY2NFx1ODlkMlx1ODI3MiIsInVybCI6Ii9yYmFjL3JvbGUvZGVsLyg/UDxwaz5cXGQrKS8iLCJwaWQiOjQ3LCJwX3RpdGxlIjoiXHU4OWQyXHU4MjcyXHU1MjE3XHU4ODY4IiwicF91cmwiOiIvcmJhYy9yb2xlL2xpc3QvIn0sInJiYWM6bWVudV9hZGQiOnsiaWQiOjUyLCJ0aXRsZSI6Ilx1NmRmYlx1NTJhMFx1ODNkY1x1NTM1NSIsInVybCI6Ii9yYmFjL21lbnUvYWRkLyIsInBpZCI6NTEsInBfdGl0bGUiOiJcdTgzZGNcdTUzNTVcdTUyMTdcdTg4NjgiLCJwX3VybCI6Ii9yYmFjL21lbnUvbGlzdC8ifSwicmJhYzptZW51X2VkaXQiOnsiaWQiOjUzLCJ0aXRsZSI6Ilx1NGZlZVx1NjUzOVx1ODNkY1x1NTM1NSIsInVybCI6Ii9yYmFjL21lbnUvZWRpdC8oP1A8cGs+XFxkKykvIiwicGlkIjo1MSwicF90aXRsZSI6Ilx1ODNkY1x1NTM1NVx1NTIxN1x1ODg2OCIsInBfdXJsIjoiL3JiYWMvbWVudS9saXN0LyJ9LCJyYmFjOm1lbnVfZGVsIjp7ImlkIjo1NCwidGl0bGUiOiJcdTUyMjBcdTk2NjRcdTgzZGNcdTUzNTUiLCJ1cmwiOiIvcmJhYy9tZW51L2RlbC8oP1A8cGs+XFxkKykvIiwicGlkIjo1MSwicF90aXRsZSI6Ilx1ODNkY1x1NTM1NVx1NTIxN1x1ODg2OCIsInBfdXJsIjoiL3JiYWMvbWVudS9saXN0LyJ9LCJyYmFjOnNlY29uZF9tZW51X2FkZCI6eyJpZCI6NTUsInRpdGxlIjoiXHU2ZGZiXHU1MmEwXHU0ZThjXHU3ZWE3XHU4M2RjXHU1MzU1IiwidXJsIjoiL3JiYWMvc2Vjb25kL21lbnUvYWRkLyg/UDxtZW51X2lkPlxcZCspLyIsInBpZCI6NTEsInBfdGl0bGUiOiJcdTgzZGNcdTUzNTVcdTUyMTdcdTg4NjgiLCJwX3VybCI6Ii9yYmFjL21lbnUvbGlzdC8ifSwicmJhYzpzZWNvbmRfbWVudV9lZGl0Ijp7ImlkIjo1NiwidGl0bGUiOiJcdTRmZWVcdTY1MzlcdTRlOGNcdTdlYTdcdTgzZGNcdTUzNTUiLCJ1cmwiOiIvcmJhYy9zZWNvbmQvbWVudS9lZGl0Lyg/UDxwaz5cXGQrKS8iLCJwaWQiOjUxLCJwX3RpdGxlIjoiXHU4M2RjXHU1MzU1XHU1MjE3XHU4ODY4IiwicF91cmwiOiIvcmJhYy9tZW51L2xpc3QvIn0sInJiYWM6c2Vjb25kX21lbnVfZGVsIjp7ImlkIjo1NywidGl0bGUiOiJcdTUyMjBcdTk2NjRcdTRlOGNcdTdlYTdcdTgzZGNcdTUzNTUiLCJ1cmwiOiIvcmJhYy9zZWNvbmQvbWVudS9kZWwvKD9QPHBrPlxcZCspLyIsInBpZCI6NTEsInBfdGl0bGUiOiJcdTgzZGNcdTUzNTVcdTUyMTdcdTg4NjgiLCJwX3VybCI6Ii9yYmFjL21lbnUvbGlzdC8ifSwicmJhYzpwZXJtaXNzaW9uX2FkZCI6eyJpZCI6NTgsInRpdGxlIjoiXHU2ZGZiXHU1MmEwXHU2NzQzXHU5NjUwIiwidXJsIjoiL3JiYWMvcGVybWlzc2lvbi9hZGQvKD9QPHNlY29uZF9tZW51X2lkPlxcZCspLyIsInBpZCI6NTEsInBfdGl0bGUiOiJcdTgzZGNcdTUzNTVcdTUyMTdcdTg4NjgiLCJwX3VybCI6Ii9yYmFjL21lbnUvbGlzdC8ifSwicmJhYzpwZXJtaXNzaW9uX2VkaXQiOnsiaWQiOjU5LCJ0aXRsZSI6Ilx1NGZlZVx1NjUzOVx1Njc0M1x1OTY1MCIsInVybCI6Ii9yYmFjL3Blcm1pc3Npb24vZWRpdC8oP1A8cGs+XFxkKykvIiwicGlkIjo1MSwicF90aXRsZSI6Ilx1ODNkY1x1NTM1NVx1NTIxN1x1ODg2OCIsInBfdXJsIjoiL3JiYWMvbWVudS9saXN0LyJ9LCJyYmFjOnBlcm1pc3Npb25fZGVsIjp7ImlkIjo2MCwidGl0bGUiOiJcdTUyMjBcdTk2NjRcdTY3NDNcdTk2NTAiLCJ1cmwiOiIvcmJhYy9wZXJtaXNzaW9uL2RlbC8oP1A8cGs+XFxkKykvIiwicGlkIjo1MSwicF90aXRsZSI6Ilx1ODNkY1x1NTM1NVx1NTIxN1x1ODg2OCIsInBfdXJsIjoiL3JiYWMvbWVudS9saXN0LyJ9LCJyYmFjOm11bHRpX3Blcm1pc3Npb25zIjp7ImlkIjo2MSwidGl0bGUiOiJcdTYyNzlcdTkxY2ZcdTY0Y2RcdTRmNWNcdTY3NDNcdTk2NTAiLCJ1cmwiOiIvcmJhYy9tdWx0aS9wZXJtaXNzaW9ucy8iLCJwaWQiOjUxLCJwX3RpdGxlIjoiXHU4M2RjXHU1MzU1XHU1MjE3XHU4ODY4IiwicF91cmwiOiIvcmJhYy9tZW51L2xpc3QvIn0sInJiYWM6bXVsdGlfcGVybWlzc2lvbnNfZGVsIjp7ImlkIjo2MiwidGl0bGUiOiJcdTYyNzlcdTkxY2ZcdTUyMjBcdTk2NjRcdTY3NDNcdTk2NTAiLCJ1cmwiOiIvcmJhYy9tdWx0aS9wZXJtaXNzaW9ucy9kZWwvKD9QPHBrPlxcZCspLyIsInBpZCI6NTEsInBfdGl0bGUiOiJcdTgzZGNcdTUzNTVcdTUyMTdcdTg4NjgiLCJwX3VybCI6Ii9yYmFjL21lbnUvbGlzdC8ifX0sInVzZXJfaW5mbyI6eyJpZCI6MTAsIm5pY2tuYW1lIjoiXHU1ZjIwXHU1NzY0In19', '2019-12-12 17:25:11.643069');
INSERT INTO `django_session` VALUES ('fw99efqq9mulzm4778sh8yxc8zr37m6y', 'OGZmNmU4YTUyZWFlNDlkZDI4MGNhMWExNGE1MDViZTBlYzllZmVkMzp7ImNvbXBhbnlfbWVudV9saXN0X2tleSI6eyIxIjp7InRpdGxlIjoiXHU0ZjAxXHU0ZTFhXHU3YmExXHU3NDA2IiwiaWNvbiI6ImZhIGZhLWN1YmVzIiwiY2hpbGRyZW4iOlt7ImlkIjoxLCJ0aXRsZSI6Ilx1NjgyMVx1NTMzYVx1NTIxN1x1ODg2OCIsInVybCI6Ii9zdGFyay93ZWIvc2Nob29sL2xpc3QvIn0seyJpZCI6NSwidGl0bGUiOiJcdTkwZThcdTk1ZThcdTUyMTdcdTg4NjgiLCJ1cmwiOiIvc3Rhcmsvd2ViL2RlcGFydG1lbnQvbGlzdC8ifSx7ImlkIjoxNCwidGl0bGUiOiJcdThiZmVcdTdhMGJcdTUyMTdcdTg4NjgiLCJ1cmwiOiIvc3Rhcmsvd2ViL2NvdXJzZS9saXN0LyJ9LHsiaWQiOjE4LCJ0aXRsZSI6Ilx1NzNlZFx1N2VhN1x1NTIxN1x1ODg2OCIsInVybCI6Ii9zdGFyay93ZWIvY2xhc3NsaXN0L2xpc3QvIn1dfSwiMiI6eyJ0aXRsZSI6Ilx1OTYzZlx1NjVhZlx1OTg3Zlx1NTNkMVx1OTAwMVx1NTIzMFx1NTNkMSIsImljb24iOiJmYSBmYS1jdWJlcyIsImNoaWxkcmVuIjpbeyJpZCI6MjIsInRpdGxlIjoiXHU1MTZjXHU2MjM3XHU1MjE3XHU4ODY4IiwidXJsIjoiL3N0YXJrL3dlYi9jdXN0b21lci9wdWIvbGlzdC8ifSx7ImlkIjoyNywidGl0bGUiOiJcdTc5YzFcdTYyMzdcdTUyMTdcdTg4NjgiLCJ1cmwiOiIvc3Rhcmsvd2ViL2N1c3RvbWVyL3ByaXYvbGlzdC8ifSx7ImlkIjozNywidGl0bGUiOiJcdTViYTFcdTY4MzhcdTdmMzRcdThkMzlcdThiYjBcdTVmNTUiLCJ1cmwiOiIvc3Rhcmsvd2ViL3BheW1lbnRyZWNvcmQvY2hlY2svbGlzdC8ifV19LCIzIjp7InRpdGxlIjoiXHU1YjY2XHU1NDU4XHU3YmExXHU3NDA2IiwiaWNvbiI6ImZhIGZhLXVzZXIiLCJjaGlsZHJlbiI6W3siaWQiOjM4LCJ0aXRsZSI6Ilx1NWI2Nlx1NzUxZlx1NTIxN1x1ODg2OCIsInVybCI6Ii9zdGFyay93ZWIvc3R1ZGVudC9saXN0LyJ9XX0sIjQiOnsidGl0bGUiOiJcdTY3NDNcdTk2NTBcdTdiYTFcdTc0MDYiLCJpY29uIjoiZmEgZmEtY3ViZXMiLCJjaGlsZHJlbiI6W3siaWQiOjksInRpdGxlIjoiXHU3NTI4XHU2MjM3XHU1MjE3XHU4ODY4IiwidXJsIjoiL3N0YXJrL3dlYi91c2VyaW5mby9saXN0LyJ9LHsiaWQiOjQ3LCJ0aXRsZSI6Ilx1ODlkMlx1ODI3Mlx1NTIxN1x1ODg2OCIsInVybCI6Ii9yYmFjL3JvbGUvbGlzdC8ifSx7ImlkIjo1MSwidGl0bGUiOiJcdTgzZGNcdTUzNTVcdTUyMTdcdTg4NjgiLCJ1cmwiOiIvcmJhYy9tZW51L2xpc3QvIn0seyJpZCI6NjMsInRpdGxlIjoiXHU1MjA2XHU5MTRkXHU2NzQzXHU5NjUwIiwidXJsIjoiL3JiYWMvZGlzdHJpYnV0ZS9wZXJtaXNzaW9ucy8ifV19fSwiY29tcGFueV9wZXJtaXNzaW9uX3VybF9saXN0X2tleSI6eyJ3ZWJfc2Nob29sX2xpc3QiOnsiaWQiOjEsInRpdGxlIjoiXHU2ODIxXHU1MzNhXHU1MjE3XHU4ODY4IiwidXJsIjoiL3N0YXJrL3dlYi9zY2hvb2wvbGlzdC8iLCJwaWQiOm51bGwsInBfdGl0bGUiOm51bGwsInBfdXJsIjpudWxsfSwid2ViX2RlcGFydG1lbnRfbGlzdCI6eyJpZCI6NSwidGl0bGUiOiJcdTkwZThcdTk1ZThcdTUyMTdcdTg4NjgiLCJ1cmwiOiIvc3Rhcmsvd2ViL2RlcGFydG1lbnQvbGlzdC8iLCJwaWQiOm51bGwsInBfdGl0bGUiOm51bGwsInBfdXJsIjpudWxsfSwid2ViX2NvdXJzZV9saXN0Ijp7ImlkIjoxNCwidGl0bGUiOiJcdThiZmVcdTdhMGJcdTUyMTdcdTg4NjgiLCJ1cmwiOiIvc3Rhcmsvd2ViL2NvdXJzZS9saXN0LyIsInBpZCI6bnVsbCwicF90aXRsZSI6bnVsbCwicF91cmwiOm51bGx9LCJ3ZWJfY2xhc3NsaXN0X2xpc3QiOnsiaWQiOjE4LCJ0aXRsZSI6Ilx1NzNlZFx1N2VhN1x1NTIxN1x1ODg2OCIsInVybCI6Ii9zdGFyay93ZWIvY2xhc3NsaXN0L2xpc3QvIiwicGlkIjpudWxsLCJwX3RpdGxlIjpudWxsLCJwX3VybCI6bnVsbH0sIndlYl9jdXN0b21lcl9wdWJfbGlzdCI6eyJpZCI6MjIsInRpdGxlIjoiXHU1MTZjXHU2MjM3XHU1MjE3XHU4ODY4IiwidXJsIjoiL3N0YXJrL3dlYi9jdXN0b21lci9wdWIvbGlzdC8iLCJwaWQiOm51bGwsInBfdGl0bGUiOm51bGwsInBfdXJsIjpudWxsfSwid2ViX2N1c3RvbWVyX3ByaXZfbGlzdCI6eyJpZCI6MjcsInRpdGxlIjoiXHU3OWMxXHU2MjM3XHU1MjE3XHU4ODY4IiwidXJsIjoiL3N0YXJrL3dlYi9jdXN0b21lci9wcml2L2xpc3QvIiwicGlkIjpudWxsLCJwX3RpdGxlIjpudWxsLCJwX3VybCI6bnVsbH0sIndlYl9wYXltZW50cmVjb3JkX2NoZWNrX2xpc3QiOnsiaWQiOjM3LCJ0aXRsZSI6Ilx1NWJhMVx1NjgzOFx1N2YzNFx1OGQzOVx1OGJiMFx1NWY1NSIsInVybCI6Ii9zdGFyay93ZWIvcGF5bWVudHJlY29yZC9jaGVjay9saXN0LyIsInBpZCI6bnVsbCwicF90aXRsZSI6bnVsbCwicF91cmwiOm51bGx9LCJ3ZWJfc3R1ZGVudF9saXN0Ijp7ImlkIjozOCwidGl0bGUiOiJcdTViNjZcdTc1MWZcdTUyMTdcdTg4NjgiLCJ1cmwiOiIvc3Rhcmsvd2ViL3N0dWRlbnQvbGlzdC8iLCJwaWQiOm51bGwsInBfdGl0bGUiOm51bGwsInBfdXJsIjpudWxsfSwid2ViX3VzZXJpbmZvX2xpc3QiOnsiaWQiOjksInRpdGxlIjoiXHU3NTI4XHU2MjM3XHU1MjE3XHU4ODY4IiwidXJsIjoiL3N0YXJrL3dlYi91c2VyaW5mby9saXN0LyIsInBpZCI6bnVsbCwicF90aXRsZSI6bnVsbCwicF91cmwiOm51bGx9LCJyYmFjOnJvbGVfbGlzdCI6eyJpZCI6NDcsInRpdGxlIjoiXHU4OWQyXHU4MjcyXHU1MjE3XHU4ODY4IiwidXJsIjoiL3JiYWMvcm9sZS9saXN0LyIsInBpZCI6bnVsbCwicF90aXRsZSI6bnVsbCwicF91cmwiOm51bGx9LCJyYmFjOm1lbnVfbGlzdCI6eyJpZCI6NTEsInRpdGxlIjoiXHU4M2RjXHU1MzU1XHU1MjE3XHU4ODY4IiwidXJsIjoiL3JiYWMvbWVudS9saXN0LyIsInBpZCI6bnVsbCwicF90aXRsZSI6bnVsbCwicF91cmwiOm51bGx9LCJyYmFjOmRpc3RyaWJ1dGVfcGVybWlzc2lvbnMiOnsiaWQiOjYzLCJ0aXRsZSI6Ilx1NTIwNlx1OTE0ZFx1Njc0M1x1OTY1MCIsInVybCI6Ii9yYmFjL2Rpc3RyaWJ1dGUvcGVybWlzc2lvbnMvIiwicGlkIjpudWxsLCJwX3RpdGxlIjpudWxsLCJwX3VybCI6bnVsbH0sIndlYl9zY2hvb2xfYWRkIjp7ImlkIjoyLCJ0aXRsZSI6Ilx1NmRmYlx1NTJhMFx1NjgyMVx1NTMzYSIsInVybCI6Ii9zdGFyay93ZWIvc2Nob29sL2FkZC8iLCJwaWQiOjEsInBfdGl0bGUiOiJcdTY4MjFcdTUzM2FcdTUyMTdcdTg4NjgiLCJwX3VybCI6Ii9zdGFyay93ZWIvc2Nob29sL2xpc3QvIn0sIndlYl9zY2hvb2xfY2hhbmdlIjp7ImlkIjozLCJ0aXRsZSI6Ilx1NGZlZVx1NjUzOVx1NjgyMVx1NTMzYSIsInVybCI6Ii9zdGFyay93ZWIvc2Nob29sL2NoYW5nZS8oP1A8cGs+XFxkKykvIiwicGlkIjoxLCJwX3RpdGxlIjoiXHU2ODIxXHU1MzNhXHU1MjE3XHU4ODY4IiwicF91cmwiOiIvc3Rhcmsvd2ViL3NjaG9vbC9saXN0LyJ9LCJ3ZWJfc2Nob29sX2RlbGV0ZSI6eyJpZCI6NCwidGl0bGUiOiJcdTUyMjBcdTk2NjRcdTY4MjFcdTUzM2EiLCJ1cmwiOiIvc3Rhcmsvd2ViL3NjaG9vbC9kZWxldGUvKD9QPHBrPlxcZCspLyIsInBpZCI6MSwicF90aXRsZSI6Ilx1NjgyMVx1NTMzYVx1NTIxN1x1ODg2OCIsInBfdXJsIjoiL3N0YXJrL3dlYi9zY2hvb2wvbGlzdC8ifSwid2ViX2RlcGFydG1lbnRfYWRkIjp7ImlkIjo2LCJ0aXRsZSI6Ilx1NmRmYlx1NTJhMFx1OTBlOFx1OTVlOCIsInVybCI6Ii9zdGFyay93ZWIvZGVwYXJ0bWVudC9hZGQvIiwicGlkIjo1LCJwX3RpdGxlIjoiXHU5MGU4XHU5NWU4XHU1MjE3XHU4ODY4IiwicF91cmwiOiIvc3Rhcmsvd2ViL2RlcGFydG1lbnQvbGlzdC8ifSwid2ViX2RlcGFydG1lbnRfY2hhbmdlIjp7ImlkIjo3LCJ0aXRsZSI6Ilx1NGZlZVx1NjUzOVx1OTBlOFx1OTVlOCIsInVybCI6Ii9zdGFyay93ZWIvZGVwYXJ0bWVudC9jaGFuZ2UvKD9QPHBrPlxcZCspLyIsInBpZCI6NSwicF90aXRsZSI6Ilx1OTBlOFx1OTVlOFx1NTIxN1x1ODg2OCIsInBfdXJsIjoiL3N0YXJrL3dlYi9kZXBhcnRtZW50L2xpc3QvIn0sIndlYl9kZXBhcnRtZW50X2RlbGV0ZSI6eyJpZCI6OCwidGl0bGUiOiJcdTUyMjBcdTk2NjRcdTkwZThcdTk1ZTgiLCJ1cmwiOiIvc3Rhcmsvd2ViL2RlcGFydG1lbnQvZGVsZXRlLyg/UDxwaz5cXGQrKS8iLCJwaWQiOjUsInBfdGl0bGUiOiJcdTkwZThcdTk1ZThcdTUyMTdcdTg4NjgiLCJwX3VybCI6Ii9zdGFyay93ZWIvZGVwYXJ0bWVudC9saXN0LyJ9LCJ3ZWJfdXNlcmluZm9fYWRkIjp7ImlkIjoxMCwidGl0bGUiOiJcdTZkZmJcdTUyYTBcdTc1MjhcdTYyMzciLCJ1cmwiOiIvc3Rhcmsvd2ViL3VzZXJpbmZvL2FkZC8iLCJwaWQiOjksInBfdGl0bGUiOiJcdTc1MjhcdTYyMzdcdTUyMTdcdTg4NjgiLCJwX3VybCI6Ii9zdGFyay93ZWIvdXNlcmluZm8vbGlzdC8ifSwid2ViX3VzZXJpbmZvX2NoYW5nZSI6eyJpZCI6MTEsInRpdGxlIjoiXHU0ZmVlXHU2NTM5XHU3NTI4XHU2MjM3IiwidXJsIjoiL3N0YXJrL3dlYi91c2VyaW5mby9jaGFuZ2UvKD9QPHBrPlxcZCspLyIsInBpZCI6OSwicF90aXRsZSI6Ilx1NzUyOFx1NjIzN1x1NTIxN1x1ODg2OCIsInBfdXJsIjoiL3N0YXJrL3dlYi91c2VyaW5mby9saXN0LyJ9LCJ3ZWJfdXNlcmluZm9fZGVsZXRlIjp7ImlkIjoxMiwidGl0bGUiOiJcdTUyMjBcdTk2NjRcdTc1MjhcdTYyMzciLCJ1cmwiOiIvc3Rhcmsvd2ViL3VzZXJpbmZvL2RlbGV0ZS8oP1A8cGs+XFxkKykvIiwicGlkIjo5LCJwX3RpdGxlIjoiXHU3NTI4XHU2MjM3XHU1MjE3XHU4ODY4IiwicF91cmwiOiIvc3Rhcmsvd2ViL3VzZXJpbmZvL2xpc3QvIn0sIndlYl91c2VyaW5mb19yZXN0X3B3ZCI6eyJpZCI6MTMsInRpdGxlIjoiXHU5MWNkXHU3ZjZlXHU1YmM2XHU3ODAxIiwidXJsIjoiL3N0YXJrL3dlYi91c2VyaW5mby9yZXNldC9wYXNzd29yZC8oP1A8cGs+XFxkKykiLCJwaWQiOjksInBfdGl0bGUiOiJcdTc1MjhcdTYyMzdcdTUyMTdcdTg4NjgiLCJwX3VybCI6Ii9zdGFyay93ZWIvdXNlcmluZm8vbGlzdC8ifSwid2ViX2NvdXJzZV9hZGQiOnsiaWQiOjE1LCJ0aXRsZSI6Ilx1NmRmYlx1NTJhMFx1OGJmZVx1N2EwYiIsInVybCI6Ii9zdGFyay93ZWIvY291cnNlL2FkZC8iLCJwaWQiOjE0LCJwX3RpdGxlIjoiXHU4YmZlXHU3YTBiXHU1MjE3XHU4ODY4IiwicF91cmwiOiIvc3Rhcmsvd2ViL2NvdXJzZS9saXN0LyJ9LCJ3ZWJfY291cnNlX2NoYW5nZSI6eyJpZCI6MTYsInRpdGxlIjoiXHU0ZmVlXHU2NTM5XHU4YmZlXHU3YTBiIiwidXJsIjoiL3N0YXJrL3dlYi9jb3Vyc2UvY2hhbmdlLyg/UDxwaz5cXGQrKS8iLCJwaWQiOjE0LCJwX3RpdGxlIjoiXHU4YmZlXHU3YTBiXHU1MjE3XHU4ODY4IiwicF91cmwiOiIvc3Rhcmsvd2ViL2NvdXJzZS9saXN0LyJ9LCJ3ZWJfY291cnNlX2RlbGV0ZSI6eyJpZCI6MTcsInRpdGxlIjoiXHU1MjIwXHU5NjY0XHU4YmZlXHU3YTBiIiwidXJsIjoiL3N0YXJrL3dlYi9jb3Vyc2UvZGVsZXRlLyg/UDxwaz5cXGQrKS8iLCJwaWQiOjE0LCJwX3RpdGxlIjoiXHU4YmZlXHU3YTBiXHU1MjE3XHU4ODY4IiwicF91cmwiOiIvc3Rhcmsvd2ViL2NvdXJzZS9saXN0LyJ9LCJ3ZWJfY2xhc3NsaXN0X2FkZCI6eyJpZCI6MTksInRpdGxlIjoiXHU2ZGZiXHU1MmEwXHU3M2VkXHU3ZWE3IiwidXJsIjoiL3N0YXJrL3dlYi9jbGFzc2xpc3QvYWRkLyIsInBpZCI6MTgsInBfdGl0bGUiOiJcdTczZWRcdTdlYTdcdTUyMTdcdTg4NjgiLCJwX3VybCI6Ii9zdGFyay93ZWIvY2xhc3NsaXN0L2xpc3QvIn0sIndlYl9jbGFzc2xpc3RfY2hhbmdlIjp7ImlkIjoyMCwidGl0bGUiOiJcdTRmZWVcdTY1MzlcdTczZWRcdTdlYTciLCJ1cmwiOiIvc3Rhcmsvd2ViL2NsYXNzbGlzdC9jaGFuZ2UvKD9QPHBrPlxcZCspLyIsInBpZCI6MTgsInBfdGl0bGUiOiJcdTczZWRcdTdlYTdcdTUyMTdcdTg4NjgiLCJwX3VybCI6Ii9zdGFyay93ZWIvY2xhc3NsaXN0L2xpc3QvIn0sIndlYl9jbGFzc2xpc3RfZGVsZXRlIjp7ImlkIjoyMSwidGl0bGUiOiJcdTUyMjBcdTk2NjRcdTczZWRcdTdlYTciLCJ1cmwiOiIvc3Rhcmsvd2ViL2NsYXNzbGlzdC9kZWxldGUvKD9QPHBrPlxcZCspLyIsInBpZCI6MTgsInBfdGl0bGUiOiJcdTczZWRcdTdlYTdcdTUyMTdcdTg4NjgiLCJwX3VybCI6Ii9zdGFyay93ZWIvY2xhc3NsaXN0L2xpc3QvIn0sIndlYl9jdXN0b21lcl9wdWJfYWRkIjp7ImlkIjoyMywidGl0bGUiOiJcdTZkZmJcdTUyYTBcdTUxNmNcdTYyMzciLCJ1cmwiOiIvc3Rhcmsvd2ViL2N1c3RvbWVyL3B1Yi9hZGQvIiwicGlkIjoyMiwicF90aXRsZSI6Ilx1NTE2Y1x1NjIzN1x1NTIxN1x1ODg2OCIsInBfdXJsIjoiL3N0YXJrL3dlYi9jdXN0b21lci9wdWIvbGlzdC8ifSwid2ViX2N1c3RvbWVyX3B1Yl9jaGFuZ2UiOnsiaWQiOjI0LCJ0aXRsZSI6Ilx1NGZlZVx1NjUzOVx1NTE2Y1x1NjIzNyIsInVybCI6Ii9zdGFyay93ZWIvY3VzdG9tZXIvcHViL2NoYW5nZS8oP1A8cGs+XFxkKykvIiwicGlkIjoyMiwicF90aXRsZSI6Ilx1NTE2Y1x1NjIzN1x1NTIxN1x1ODg2OCIsInBfdXJsIjoiL3N0YXJrL3dlYi9jdXN0b21lci9wdWIvbGlzdC8ifSwid2ViX2N1c3RvbWVyX3B1Yl9kZWxldGUiOnsiaWQiOjI1LCJ0aXRsZSI6Ilx1NTIyMFx1OTY2NFx1NTE2Y1x1NjIzNyIsInVybCI6Ii9zdGFyay93ZWIvY3VzdG9tZXIvcHViL2RlbGV0ZS8oP1A8cGs+XFxkKykvIiwicGlkIjoyMiwicF90aXRsZSI6Ilx1NTE2Y1x1NjIzN1x1NTIxN1x1ODg2OCIsInBfdXJsIjoiL3N0YXJrL3dlYi9jdXN0b21lci9wdWIvbGlzdC8ifSwid2ViX2N1c3RvbWVyX3B1Yl9yZWNvcmRfdmlldyI6eyJpZCI6MjYsInRpdGxlIjoiXHU2N2U1XHU3NzBiXHU1MTZjXHU2MjM3XHU4ZGRmXHU4ZmRiXHU4YmIwXHU1ZjU1IiwidXJsIjoiL3N0YXJrL3dlYi9jdXN0b21lci9wdWIvcmVjb3JkLyg/UDxwaz5cXGQrKSIsInBpZCI6MjIsInBfdGl0bGUiOiJcdTUxNmNcdTYyMzdcdTUyMTdcdTg4NjgiLCJwX3VybCI6Ii9zdGFyay93ZWIvY3VzdG9tZXIvcHViL2xpc3QvIn0sIndlYl9jdXN0b21lcl9wcml2X2FkZCI6eyJpZCI6MjgsInRpdGxlIjoiXHU2ZGZiXHU1MmEwXHU2MjExXHU3Njg0XHU1YmEyXHU2MjM3IiwidXJsIjoiL3N0YXJrL3dlYi9jdXN0b21lci9wcml2L2FkZC8iLCJwaWQiOjI3LCJwX3RpdGxlIjoiXHU3OWMxXHU2MjM3XHU1MjE3XHU4ODY4IiwicF91cmwiOiIvc3Rhcmsvd2ViL2N1c3RvbWVyL3ByaXYvbGlzdC8ifSwid2ViX2N1c3RvbWVyX3ByaXZfY2hhbmdlIjp7ImlkIjoyOSwidGl0bGUiOiJcdTRmZWVcdTY1MzlcdTYyMTFcdTc2ODRcdTViYTJcdTYyMzciLCJ1cmwiOiIvc3Rhcmsvd2ViL2N1c3RvbWVyL3ByaXYvY2hhbmdlLyg/UDxwaz5cXGQrKS8iLCJwaWQiOjI3LCJwX3RpdGxlIjoiXHU3OWMxXHU2MjM3XHU1MjE3XHU4ODY4IiwicF91cmwiOiIvc3Rhcmsvd2ViL2N1c3RvbWVyL3ByaXYvbGlzdC8ifSwid2ViX2N1c3RvbWVyX3ByaXZfZGVsZXRlIjp7ImlkIjozMCwidGl0bGUiOiJcdTUyMjBcdTk2NjRcdTYyMTFcdTc2ODRcdTViYTJcdTYyMzciLCJ1cmwiOiIvc3Rhcmsvd2ViL2N1c3RvbWVyL3ByaXYvZGVsZXRlLyg/UDxwaz5cXGQrKS8iLCJwaWQiOjI3LCJwX3RpdGxlIjoiXHU3OWMxXHU2MjM3XHU1MjE3XHU4ODY4IiwicF91cmwiOiIvc3Rhcmsvd2ViL2N1c3RvbWVyL3ByaXYvbGlzdC8ifSwid2ViX2NvbnN1bHRyZWNvcmRfbGlzdCI6eyJpZCI6MzEsInRpdGxlIjoiXHU4ZGRmXHU4ZmRiXHU1MjE3XHU4ODY4IiwidXJsIjoiL3N0YXJrL3dlYi9jb25zdWx0cmVjb3JkL2xpc3QvKD9QPGN1c3RvbWVyX2lkPlxcZCspLyIsInBpZCI6MjcsInBfdGl0bGUiOiJcdTc5YzFcdTYyMzdcdTUyMTdcdTg4NjgiLCJwX3VybCI6Ii9zdGFyay93ZWIvY3VzdG9tZXIvcHJpdi9saXN0LyJ9LCJ3ZWJfY29uc3VsdHJlY29yZF9hZGQiOnsiaWQiOjMyLCJ0aXRsZSI6Ilx1NmRmYlx1NTJhMFx1OGRkZlx1OGZkYlx1OGJiMFx1NWY1NSIsInVybCI6Ii9zdGFyay93ZWIvY29uc3VsdHJlY29yZC9hZGQvKD9QPGN1c3RvbWVyX2lkPlxcZCspLyIsInBpZCI6MjcsInBfdGl0bGUiOiJcdTc5YzFcdTYyMzdcdTUyMTdcdTg4NjgiLCJwX3VybCI6Ii9zdGFyay93ZWIvY3VzdG9tZXIvcHJpdi9saXN0LyJ9LCJ3ZWJfY29uc3VsdHJlY29yZF9jaGFuZ2UiOnsiaWQiOjMzLCJ0aXRsZSI6Ilx1NGZlZVx1NjUzOVx1OGRkZlx1OGZkYlx1OGJiMFx1NWY1NSIsInVybCI6Ii9zdGFyay93ZWIvY29uc3VsdHJlY29yZC9jaGFuZ2UvKD9QPGN1c3RvbWVyX2lkPlxcZCspLyg/UDxwaz5cXGQrKS8iLCJwaWQiOjI3LCJwX3RpdGxlIjoiXHU3OWMxXHU2MjM3XHU1MjE3XHU4ODY4IiwicF91cmwiOiIvc3Rhcmsvd2ViL2N1c3RvbWVyL3ByaXYvbGlzdC8ifSwid2ViX2NvbnN1bHRyZWNvcmRfZGVsZXRlIjp7ImlkIjozNCwidGl0bGUiOiJcdTUyMjBcdTk2NjRcdThkZGZcdThmZGJcdThiYjBcdTVmNTUiLCJ1cmwiOiIvc3Rhcmsvd2ViL2NvbnN1bHRyZWNvcmQvZGVsZXRlLyg/UDxjdXN0b21lcl9pZD5cXGQrKS8oP1A8cGs+XFxkKykvIiwicGlkIjoyNywicF90aXRsZSI6Ilx1NzljMVx1NjIzN1x1NTIxN1x1ODg2OCIsInBfdXJsIjoiL3N0YXJrL3dlYi9jdXN0b21lci9wcml2L2xpc3QvIn0sIndlYl9wYXltZW50cmVjb3JkX2xpc3QiOnsiaWQiOjM1LCJ0aXRsZSI6Ilx1N2YzNFx1OGQzOVx1OGJiMFx1NWY1NVx1NTIxN1x1ODg2OCIsInVybCI6Ii9zdGFyay93ZWIvcGF5bWVudHJlY29yZC9saXN0Lyg/UDxjdXN0b21lcl9pZD5cXGQrKS8iLCJwaWQiOjI3LCJwX3RpdGxlIjoiXHU3OWMxXHU2MjM3XHU1MjE3XHU4ODY4IiwicF91cmwiOiIvc3Rhcmsvd2ViL2N1c3RvbWVyL3ByaXYvbGlzdC8ifSwid2ViX3BheW1lbnRyZWNvcmRfYWRkIjp7ImlkIjozNiwidGl0bGUiOiJcdTZkZmJcdTUyYTBcdTdmMzRcdThkMzlcdThiYjBcdTVmNTUiLCJ1cmwiOiIvc3Rhcmsvd2ViL3BheW1lbnRyZWNvcmQvYWRkLyg/UDxjdXN0b21lcl9pZD5cXGQrKS8iLCJwaWQiOjI3LCJwX3RpdGxlIjoiXHU3OWMxXHU2MjM3XHU1MjE3XHU4ODY4IiwicF91cmwiOiIvc3Rhcmsvd2ViL2N1c3RvbWVyL3ByaXYvbGlzdC8ifSwid2ViX3N0dWRlbnRfY2hhbmdlIjp7ImlkIjozOSwidGl0bGUiOiJcdTRmZWVcdTY1MzlcdTViNjZcdTc1MWZcdTRmZTFcdTYwNmYiLCJ1cmwiOiIvc3Rhcmsvd2ViL3N0dWRlbnQvY2hhbmdlLyg/UDxwaz5cXGQrKS8iLCJwaWQiOjM4LCJwX3RpdGxlIjoiXHU1YjY2XHU3NTFmXHU1MjE3XHU4ODY4IiwicF91cmwiOiIvc3Rhcmsvd2ViL3N0dWRlbnQvbGlzdC8ifSwid2ViX3Njb3JlcmVjb3JkX2xpc3QiOnsiaWQiOjQwLCJ0aXRsZSI6Ilx1NzllZlx1NTIwNlx1NTIxN1x1ODg2OCIsInVybCI6Ii9zdGFyay93ZWIvc2NvcmVyZWNvcmQvbGlzdC8oP1A8c3R1ZGVudF9pZD5cXGQrKS8iLCJwaWQiOjM4LCJwX3RpdGxlIjoiXHU1YjY2XHU3NTFmXHU1MjE3XHU4ODY4IiwicF91cmwiOiIvc3Rhcmsvd2ViL3N0dWRlbnQvbGlzdC8ifSwid2ViX3Njb3JlcmVjb3JkX2FkZCI6eyJpZCI6NDEsInRpdGxlIjoiXHU2ZGZiXHU1MmEwXHU3OWVmXHU1MjA2XHU4YmIwXHU1ZjU1IiwidXJsIjoiL3N0YXJrL3dlYi9zY29yZXJlY29yZC9hZGQvKD9QPHN0dWRlbnRfaWQ+XFxkKykvIiwicGlkIjozOCwicF90aXRsZSI6Ilx1NWI2Nlx1NzUxZlx1NTIxN1x1ODg2OCIsInBfdXJsIjoiL3N0YXJrL3dlYi9zdHVkZW50L2xpc3QvIn0sIndlYl9jb3Vyc2VyZWNvcmRfbGlzdCI6eyJpZCI6NDIsInRpdGxlIjoiXHU0ZTBhXHU4YmZlXHU4YmIwXHU1ZjU1XHU1MjE3XHU4ODY4IiwidXJsIjoiL3N0YXJrL3dlYi9jb3Vyc2VyZWNvcmQvbGlzdC8oP1A8Y2xhc3NfaWQ+XFxkKykvIiwicGlkIjoxOCwicF90aXRsZSI6Ilx1NzNlZFx1N2VhN1x1NTIxN1x1ODg2OCIsInBfdXJsIjoiL3N0YXJrL3dlYi9jbGFzc2xpc3QvbGlzdC8ifSwid2ViX2NvdXJzZXJlY29yZF9hZGQiOnsiaWQiOjQzLCJ0aXRsZSI6Ilx1NmRmYlx1NTJhMFx1NGUwYVx1OGJmZVx1OGJiMFx1NWY1NSIsInVybCI6Ii9zdGFyay93ZWIvY291cnNlcmVjb3JkL2FkZC8oP1A8Y2xhc3NfaWQ+XFxkKykvIiwicGlkIjoxOCwicF90aXRsZSI6Ilx1NzNlZFx1N2VhN1x1NTIxN1x1ODg2OCIsInBfdXJsIjoiL3N0YXJrL3dlYi9jbGFzc2xpc3QvbGlzdC8ifSwid2ViX2NvdXJzZXJlY29yZF9jaGFuZ2UiOnsiaWQiOjQ0LCJ0aXRsZSI6Ilx1NGZlZVx1NjUzOVx1NGUwYVx1OGJmZVx1OGJiMFx1NWY1NSIsInVybCI6Ii9zdGFyay93ZWIvY291cnNlcmVjb3JkL2NoYW5nZS8oP1A8Y2xhc3NfaWQ+XFxkKykvKD9QPHBrPlxcZCspLyIsInBpZCI6MTgsInBfdGl0bGUiOiJcdTczZWRcdTdlYTdcdTUyMTdcdTg4NjgiLCJwX3VybCI6Ii9zdGFyay93ZWIvY2xhc3NsaXN0L2xpc3QvIn0sIndlYl9jb3Vyc2VyZWNvcmRfZGVsZXRlIjp7ImlkIjo0NSwidGl0bGUiOiJcdTUyMjBcdTk2NjRcdTRlMGFcdThiZmVcdThiYjBcdTVmNTUiLCJ1cmwiOiIvc3Rhcmsvd2ViL2NvdXJzZXJlY29yZC9kZWxldGUvKD9QPGNsYXNzX2lkPlxcZCspLyg/UDxwaz5cXGQrKS8iLCJwaWQiOjE4LCJwX3RpdGxlIjoiXHU3M2VkXHU3ZWE3XHU1MjE3XHU4ODY4IiwicF91cmwiOiIvc3Rhcmsvd2ViL2NsYXNzbGlzdC9saXN0LyJ9LCJ3ZWJfY291cnNlcmVjb3JkX2F0dGVuZGFuY2UiOnsiaWQiOjQ2LCJ0aXRsZSI6Ilx1ODAwM1x1NTJlNFx1N2JhMVx1NzQwNiIsInVybCI6Ii9zdGFyay93ZWIvY291cnNlcmVjb3JkL2F0dGVuZGFuY2UvKD9QPGNvdXJzZV9yZWNvcmRfaWQ+XFxkKykvIiwicGlkIjoxOCwicF90aXRsZSI6Ilx1NzNlZFx1N2VhN1x1NTIxN1x1ODg2OCIsInBfdXJsIjoiL3N0YXJrL3dlYi9jbGFzc2xpc3QvbGlzdC8ifSwicmJhYzpyb2xlX2FkZCI6eyJpZCI6NDgsInRpdGxlIjoiXHU2ZGZiXHU1MmEwXHU4OWQyXHU4MjcyIiwidXJsIjoiL3JiYWMvcm9sZS9hZGQvIiwicGlkIjo0NywicF90aXRsZSI6Ilx1ODlkMlx1ODI3Mlx1NTIxN1x1ODg2OCIsInBfdXJsIjoiL3JiYWMvcm9sZS9saXN0LyJ9LCJyYmFjOnJvbGVfZWRpdCI6eyJpZCI6NDksInRpdGxlIjoiXHU0ZmVlXHU2NTM5XHU4OWQyXHU4MjcyIiwidXJsIjoiL3JiYWMvcm9sZS9lZGl0Lyg/UDxwaz5cXGQrKS8iLCJwaWQiOjQ3LCJwX3RpdGxlIjoiXHU4OWQyXHU4MjcyXHU1MjE3XHU4ODY4IiwicF91cmwiOiIvcmJhYy9yb2xlL2xpc3QvIn0sInJiYWM6cm9sZV9kZWwiOnsiaWQiOjUwLCJ0aXRsZSI6Ilx1NTIyMFx1OTY2NFx1ODlkMlx1ODI3MiIsInVybCI6Ii9yYmFjL3JvbGUvZGVsLyg/UDxwaz5cXGQrKS8iLCJwaWQiOjQ3LCJwX3RpdGxlIjoiXHU4OWQyXHU4MjcyXHU1MjE3XHU4ODY4IiwicF91cmwiOiIvcmJhYy9yb2xlL2xpc3QvIn0sInJiYWM6bWVudV9hZGQiOnsiaWQiOjUyLCJ0aXRsZSI6Ilx1NmRmYlx1NTJhMFx1ODNkY1x1NTM1NSIsInVybCI6Ii9yYmFjL21lbnUvYWRkLyIsInBpZCI6NTEsInBfdGl0bGUiOiJcdTgzZGNcdTUzNTVcdTUyMTdcdTg4NjgiLCJwX3VybCI6Ii9yYmFjL21lbnUvbGlzdC8ifSwicmJhYzptZW51X2VkaXQiOnsiaWQiOjUzLCJ0aXRsZSI6Ilx1NGZlZVx1NjUzOVx1ODNkY1x1NTM1NSIsInVybCI6Ii9yYmFjL21lbnUvZWRpdC8oP1A8cGs+XFxkKykvIiwicGlkIjo1MSwicF90aXRsZSI6Ilx1ODNkY1x1NTM1NVx1NTIxN1x1ODg2OCIsInBfdXJsIjoiL3JiYWMvbWVudS9saXN0LyJ9LCJyYmFjOm1lbnVfZGVsIjp7ImlkIjo1NCwidGl0bGUiOiJcdTUyMjBcdTk2NjRcdTgzZGNcdTUzNTUiLCJ1cmwiOiIvcmJhYy9tZW51L2RlbC8oP1A8cGs+XFxkKykvIiwicGlkIjo1MSwicF90aXRsZSI6Ilx1ODNkY1x1NTM1NVx1NTIxN1x1ODg2OCIsInBfdXJsIjoiL3JiYWMvbWVudS9saXN0LyJ9LCJyYmFjOnNlY29uZF9tZW51X2FkZCI6eyJpZCI6NTUsInRpdGxlIjoiXHU2ZGZiXHU1MmEwXHU0ZThjXHU3ZWE3XHU4M2RjXHU1MzU1IiwidXJsIjoiL3JiYWMvc2Vjb25kL21lbnUvYWRkLyg/UDxtZW51X2lkPlxcZCspLyIsInBpZCI6NTEsInBfdGl0bGUiOiJcdTgzZGNcdTUzNTVcdTUyMTdcdTg4NjgiLCJwX3VybCI6Ii9yYmFjL21lbnUvbGlzdC8ifSwicmJhYzpzZWNvbmRfbWVudV9lZGl0Ijp7ImlkIjo1NiwidGl0bGUiOiJcdTRmZWVcdTY1MzlcdTRlOGNcdTdlYTdcdTgzZGNcdTUzNTUiLCJ1cmwiOiIvcmJhYy9zZWNvbmQvbWVudS9lZGl0Lyg/UDxwaz5cXGQrKS8iLCJwaWQiOjUxLCJwX3RpdGxlIjoiXHU4M2RjXHU1MzU1XHU1MjE3XHU4ODY4IiwicF91cmwiOiIvcmJhYy9tZW51L2xpc3QvIn0sInJiYWM6c2Vjb25kX21lbnVfZGVsIjp7ImlkIjo1NywidGl0bGUiOiJcdTUyMjBcdTk2NjRcdTRlOGNcdTdlYTdcdTgzZGNcdTUzNTUiLCJ1cmwiOiIvcmJhYy9zZWNvbmQvbWVudS9kZWwvKD9QPHBrPlxcZCspLyIsInBpZCI6NTEsInBfdGl0bGUiOiJcdTgzZGNcdTUzNTVcdTUyMTdcdTg4NjgiLCJwX3VybCI6Ii9yYmFjL21lbnUvbGlzdC8ifSwicmJhYzpwZXJtaXNzaW9uX2FkZCI6eyJpZCI6NTgsInRpdGxlIjoiXHU2ZGZiXHU1MmEwXHU2NzQzXHU5NjUwIiwidXJsIjoiL3JiYWMvcGVybWlzc2lvbi9hZGQvKD9QPHNlY29uZF9tZW51X2lkPlxcZCspLyIsInBpZCI6NTEsInBfdGl0bGUiOiJcdTgzZGNcdTUzNTVcdTUyMTdcdTg4NjgiLCJwX3VybCI6Ii9yYmFjL21lbnUvbGlzdC8ifSwicmJhYzpwZXJtaXNzaW9uX2VkaXQiOnsiaWQiOjU5LCJ0aXRsZSI6Ilx1NGZlZVx1NjUzOVx1Njc0M1x1OTY1MCIsInVybCI6Ii9yYmFjL3Blcm1pc3Npb24vZWRpdC8oP1A8cGs+XFxkKykvIiwicGlkIjo1MSwicF90aXRsZSI6Ilx1ODNkY1x1NTM1NVx1NTIxN1x1ODg2OCIsInBfdXJsIjoiL3JiYWMvbWVudS9saXN0LyJ9LCJyYmFjOnBlcm1pc3Npb25fZGVsIjp7ImlkIjo2MCwidGl0bGUiOiJcdTUyMjBcdTk2NjRcdTY3NDNcdTk2NTAiLCJ1cmwiOiIvcmJhYy9wZXJtaXNzaW9uL2RlbC8oP1A8cGs+XFxkKykvIiwicGlkIjo1MSwicF90aXRsZSI6Ilx1ODNkY1x1NTM1NVx1NTIxN1x1ODg2OCIsInBfdXJsIjoiL3JiYWMvbWVudS9saXN0LyJ9LCJyYmFjOm11bHRpX3Blcm1pc3Npb25zIjp7ImlkIjo2MSwidGl0bGUiOiJcdTYyNzlcdTkxY2ZcdTY0Y2RcdTRmNWNcdTY3NDNcdTk2NTAiLCJ1cmwiOiIvcmJhYy9tdWx0aS9wZXJtaXNzaW9ucy8iLCJwaWQiOjUxLCJwX3RpdGxlIjoiXHU4M2RjXHU1MzU1XHU1MjE3XHU4ODY4IiwicF91cmwiOiIvcmJhYy9tZW51L2xpc3QvIn0sInJiYWM6bXVsdGlfcGVybWlzc2lvbnNfZGVsIjp7ImlkIjo2MiwidGl0bGUiOiJcdTYyNzlcdTkxY2ZcdTUyMjBcdTk2NjRcdTY3NDNcdTk2NTAiLCJ1cmwiOiIvcmJhYy9tdWx0aS9wZXJtaXNzaW9ucy9kZWwvKD9QPHBrPlxcZCspLyIsInBpZCI6NTEsInBfdGl0bGUiOiJcdTgzZGNcdTUzNTVcdTUyMTdcdTg4NjgiLCJwX3VybCI6Ii9yYmFjL21lbnUvbGlzdC8ifX0sInVzZXJfaW5mbyI6eyJpZCI6MTAsIm5pY2tuYW1lIjoiXHU1ZjIwXHU1NzY0In19', '2019-12-12 17:25:24.560136');
INSERT INTO `django_session` VALUES ('g5i2lzqs6g4tfru5n7ffu6e0dbnj5s6r', 'NGIwODIwODJkNmVkM2Y3NjI2M2U5Zjc5ODRjMWM4N2JjNmJlZDdhNDp7ImNvbXBhbnlfbWVudV9saXN0X2tleSI6eyIxIjp7InRpdGxlIjoiXHU0ZjAxXHU0ZTFhXHU2NTcwXHU2MzZlIiwiaWNvbiI6ImZhIGZhLWJ1aWxkaW5nIiwiY2hpbGRyZW4iOlt7ImlkIjoxLCJ0aXRsZSI6Ilx1NGYwMVx1NGUxYVx1NTIxN1x1ODg2OCIsInVybCI6Ii9zdGFyay93ZWIvY29tcGFueS9saXN0LyJ9LHsiaWQiOjUsInRpdGxlIjoiXHU5MGU4XHU5NWU4XHU1MjE3XHU4ODY4IiwidXJsIjoiL3N0YXJrL3dlYi9kZXBhcnRtZW50L2xpc3QvIn0seyJpZCI6MTQsInRpdGxlIjoiXHU4YmZlXHU3YTBiXHU1MjE3XHU4ODY4IiwidXJsIjoiL3N0YXJrL3dlYi9jb3Vyc2UvbGlzdC8ifV19LCI0Ijp7InRpdGxlIjoiXHU5MTRkXHU3ZjZlXHU3YmExXHU3NDA2IiwiaWNvbiI6ImZhIGZhLXR3aXRjaCIsImNoaWxkcmVuIjpbeyJpZCI6OSwidGl0bGUiOiJcdTc1MjhcdTYyMzdcdTUyMTdcdTg4NjgiLCJ1cmwiOiIvc3Rhcmsvd2ViL3VzZXJpbmZvL2xpc3QvIn0seyJpZCI6NDcsInRpdGxlIjoiXHU4OWQyXHU4MjcyXHU1MjE3XHU4ODY4IiwidXJsIjoiL3JiYWMvcm9sZS9saXN0LyJ9LHsiaWQiOjUxLCJ0aXRsZSI6Ilx1ODNkY1x1NTM1NVx1NTIxN1x1ODg2OCIsInVybCI6Ii9yYmFjL21lbnUvbGlzdC8ifSx7ImlkIjo2MywidGl0bGUiOiJcdTUyMDZcdTkxNGRcdTY3NDNcdTk2NTAiLCJ1cmwiOiIvcmJhYy9kaXN0cmlidXRlL3Blcm1pc3Npb25zLyJ9XX0sIjYiOnsidGl0bGUiOiJcdTk5MTBcdTk5NmVcdTY1NzBcdTYzNmUiLCJpY29uIjoiZmEgZmEtY3V0bGVyeSIsImNoaWxkcmVuIjpbeyJpZCI6NjUsInRpdGxlIjoiXHU5OTEwXHU5OTg2XHU1MjE3XHU4ODY4IiwidXJsIjoiL3N0YXJrL3dlYi9mb29kL2xpc3QvIn1dfX0sImNvbXBhbnlfcGVybWlzc2lvbl91cmxfbGlzdF9rZXkiOnsid2ViX2NvbXBhbnlfbGlzdCI6eyJpZCI6MSwidGl0bGUiOiJcdTRmMDFcdTRlMWFcdTUyMTdcdTg4NjgiLCJ1cmwiOiIvc3Rhcmsvd2ViL2NvbXBhbnkvbGlzdC8iLCJwaWQiOm51bGwsInBfdGl0bGUiOm51bGwsInBfdXJsIjpudWxsfSwid2ViX2RlcGFydG1lbnRfbGlzdCI6eyJpZCI6NSwidGl0bGUiOiJcdTkwZThcdTk1ZThcdTUyMTdcdTg4NjgiLCJ1cmwiOiIvc3Rhcmsvd2ViL2RlcGFydG1lbnQvbGlzdC8iLCJwaWQiOm51bGwsInBfdGl0bGUiOm51bGwsInBfdXJsIjpudWxsfSwid2ViX2NvdXJzZV9saXN0Ijp7ImlkIjoxNCwidGl0bGUiOiJcdThiZmVcdTdhMGJcdTUyMTdcdTg4NjgiLCJ1cmwiOiIvc3Rhcmsvd2ViL2NvdXJzZS9saXN0LyIsInBpZCI6bnVsbCwicF90aXRsZSI6bnVsbCwicF91cmwiOm51bGx9LCJ3ZWJfdXNlcmluZm9fbGlzdCI6eyJpZCI6OSwidGl0bGUiOiJcdTc1MjhcdTYyMzdcdTUyMTdcdTg4NjgiLCJ1cmwiOiIvc3Rhcmsvd2ViL3VzZXJpbmZvL2xpc3QvIiwicGlkIjpudWxsLCJwX3RpdGxlIjpudWxsLCJwX3VybCI6bnVsbH0sInJiYWM6cm9sZV9saXN0Ijp7ImlkIjo0NywidGl0bGUiOiJcdTg5ZDJcdTgyNzJcdTUyMTdcdTg4NjgiLCJ1cmwiOiIvcmJhYy9yb2xlL2xpc3QvIiwicGlkIjpudWxsLCJwX3RpdGxlIjpudWxsLCJwX3VybCI6bnVsbH0sInJiYWM6bWVudV9saXN0Ijp7ImlkIjo1MSwidGl0bGUiOiJcdTgzZGNcdTUzNTVcdTUyMTdcdTg4NjgiLCJ1cmwiOiIvcmJhYy9tZW51L2xpc3QvIiwicGlkIjpudWxsLCJwX3RpdGxlIjpudWxsLCJwX3VybCI6bnVsbH0sInJiYWM6ZGlzdHJpYnV0ZV9wZXJtaXNzaW9ucyI6eyJpZCI6NjMsInRpdGxlIjoiXHU1MjA2XHU5MTRkXHU2NzQzXHU5NjUwIiwidXJsIjoiL3JiYWMvZGlzdHJpYnV0ZS9wZXJtaXNzaW9ucy8iLCJwaWQiOm51bGwsInBfdGl0bGUiOm51bGwsInBfdXJsIjpudWxsfSwid2ViX2Zvb2RfbGlzdCI6eyJpZCI6NjUsInRpdGxlIjoiXHU5OTEwXHU5OTg2XHU1MjE3XHU4ODY4IiwidXJsIjoiL3N0YXJrL3dlYi9mb29kL2xpc3QvIiwicGlkIjpudWxsLCJwX3RpdGxlIjpudWxsLCJwX3VybCI6bnVsbH0sIndlYl9jb21wYW55X2FkZCI6eyJpZCI6MiwidGl0bGUiOiJcdTZkZmJcdTUyYTBcdTRmMDFcdTRlMWEiLCJ1cmwiOiIvc3Rhcmsvd2ViL2NvbXBhbnkvYWRkLyIsInBpZCI6MSwicF90aXRsZSI6Ilx1NGYwMVx1NGUxYVx1NTIxN1x1ODg2OCIsInBfdXJsIjoiL3N0YXJrL3dlYi9jb21wYW55L2xpc3QvIn0sIndlYl9jb21wYW55X2NoYW5nZSI6eyJpZCI6MywidGl0bGUiOiJcdTRmZWVcdTY1MzlcdTRmMDFcdTRlMWEiLCJ1cmwiOiIvc3Rhcmsvd2ViL2NvbXBhbnkvY2hhbmdlLyg/UDxwaz5cXGQrKS8iLCJwaWQiOjEsInBfdGl0bGUiOiJcdTRmMDFcdTRlMWFcdTUyMTdcdTg4NjgiLCJwX3VybCI6Ii9zdGFyay93ZWIvY29tcGFueS9saXN0LyJ9LCJ3ZWJfY29tcGFueV9kZWxldGUiOnsiaWQiOjQsInRpdGxlIjoiXHU1MjIwXHU5NjY0XHU0ZjAxXHU0ZTFhIiwidXJsIjoiL3N0YXJrL3dlYi9jb21wYW55L2RlbGV0ZS8oP1A8cGs+XFxkKykvIiwicGlkIjoxLCJwX3RpdGxlIjoiXHU0ZjAxXHU0ZTFhXHU1MjE3XHU4ODY4IiwicF91cmwiOiIvc3Rhcmsvd2ViL2NvbXBhbnkvbGlzdC8ifSwid2ViX2RlcGFydG1lbnRfYWRkIjp7ImlkIjo2LCJ0aXRsZSI6Ilx1NmRmYlx1NTJhMFx1OTBlOFx1OTVlOCIsInVybCI6Ii9zdGFyay93ZWIvZGVwYXJ0bWVudC9hZGQvIiwicGlkIjo1LCJwX3RpdGxlIjoiXHU5MGU4XHU5NWU4XHU1MjE3XHU4ODY4IiwicF91cmwiOiIvc3Rhcmsvd2ViL2RlcGFydG1lbnQvbGlzdC8ifSwid2ViX2RlcGFydG1lbnRfY2hhbmdlIjp7ImlkIjo3LCJ0aXRsZSI6Ilx1NGZlZVx1NjUzOVx1OTBlOFx1OTVlOCIsInVybCI6Ii9zdGFyay93ZWIvZGVwYXJ0bWVudC9jaGFuZ2UvKD9QPHBrPlxcZCspLyIsInBpZCI6NSwicF90aXRsZSI6Ilx1OTBlOFx1OTVlOFx1NTIxN1x1ODg2OCIsInBfdXJsIjoiL3N0YXJrL3dlYi9kZXBhcnRtZW50L2xpc3QvIn0sIndlYl9kZXBhcnRtZW50X2RlbGV0ZSI6eyJpZCI6OCwidGl0bGUiOiJcdTUyMjBcdTk2NjRcdTkwZThcdTk1ZTgiLCJ1cmwiOiIvc3Rhcmsvd2ViL2RlcGFydG1lbnQvZGVsZXRlLyg/UDxwaz5cXGQrKS8iLCJwaWQiOjUsInBfdGl0bGUiOiJcdTkwZThcdTk1ZThcdTUyMTdcdTg4NjgiLCJwX3VybCI6Ii9zdGFyay93ZWIvZGVwYXJ0bWVudC9saXN0LyJ9LCJ3ZWJfdXNlcmluZm9fYWRkIjp7ImlkIjoxMCwidGl0bGUiOiJcdTZkZmJcdTUyYTBcdTc1MjhcdTYyMzciLCJ1cmwiOiIvc3Rhcmsvd2ViL3VzZXJpbmZvL2FkZC8iLCJwaWQiOjksInBfdGl0bGUiOiJcdTc1MjhcdTYyMzdcdTUyMTdcdTg4NjgiLCJwX3VybCI6Ii9zdGFyay93ZWIvdXNlcmluZm8vbGlzdC8ifSwid2ViX3VzZXJpbmZvX2NoYW5nZSI6eyJpZCI6MTEsInRpdGxlIjoiXHU0ZmVlXHU2NTM5XHU3NTI4XHU2MjM3IiwidXJsIjoiL3N0YXJrL3dlYi91c2VyaW5mby9jaGFuZ2UvKD9QPHBrPlxcZCspLyIsInBpZCI6OSwicF90aXRsZSI6Ilx1NzUyOFx1NjIzN1x1NTIxN1x1ODg2OCIsInBfdXJsIjoiL3N0YXJrL3dlYi91c2VyaW5mby9saXN0LyJ9LCJ3ZWJfdXNlcmluZm9fZGVsZXRlIjp7ImlkIjoxMiwidGl0bGUiOiJcdTUyMjBcdTk2NjRcdTc1MjhcdTYyMzciLCJ1cmwiOiIvc3Rhcmsvd2ViL3VzZXJpbmZvL2RlbGV0ZS8oP1A8cGs+XFxkKykvIiwicGlkIjo5LCJwX3RpdGxlIjoiXHU3NTI4XHU2MjM3XHU1MjE3XHU4ODY4IiwicF91cmwiOiIvc3Rhcmsvd2ViL3VzZXJpbmZvL2xpc3QvIn0sIndlYl91c2VyaW5mb19yZXN0X3B3ZCI6eyJpZCI6MTMsInRpdGxlIjoiXHU5MWNkXHU3ZjZlXHU1YmM2XHU3ODAxIiwidXJsIjoiL3N0YXJrL3dlYi91c2VyaW5mby9yZXNldC9wYXNzd29yZC8oP1A8cGs+XFxkKykiLCJwaWQiOjksInBfdGl0bGUiOiJcdTc1MjhcdTYyMzdcdTUyMTdcdTg4NjgiLCJwX3VybCI6Ii9zdGFyay93ZWIvdXNlcmluZm8vbGlzdC8ifSwid2ViX2NvdXJzZV9hZGQiOnsiaWQiOjE1LCJ0aXRsZSI6Ilx1NmRmYlx1NTJhMFx1OGJmZVx1N2EwYiIsInVybCI6Ii9zdGFyay93ZWIvY291cnNlL2FkZC8iLCJwaWQiOjE0LCJwX3RpdGxlIjoiXHU4YmZlXHU3YTBiXHU1MjE3XHU4ODY4IiwicF91cmwiOiIvc3Rhcmsvd2ViL2NvdXJzZS9saXN0LyJ9LCJ3ZWJfY291cnNlX2NoYW5nZSI6eyJpZCI6MTYsInRpdGxlIjoiXHU0ZmVlXHU2NTM5XHU4YmZlXHU3YTBiIiwidXJsIjoiL3N0YXJrL3dlYi9jb3Vyc2UvY2hhbmdlLyg/UDxwaz5cXGQrKS8iLCJwaWQiOjE0LCJwX3RpdGxlIjoiXHU4YmZlXHU3YTBiXHU1MjE3XHU4ODY4IiwicF91cmwiOiIvc3Rhcmsvd2ViL2NvdXJzZS9saXN0LyJ9LCJ3ZWJfY291cnNlX2RlbGV0ZSI6eyJpZCI6MTcsInRpdGxlIjoiXHU1MjIwXHU5NjY0XHU4YmZlXHU3YTBiIiwidXJsIjoiL3N0YXJrL3dlYi9jb3Vyc2UvZGVsZXRlLyg/UDxwaz5cXGQrKS8iLCJwaWQiOjE0LCJwX3RpdGxlIjoiXHU4YmZlXHU3YTBiXHU1MjE3XHU4ODY4IiwicF91cmwiOiIvc3Rhcmsvd2ViL2NvdXJzZS9saXN0LyJ9LCJyYmFjOnJvbGVfYWRkIjp7ImlkIjo0OCwidGl0bGUiOiJcdTZkZmJcdTUyYTBcdTg5ZDJcdTgyNzIiLCJ1cmwiOiIvcmJhYy9yb2xlL2FkZC8iLCJwaWQiOjQ3LCJwX3RpdGxlIjoiXHU4OWQyXHU4MjcyXHU1MjE3XHU4ODY4IiwicF91cmwiOiIvcmJhYy9yb2xlL2xpc3QvIn0sInJiYWM6cm9sZV9lZGl0Ijp7ImlkIjo0OSwidGl0bGUiOiJcdTRmZWVcdTY1MzlcdTg5ZDJcdTgyNzIiLCJ1cmwiOiIvcmJhYy9yb2xlL2VkaXQvKD9QPHBrPlxcZCspLyIsInBpZCI6NDcsInBfdGl0bGUiOiJcdTg5ZDJcdTgyNzJcdTUyMTdcdTg4NjgiLCJwX3VybCI6Ii9yYmFjL3JvbGUvbGlzdC8ifSwicmJhYzpyb2xlX2RlbCI6eyJpZCI6NTAsInRpdGxlIjoiXHU1MjIwXHU5NjY0XHU4OWQyXHU4MjcyIiwidXJsIjoiL3JiYWMvcm9sZS9kZWwvKD9QPHBrPlxcZCspLyIsInBpZCI6NDcsInBfdGl0bGUiOiJcdTg5ZDJcdTgyNzJcdTUyMTdcdTg4NjgiLCJwX3VybCI6Ii9yYmFjL3JvbGUvbGlzdC8ifSwicmJhYzptZW51X2FkZCI6eyJpZCI6NTIsInRpdGxlIjoiXHU2ZGZiXHU1MmEwXHU4M2RjXHU1MzU1IiwidXJsIjoiL3JiYWMvbWVudS9hZGQvIiwicGlkIjo1MSwicF90aXRsZSI6Ilx1ODNkY1x1NTM1NVx1NTIxN1x1ODg2OCIsInBfdXJsIjoiL3JiYWMvbWVudS9saXN0LyJ9LCJyYmFjOm1lbnVfZWRpdCI6eyJpZCI6NTMsInRpdGxlIjoiXHU0ZmVlXHU2NTM5XHU4M2RjXHU1MzU1IiwidXJsIjoiL3JiYWMvbWVudS9lZGl0Lyg/UDxwaz5cXGQrKS8iLCJwaWQiOjUxLCJwX3RpdGxlIjoiXHU4M2RjXHU1MzU1XHU1MjE3XHU4ODY4IiwicF91cmwiOiIvcmJhYy9tZW51L2xpc3QvIn0sInJiYWM6bWVudV9kZWwiOnsiaWQiOjU0LCJ0aXRsZSI6Ilx1NTIyMFx1OTY2NFx1ODNkY1x1NTM1NSIsInVybCI6Ii9yYmFjL21lbnUvZGVsLyg/UDxwaz5cXGQrKS8iLCJwaWQiOjUxLCJwX3RpdGxlIjoiXHU4M2RjXHU1MzU1XHU1MjE3XHU4ODY4IiwicF91cmwiOiIvcmJhYy9tZW51L2xpc3QvIn0sInJiYWM6c2Vjb25kX21lbnVfYWRkIjp7ImlkIjo1NSwidGl0bGUiOiJcdTZkZmJcdTUyYTBcdTRlOGNcdTdlYTdcdTgzZGNcdTUzNTUiLCJ1cmwiOiIvcmJhYy9zZWNvbmQvbWVudS9hZGQvKD9QPG1lbnVfaWQ+XFxkKykvIiwicGlkIjo1MSwicF90aXRsZSI6Ilx1ODNkY1x1NTM1NVx1NTIxN1x1ODg2OCIsInBfdXJsIjoiL3JiYWMvbWVudS9saXN0LyJ9LCJyYmFjOnNlY29uZF9tZW51X2VkaXQiOnsiaWQiOjU2LCJ0aXRsZSI6Ilx1NGZlZVx1NjUzOVx1NGU4Y1x1N2VhN1x1ODNkY1x1NTM1NSIsInVybCI6Ii9yYmFjL3NlY29uZC9tZW51L2VkaXQvKD9QPHBrPlxcZCspLyIsInBpZCI6NTEsInBfdGl0bGUiOiJcdTgzZGNcdTUzNTVcdTUyMTdcdTg4NjgiLCJwX3VybCI6Ii9yYmFjL21lbnUvbGlzdC8ifSwicmJhYzpzZWNvbmRfbWVudV9kZWwiOnsiaWQiOjU3LCJ0aXRsZSI6Ilx1NTIyMFx1OTY2NFx1NGU4Y1x1N2VhN1x1ODNkY1x1NTM1NSIsInVybCI6Ii9yYmFjL3NlY29uZC9tZW51L2RlbC8oP1A8cGs+XFxkKykvIiwicGlkIjo1MSwicF90aXRsZSI6Ilx1ODNkY1x1NTM1NVx1NTIxN1x1ODg2OCIsInBfdXJsIjoiL3JiYWMvbWVudS9saXN0LyJ9LCJyYmFjOnBlcm1pc3Npb25fYWRkIjp7ImlkIjo1OCwidGl0bGUiOiJcdTZkZmJcdTUyYTBcdTY3NDNcdTk2NTAiLCJ1cmwiOiIvcmJhYy9wZXJtaXNzaW9uL2FkZC8oP1A8c2Vjb25kX21lbnVfaWQ+XFxkKykvIiwicGlkIjo1MSwicF90aXRsZSI6Ilx1ODNkY1x1NTM1NVx1NTIxN1x1ODg2OCIsInBfdXJsIjoiL3JiYWMvbWVudS9saXN0LyJ9LCJyYmFjOnBlcm1pc3Npb25fZWRpdCI6eyJpZCI6NTksInRpdGxlIjoiXHU0ZmVlXHU2NTM5XHU2NzQzXHU5NjUwIiwidXJsIjoiL3JiYWMvcGVybWlzc2lvbi9lZGl0Lyg/UDxwaz5cXGQrKS8iLCJwaWQiOjUxLCJwX3RpdGxlIjoiXHU4M2RjXHU1MzU1XHU1MjE3XHU4ODY4IiwicF91cmwiOiIvcmJhYy9tZW51L2xpc3QvIn0sInJiYWM6cGVybWlzc2lvbl9kZWwiOnsiaWQiOjYwLCJ0aXRsZSI6Ilx1NTIyMFx1OTY2NFx1Njc0M1x1OTY1MCIsInVybCI6Ii9yYmFjL3Blcm1pc3Npb24vZGVsLyg/UDxwaz5cXGQrKS8iLCJwaWQiOjUxLCJwX3RpdGxlIjoiXHU4M2RjXHU1MzU1XHU1MjE3XHU4ODY4IiwicF91cmwiOiIvcmJhYy9tZW51L2xpc3QvIn0sInJiYWM6bXVsdGlfcGVybWlzc2lvbnMiOnsiaWQiOjYxLCJ0aXRsZSI6Ilx1NjI3OVx1OTFjZlx1NjRjZFx1NGY1Y1x1Njc0M1x1OTY1MCIsInVybCI6Ii9yYmFjL211bHRpL3Blcm1pc3Npb25zLyIsInBpZCI6NTEsInBfdGl0bGUiOiJcdTgzZGNcdTUzNTVcdTUyMTdcdTg4NjgiLCJwX3VybCI6Ii9yYmFjL21lbnUvbGlzdC8ifSwicmJhYzptdWx0aV9wZXJtaXNzaW9uc19kZWwiOnsiaWQiOjYyLCJ0aXRsZSI6Ilx1NjI3OVx1OTFjZlx1NTIyMFx1OTY2NFx1Njc0M1x1OTY1MCIsInVybCI6Ii9yYmFjL211bHRpL3Blcm1pc3Npb25zL2RlbC8oP1A8cGs+XFxkKykvIiwicGlkIjo1MSwicF90aXRsZSI6Ilx1ODNkY1x1NTM1NVx1NTIxN1x1ODg2OCIsInBfdXJsIjoiL3JiYWMvbWVudS9saXN0LyJ9LCJ3ZWJfZm9vZF9hZGQiOnsiaWQiOjY2LCJ0aXRsZSI6Ilx1NmRmYlx1NTJhMFx1OTkxMFx1OTk4NiIsInVybCI6Ii9zdGFyay93ZWIvZm9vZC9hZGQvIiwicGlkIjo2NSwicF90aXRsZSI6Ilx1OTkxMFx1OTk4Nlx1NTIxN1x1ODg2OCIsInBfdXJsIjoiL3N0YXJrL3dlYi9mb29kL2xpc3QvIn0sIndlYl9mb29kX2NoYW5nZSI6eyJpZCI6NjcsInRpdGxlIjoiXHU0ZmVlXHU2NTM5XHU5OTEwXHU5OTg2IiwidXJsIjoiL3N0YXJrL3dlYi9mb29kL2NoYW5nZS8oP1A8cGs+XFxkKykvIiwicGlkIjo2NSwicF90aXRsZSI6Ilx1OTkxMFx1OTk4Nlx1NTIxN1x1ODg2OCIsInBfdXJsIjoiL3N0YXJrL3dlYi9mb29kL2xpc3QvIn0sIndlYl9mb29kX2RlbGV0ZSI6eyJpZCI6NjgsInRpdGxlIjoiXHU1MjIwXHU5NjY0XHU5OTEwXHU5OTg2IiwidXJsIjoiL3N0YXJrL3dlYi9mb29kL2RlbGV0ZS8oP1A8cGs+XFxkKykvIiwicGlkIjo2NSwicF90aXRsZSI6Ilx1OTkxMFx1OTk4Nlx1NTIxN1x1ODg2OCIsInBfdXJsIjoiL3N0YXJrL3dlYi9mb29kL2xpc3QvIn19LCJ1c2VyX2luZm8iOnsiaWQiOjEwLCJuaWNrbmFtZSI6Ilx1NWYyMFx1NTc2NCJ9fQ==', '2019-12-26 14:35:48.304174');
INSERT INTO `django_session` VALUES ('jl21f9gukfp8iyf8n10i7yjx4y9wj5dw', 'OGZmNmU4YTUyZWFlNDlkZDI4MGNhMWExNGE1MDViZTBlYzllZmVkMzp7ImNvbXBhbnlfbWVudV9saXN0X2tleSI6eyIxIjp7InRpdGxlIjoiXHU0ZjAxXHU0ZTFhXHU3YmExXHU3NDA2IiwiaWNvbiI6ImZhIGZhLWN1YmVzIiwiY2hpbGRyZW4iOlt7ImlkIjoxLCJ0aXRsZSI6Ilx1NjgyMVx1NTMzYVx1NTIxN1x1ODg2OCIsInVybCI6Ii9zdGFyay93ZWIvc2Nob29sL2xpc3QvIn0seyJpZCI6NSwidGl0bGUiOiJcdTkwZThcdTk1ZThcdTUyMTdcdTg4NjgiLCJ1cmwiOiIvc3Rhcmsvd2ViL2RlcGFydG1lbnQvbGlzdC8ifSx7ImlkIjoxNCwidGl0bGUiOiJcdThiZmVcdTdhMGJcdTUyMTdcdTg4NjgiLCJ1cmwiOiIvc3Rhcmsvd2ViL2NvdXJzZS9saXN0LyJ9LHsiaWQiOjE4LCJ0aXRsZSI6Ilx1NzNlZFx1N2VhN1x1NTIxN1x1ODg2OCIsInVybCI6Ii9zdGFyay93ZWIvY2xhc3NsaXN0L2xpc3QvIn1dfSwiMiI6eyJ0aXRsZSI6Ilx1OTYzZlx1NjVhZlx1OTg3Zlx1NTNkMVx1OTAwMVx1NTIzMFx1NTNkMSIsImljb24iOiJmYSBmYS1jdWJlcyIsImNoaWxkcmVuIjpbeyJpZCI6MjIsInRpdGxlIjoiXHU1MTZjXHU2MjM3XHU1MjE3XHU4ODY4IiwidXJsIjoiL3N0YXJrL3dlYi9jdXN0b21lci9wdWIvbGlzdC8ifSx7ImlkIjoyNywidGl0bGUiOiJcdTc5YzFcdTYyMzdcdTUyMTdcdTg4NjgiLCJ1cmwiOiIvc3Rhcmsvd2ViL2N1c3RvbWVyL3ByaXYvbGlzdC8ifSx7ImlkIjozNywidGl0bGUiOiJcdTViYTFcdTY4MzhcdTdmMzRcdThkMzlcdThiYjBcdTVmNTUiLCJ1cmwiOiIvc3Rhcmsvd2ViL3BheW1lbnRyZWNvcmQvY2hlY2svbGlzdC8ifV19LCIzIjp7InRpdGxlIjoiXHU1YjY2XHU1NDU4XHU3YmExXHU3NDA2IiwiaWNvbiI6ImZhIGZhLXVzZXIiLCJjaGlsZHJlbiI6W3siaWQiOjM4LCJ0aXRsZSI6Ilx1NWI2Nlx1NzUxZlx1NTIxN1x1ODg2OCIsInVybCI6Ii9zdGFyay93ZWIvc3R1ZGVudC9saXN0LyJ9XX0sIjQiOnsidGl0bGUiOiJcdTY3NDNcdTk2NTBcdTdiYTFcdTc0MDYiLCJpY29uIjoiZmEgZmEtY3ViZXMiLCJjaGlsZHJlbiI6W3siaWQiOjksInRpdGxlIjoiXHU3NTI4XHU2MjM3XHU1MjE3XHU4ODY4IiwidXJsIjoiL3N0YXJrL3dlYi91c2VyaW5mby9saXN0LyJ9LHsiaWQiOjQ3LCJ0aXRsZSI6Ilx1ODlkMlx1ODI3Mlx1NTIxN1x1ODg2OCIsInVybCI6Ii9yYmFjL3JvbGUvbGlzdC8ifSx7ImlkIjo1MSwidGl0bGUiOiJcdTgzZGNcdTUzNTVcdTUyMTdcdTg4NjgiLCJ1cmwiOiIvcmJhYy9tZW51L2xpc3QvIn0seyJpZCI6NjMsInRpdGxlIjoiXHU1MjA2XHU5MTRkXHU2NzQzXHU5NjUwIiwidXJsIjoiL3JiYWMvZGlzdHJpYnV0ZS9wZXJtaXNzaW9ucy8ifV19fSwiY29tcGFueV9wZXJtaXNzaW9uX3VybF9saXN0X2tleSI6eyJ3ZWJfc2Nob29sX2xpc3QiOnsiaWQiOjEsInRpdGxlIjoiXHU2ODIxXHU1MzNhXHU1MjE3XHU4ODY4IiwidXJsIjoiL3N0YXJrL3dlYi9zY2hvb2wvbGlzdC8iLCJwaWQiOm51bGwsInBfdGl0bGUiOm51bGwsInBfdXJsIjpudWxsfSwid2ViX2RlcGFydG1lbnRfbGlzdCI6eyJpZCI6NSwidGl0bGUiOiJcdTkwZThcdTk1ZThcdTUyMTdcdTg4NjgiLCJ1cmwiOiIvc3Rhcmsvd2ViL2RlcGFydG1lbnQvbGlzdC8iLCJwaWQiOm51bGwsInBfdGl0bGUiOm51bGwsInBfdXJsIjpudWxsfSwid2ViX2NvdXJzZV9saXN0Ijp7ImlkIjoxNCwidGl0bGUiOiJcdThiZmVcdTdhMGJcdTUyMTdcdTg4NjgiLCJ1cmwiOiIvc3Rhcmsvd2ViL2NvdXJzZS9saXN0LyIsInBpZCI6bnVsbCwicF90aXRsZSI6bnVsbCwicF91cmwiOm51bGx9LCJ3ZWJfY2xhc3NsaXN0X2xpc3QiOnsiaWQiOjE4LCJ0aXRsZSI6Ilx1NzNlZFx1N2VhN1x1NTIxN1x1ODg2OCIsInVybCI6Ii9zdGFyay93ZWIvY2xhc3NsaXN0L2xpc3QvIiwicGlkIjpudWxsLCJwX3RpdGxlIjpudWxsLCJwX3VybCI6bnVsbH0sIndlYl9jdXN0b21lcl9wdWJfbGlzdCI6eyJpZCI6MjIsInRpdGxlIjoiXHU1MTZjXHU2MjM3XHU1MjE3XHU4ODY4IiwidXJsIjoiL3N0YXJrL3dlYi9jdXN0b21lci9wdWIvbGlzdC8iLCJwaWQiOm51bGwsInBfdGl0bGUiOm51bGwsInBfdXJsIjpudWxsfSwid2ViX2N1c3RvbWVyX3ByaXZfbGlzdCI6eyJpZCI6MjcsInRpdGxlIjoiXHU3OWMxXHU2MjM3XHU1MjE3XHU4ODY4IiwidXJsIjoiL3N0YXJrL3dlYi9jdXN0b21lci9wcml2L2xpc3QvIiwicGlkIjpudWxsLCJwX3RpdGxlIjpudWxsLCJwX3VybCI6bnVsbH0sIndlYl9wYXltZW50cmVjb3JkX2NoZWNrX2xpc3QiOnsiaWQiOjM3LCJ0aXRsZSI6Ilx1NWJhMVx1NjgzOFx1N2YzNFx1OGQzOVx1OGJiMFx1NWY1NSIsInVybCI6Ii9zdGFyay93ZWIvcGF5bWVudHJlY29yZC9jaGVjay9saXN0LyIsInBpZCI6bnVsbCwicF90aXRsZSI6bnVsbCwicF91cmwiOm51bGx9LCJ3ZWJfc3R1ZGVudF9saXN0Ijp7ImlkIjozOCwidGl0bGUiOiJcdTViNjZcdTc1MWZcdTUyMTdcdTg4NjgiLCJ1cmwiOiIvc3Rhcmsvd2ViL3N0dWRlbnQvbGlzdC8iLCJwaWQiOm51bGwsInBfdGl0bGUiOm51bGwsInBfdXJsIjpudWxsfSwid2ViX3VzZXJpbmZvX2xpc3QiOnsiaWQiOjksInRpdGxlIjoiXHU3NTI4XHU2MjM3XHU1MjE3XHU4ODY4IiwidXJsIjoiL3N0YXJrL3dlYi91c2VyaW5mby9saXN0LyIsInBpZCI6bnVsbCwicF90aXRsZSI6bnVsbCwicF91cmwiOm51bGx9LCJyYmFjOnJvbGVfbGlzdCI6eyJpZCI6NDcsInRpdGxlIjoiXHU4OWQyXHU4MjcyXHU1MjE3XHU4ODY4IiwidXJsIjoiL3JiYWMvcm9sZS9saXN0LyIsInBpZCI6bnVsbCwicF90aXRsZSI6bnVsbCwicF91cmwiOm51bGx9LCJyYmFjOm1lbnVfbGlzdCI6eyJpZCI6NTEsInRpdGxlIjoiXHU4M2RjXHU1MzU1XHU1MjE3XHU4ODY4IiwidXJsIjoiL3JiYWMvbWVudS9saXN0LyIsInBpZCI6bnVsbCwicF90aXRsZSI6bnVsbCwicF91cmwiOm51bGx9LCJyYmFjOmRpc3RyaWJ1dGVfcGVybWlzc2lvbnMiOnsiaWQiOjYzLCJ0aXRsZSI6Ilx1NTIwNlx1OTE0ZFx1Njc0M1x1OTY1MCIsInVybCI6Ii9yYmFjL2Rpc3RyaWJ1dGUvcGVybWlzc2lvbnMvIiwicGlkIjpudWxsLCJwX3RpdGxlIjpudWxsLCJwX3VybCI6bnVsbH0sIndlYl9zY2hvb2xfYWRkIjp7ImlkIjoyLCJ0aXRsZSI6Ilx1NmRmYlx1NTJhMFx1NjgyMVx1NTMzYSIsInVybCI6Ii9zdGFyay93ZWIvc2Nob29sL2FkZC8iLCJwaWQiOjEsInBfdGl0bGUiOiJcdTY4MjFcdTUzM2FcdTUyMTdcdTg4NjgiLCJwX3VybCI6Ii9zdGFyay93ZWIvc2Nob29sL2xpc3QvIn0sIndlYl9zY2hvb2xfY2hhbmdlIjp7ImlkIjozLCJ0aXRsZSI6Ilx1NGZlZVx1NjUzOVx1NjgyMVx1NTMzYSIsInVybCI6Ii9zdGFyay93ZWIvc2Nob29sL2NoYW5nZS8oP1A8cGs+XFxkKykvIiwicGlkIjoxLCJwX3RpdGxlIjoiXHU2ODIxXHU1MzNhXHU1MjE3XHU4ODY4IiwicF91cmwiOiIvc3Rhcmsvd2ViL3NjaG9vbC9saXN0LyJ9LCJ3ZWJfc2Nob29sX2RlbGV0ZSI6eyJpZCI6NCwidGl0bGUiOiJcdTUyMjBcdTk2NjRcdTY4MjFcdTUzM2EiLCJ1cmwiOiIvc3Rhcmsvd2ViL3NjaG9vbC9kZWxldGUvKD9QPHBrPlxcZCspLyIsInBpZCI6MSwicF90aXRsZSI6Ilx1NjgyMVx1NTMzYVx1NTIxN1x1ODg2OCIsInBfdXJsIjoiL3N0YXJrL3dlYi9zY2hvb2wvbGlzdC8ifSwid2ViX2RlcGFydG1lbnRfYWRkIjp7ImlkIjo2LCJ0aXRsZSI6Ilx1NmRmYlx1NTJhMFx1OTBlOFx1OTVlOCIsInVybCI6Ii9zdGFyay93ZWIvZGVwYXJ0bWVudC9hZGQvIiwicGlkIjo1LCJwX3RpdGxlIjoiXHU5MGU4XHU5NWU4XHU1MjE3XHU4ODY4IiwicF91cmwiOiIvc3Rhcmsvd2ViL2RlcGFydG1lbnQvbGlzdC8ifSwid2ViX2RlcGFydG1lbnRfY2hhbmdlIjp7ImlkIjo3LCJ0aXRsZSI6Ilx1NGZlZVx1NjUzOVx1OTBlOFx1OTVlOCIsInVybCI6Ii9zdGFyay93ZWIvZGVwYXJ0bWVudC9jaGFuZ2UvKD9QPHBrPlxcZCspLyIsInBpZCI6NSwicF90aXRsZSI6Ilx1OTBlOFx1OTVlOFx1NTIxN1x1ODg2OCIsInBfdXJsIjoiL3N0YXJrL3dlYi9kZXBhcnRtZW50L2xpc3QvIn0sIndlYl9kZXBhcnRtZW50X2RlbGV0ZSI6eyJpZCI6OCwidGl0bGUiOiJcdTUyMjBcdTk2NjRcdTkwZThcdTk1ZTgiLCJ1cmwiOiIvc3Rhcmsvd2ViL2RlcGFydG1lbnQvZGVsZXRlLyg/UDxwaz5cXGQrKS8iLCJwaWQiOjUsInBfdGl0bGUiOiJcdTkwZThcdTk1ZThcdTUyMTdcdTg4NjgiLCJwX3VybCI6Ii9zdGFyay93ZWIvZGVwYXJ0bWVudC9saXN0LyJ9LCJ3ZWJfdXNlcmluZm9fYWRkIjp7ImlkIjoxMCwidGl0bGUiOiJcdTZkZmJcdTUyYTBcdTc1MjhcdTYyMzciLCJ1cmwiOiIvc3Rhcmsvd2ViL3VzZXJpbmZvL2FkZC8iLCJwaWQiOjksInBfdGl0bGUiOiJcdTc1MjhcdTYyMzdcdTUyMTdcdTg4NjgiLCJwX3VybCI6Ii9zdGFyay93ZWIvdXNlcmluZm8vbGlzdC8ifSwid2ViX3VzZXJpbmZvX2NoYW5nZSI6eyJpZCI6MTEsInRpdGxlIjoiXHU0ZmVlXHU2NTM5XHU3NTI4XHU2MjM3IiwidXJsIjoiL3N0YXJrL3dlYi91c2VyaW5mby9jaGFuZ2UvKD9QPHBrPlxcZCspLyIsInBpZCI6OSwicF90aXRsZSI6Ilx1NzUyOFx1NjIzN1x1NTIxN1x1ODg2OCIsInBfdXJsIjoiL3N0YXJrL3dlYi91c2VyaW5mby9saXN0LyJ9LCJ3ZWJfdXNlcmluZm9fZGVsZXRlIjp7ImlkIjoxMiwidGl0bGUiOiJcdTUyMjBcdTk2NjRcdTc1MjhcdTYyMzciLCJ1cmwiOiIvc3Rhcmsvd2ViL3VzZXJpbmZvL2RlbGV0ZS8oP1A8cGs+XFxkKykvIiwicGlkIjo5LCJwX3RpdGxlIjoiXHU3NTI4XHU2MjM3XHU1MjE3XHU4ODY4IiwicF91cmwiOiIvc3Rhcmsvd2ViL3VzZXJpbmZvL2xpc3QvIn0sIndlYl91c2VyaW5mb19yZXN0X3B3ZCI6eyJpZCI6MTMsInRpdGxlIjoiXHU5MWNkXHU3ZjZlXHU1YmM2XHU3ODAxIiwidXJsIjoiL3N0YXJrL3dlYi91c2VyaW5mby9yZXNldC9wYXNzd29yZC8oP1A8cGs+XFxkKykiLCJwaWQiOjksInBfdGl0bGUiOiJcdTc1MjhcdTYyMzdcdTUyMTdcdTg4NjgiLCJwX3VybCI6Ii9zdGFyay93ZWIvdXNlcmluZm8vbGlzdC8ifSwid2ViX2NvdXJzZV9hZGQiOnsiaWQiOjE1LCJ0aXRsZSI6Ilx1NmRmYlx1NTJhMFx1OGJmZVx1N2EwYiIsInVybCI6Ii9zdGFyay93ZWIvY291cnNlL2FkZC8iLCJwaWQiOjE0LCJwX3RpdGxlIjoiXHU4YmZlXHU3YTBiXHU1MjE3XHU4ODY4IiwicF91cmwiOiIvc3Rhcmsvd2ViL2NvdXJzZS9saXN0LyJ9LCJ3ZWJfY291cnNlX2NoYW5nZSI6eyJpZCI6MTYsInRpdGxlIjoiXHU0ZmVlXHU2NTM5XHU4YmZlXHU3YTBiIiwidXJsIjoiL3N0YXJrL3dlYi9jb3Vyc2UvY2hhbmdlLyg/UDxwaz5cXGQrKS8iLCJwaWQiOjE0LCJwX3RpdGxlIjoiXHU4YmZlXHU3YTBiXHU1MjE3XHU4ODY4IiwicF91cmwiOiIvc3Rhcmsvd2ViL2NvdXJzZS9saXN0LyJ9LCJ3ZWJfY291cnNlX2RlbGV0ZSI6eyJpZCI6MTcsInRpdGxlIjoiXHU1MjIwXHU5NjY0XHU4YmZlXHU3YTBiIiwidXJsIjoiL3N0YXJrL3dlYi9jb3Vyc2UvZGVsZXRlLyg/UDxwaz5cXGQrKS8iLCJwaWQiOjE0LCJwX3RpdGxlIjoiXHU4YmZlXHU3YTBiXHU1MjE3XHU4ODY4IiwicF91cmwiOiIvc3Rhcmsvd2ViL2NvdXJzZS9saXN0LyJ9LCJ3ZWJfY2xhc3NsaXN0X2FkZCI6eyJpZCI6MTksInRpdGxlIjoiXHU2ZGZiXHU1MmEwXHU3M2VkXHU3ZWE3IiwidXJsIjoiL3N0YXJrL3dlYi9jbGFzc2xpc3QvYWRkLyIsInBpZCI6MTgsInBfdGl0bGUiOiJcdTczZWRcdTdlYTdcdTUyMTdcdTg4NjgiLCJwX3VybCI6Ii9zdGFyay93ZWIvY2xhc3NsaXN0L2xpc3QvIn0sIndlYl9jbGFzc2xpc3RfY2hhbmdlIjp7ImlkIjoyMCwidGl0bGUiOiJcdTRmZWVcdTY1MzlcdTczZWRcdTdlYTciLCJ1cmwiOiIvc3Rhcmsvd2ViL2NsYXNzbGlzdC9jaGFuZ2UvKD9QPHBrPlxcZCspLyIsInBpZCI6MTgsInBfdGl0bGUiOiJcdTczZWRcdTdlYTdcdTUyMTdcdTg4NjgiLCJwX3VybCI6Ii9zdGFyay93ZWIvY2xhc3NsaXN0L2xpc3QvIn0sIndlYl9jbGFzc2xpc3RfZGVsZXRlIjp7ImlkIjoyMSwidGl0bGUiOiJcdTUyMjBcdTk2NjRcdTczZWRcdTdlYTciLCJ1cmwiOiIvc3Rhcmsvd2ViL2NsYXNzbGlzdC9kZWxldGUvKD9QPHBrPlxcZCspLyIsInBpZCI6MTgsInBfdGl0bGUiOiJcdTczZWRcdTdlYTdcdTUyMTdcdTg4NjgiLCJwX3VybCI6Ii9zdGFyay93ZWIvY2xhc3NsaXN0L2xpc3QvIn0sIndlYl9jdXN0b21lcl9wdWJfYWRkIjp7ImlkIjoyMywidGl0bGUiOiJcdTZkZmJcdTUyYTBcdTUxNmNcdTYyMzciLCJ1cmwiOiIvc3Rhcmsvd2ViL2N1c3RvbWVyL3B1Yi9hZGQvIiwicGlkIjoyMiwicF90aXRsZSI6Ilx1NTE2Y1x1NjIzN1x1NTIxN1x1ODg2OCIsInBfdXJsIjoiL3N0YXJrL3dlYi9jdXN0b21lci9wdWIvbGlzdC8ifSwid2ViX2N1c3RvbWVyX3B1Yl9jaGFuZ2UiOnsiaWQiOjI0LCJ0aXRsZSI6Ilx1NGZlZVx1NjUzOVx1NTE2Y1x1NjIzNyIsInVybCI6Ii9zdGFyay93ZWIvY3VzdG9tZXIvcHViL2NoYW5nZS8oP1A8cGs+XFxkKykvIiwicGlkIjoyMiwicF90aXRsZSI6Ilx1NTE2Y1x1NjIzN1x1NTIxN1x1ODg2OCIsInBfdXJsIjoiL3N0YXJrL3dlYi9jdXN0b21lci9wdWIvbGlzdC8ifSwid2ViX2N1c3RvbWVyX3B1Yl9kZWxldGUiOnsiaWQiOjI1LCJ0aXRsZSI6Ilx1NTIyMFx1OTY2NFx1NTE2Y1x1NjIzNyIsInVybCI6Ii9zdGFyay93ZWIvY3VzdG9tZXIvcHViL2RlbGV0ZS8oP1A8cGs+XFxkKykvIiwicGlkIjoyMiwicF90aXRsZSI6Ilx1NTE2Y1x1NjIzN1x1NTIxN1x1ODg2OCIsInBfdXJsIjoiL3N0YXJrL3dlYi9jdXN0b21lci9wdWIvbGlzdC8ifSwid2ViX2N1c3RvbWVyX3B1Yl9yZWNvcmRfdmlldyI6eyJpZCI6MjYsInRpdGxlIjoiXHU2N2U1XHU3NzBiXHU1MTZjXHU2MjM3XHU4ZGRmXHU4ZmRiXHU4YmIwXHU1ZjU1IiwidXJsIjoiL3N0YXJrL3dlYi9jdXN0b21lci9wdWIvcmVjb3JkLyg/UDxwaz5cXGQrKSIsInBpZCI6MjIsInBfdGl0bGUiOiJcdTUxNmNcdTYyMzdcdTUyMTdcdTg4NjgiLCJwX3VybCI6Ii9zdGFyay93ZWIvY3VzdG9tZXIvcHViL2xpc3QvIn0sIndlYl9jdXN0b21lcl9wcml2X2FkZCI6eyJpZCI6MjgsInRpdGxlIjoiXHU2ZGZiXHU1MmEwXHU2MjExXHU3Njg0XHU1YmEyXHU2MjM3IiwidXJsIjoiL3N0YXJrL3dlYi9jdXN0b21lci9wcml2L2FkZC8iLCJwaWQiOjI3LCJwX3RpdGxlIjoiXHU3OWMxXHU2MjM3XHU1MjE3XHU4ODY4IiwicF91cmwiOiIvc3Rhcmsvd2ViL2N1c3RvbWVyL3ByaXYvbGlzdC8ifSwid2ViX2N1c3RvbWVyX3ByaXZfY2hhbmdlIjp7ImlkIjoyOSwidGl0bGUiOiJcdTRmZWVcdTY1MzlcdTYyMTFcdTc2ODRcdTViYTJcdTYyMzciLCJ1cmwiOiIvc3Rhcmsvd2ViL2N1c3RvbWVyL3ByaXYvY2hhbmdlLyg/UDxwaz5cXGQrKS8iLCJwaWQiOjI3LCJwX3RpdGxlIjoiXHU3OWMxXHU2MjM3XHU1MjE3XHU4ODY4IiwicF91cmwiOiIvc3Rhcmsvd2ViL2N1c3RvbWVyL3ByaXYvbGlzdC8ifSwid2ViX2N1c3RvbWVyX3ByaXZfZGVsZXRlIjp7ImlkIjozMCwidGl0bGUiOiJcdTUyMjBcdTk2NjRcdTYyMTFcdTc2ODRcdTViYTJcdTYyMzciLCJ1cmwiOiIvc3Rhcmsvd2ViL2N1c3RvbWVyL3ByaXYvZGVsZXRlLyg/UDxwaz5cXGQrKS8iLCJwaWQiOjI3LCJwX3RpdGxlIjoiXHU3OWMxXHU2MjM3XHU1MjE3XHU4ODY4IiwicF91cmwiOiIvc3Rhcmsvd2ViL2N1c3RvbWVyL3ByaXYvbGlzdC8ifSwid2ViX2NvbnN1bHRyZWNvcmRfbGlzdCI6eyJpZCI6MzEsInRpdGxlIjoiXHU4ZGRmXHU4ZmRiXHU1MjE3XHU4ODY4IiwidXJsIjoiL3N0YXJrL3dlYi9jb25zdWx0cmVjb3JkL2xpc3QvKD9QPGN1c3RvbWVyX2lkPlxcZCspLyIsInBpZCI6MjcsInBfdGl0bGUiOiJcdTc5YzFcdTYyMzdcdTUyMTdcdTg4NjgiLCJwX3VybCI6Ii9zdGFyay93ZWIvY3VzdG9tZXIvcHJpdi9saXN0LyJ9LCJ3ZWJfY29uc3VsdHJlY29yZF9hZGQiOnsiaWQiOjMyLCJ0aXRsZSI6Ilx1NmRmYlx1NTJhMFx1OGRkZlx1OGZkYlx1OGJiMFx1NWY1NSIsInVybCI6Ii9zdGFyay93ZWIvY29uc3VsdHJlY29yZC9hZGQvKD9QPGN1c3RvbWVyX2lkPlxcZCspLyIsInBpZCI6MjcsInBfdGl0bGUiOiJcdTc5YzFcdTYyMzdcdTUyMTdcdTg4NjgiLCJwX3VybCI6Ii9zdGFyay93ZWIvY3VzdG9tZXIvcHJpdi9saXN0LyJ9LCJ3ZWJfY29uc3VsdHJlY29yZF9jaGFuZ2UiOnsiaWQiOjMzLCJ0aXRsZSI6Ilx1NGZlZVx1NjUzOVx1OGRkZlx1OGZkYlx1OGJiMFx1NWY1NSIsInVybCI6Ii9zdGFyay93ZWIvY29uc3VsdHJlY29yZC9jaGFuZ2UvKD9QPGN1c3RvbWVyX2lkPlxcZCspLyg/UDxwaz5cXGQrKS8iLCJwaWQiOjI3LCJwX3RpdGxlIjoiXHU3OWMxXHU2MjM3XHU1MjE3XHU4ODY4IiwicF91cmwiOiIvc3Rhcmsvd2ViL2N1c3RvbWVyL3ByaXYvbGlzdC8ifSwid2ViX2NvbnN1bHRyZWNvcmRfZGVsZXRlIjp7ImlkIjozNCwidGl0bGUiOiJcdTUyMjBcdTk2NjRcdThkZGZcdThmZGJcdThiYjBcdTVmNTUiLCJ1cmwiOiIvc3Rhcmsvd2ViL2NvbnN1bHRyZWNvcmQvZGVsZXRlLyg/UDxjdXN0b21lcl9pZD5cXGQrKS8oP1A8cGs+XFxkKykvIiwicGlkIjoyNywicF90aXRsZSI6Ilx1NzljMVx1NjIzN1x1NTIxN1x1ODg2OCIsInBfdXJsIjoiL3N0YXJrL3dlYi9jdXN0b21lci9wcml2L2xpc3QvIn0sIndlYl9wYXltZW50cmVjb3JkX2xpc3QiOnsiaWQiOjM1LCJ0aXRsZSI6Ilx1N2YzNFx1OGQzOVx1OGJiMFx1NWY1NVx1NTIxN1x1ODg2OCIsInVybCI6Ii9zdGFyay93ZWIvcGF5bWVudHJlY29yZC9saXN0Lyg/UDxjdXN0b21lcl9pZD5cXGQrKS8iLCJwaWQiOjI3LCJwX3RpdGxlIjoiXHU3OWMxXHU2MjM3XHU1MjE3XHU4ODY4IiwicF91cmwiOiIvc3Rhcmsvd2ViL2N1c3RvbWVyL3ByaXYvbGlzdC8ifSwid2ViX3BheW1lbnRyZWNvcmRfYWRkIjp7ImlkIjozNiwidGl0bGUiOiJcdTZkZmJcdTUyYTBcdTdmMzRcdThkMzlcdThiYjBcdTVmNTUiLCJ1cmwiOiIvc3Rhcmsvd2ViL3BheW1lbnRyZWNvcmQvYWRkLyg/UDxjdXN0b21lcl9pZD5cXGQrKS8iLCJwaWQiOjI3LCJwX3RpdGxlIjoiXHU3OWMxXHU2MjM3XHU1MjE3XHU4ODY4IiwicF91cmwiOiIvc3Rhcmsvd2ViL2N1c3RvbWVyL3ByaXYvbGlzdC8ifSwid2ViX3N0dWRlbnRfY2hhbmdlIjp7ImlkIjozOSwidGl0bGUiOiJcdTRmZWVcdTY1MzlcdTViNjZcdTc1MWZcdTRmZTFcdTYwNmYiLCJ1cmwiOiIvc3Rhcmsvd2ViL3N0dWRlbnQvY2hhbmdlLyg/UDxwaz5cXGQrKS8iLCJwaWQiOjM4LCJwX3RpdGxlIjoiXHU1YjY2XHU3NTFmXHU1MjE3XHU4ODY4IiwicF91cmwiOiIvc3Rhcmsvd2ViL3N0dWRlbnQvbGlzdC8ifSwid2ViX3Njb3JlcmVjb3JkX2xpc3QiOnsiaWQiOjQwLCJ0aXRsZSI6Ilx1NzllZlx1NTIwNlx1NTIxN1x1ODg2OCIsInVybCI6Ii9zdGFyay93ZWIvc2NvcmVyZWNvcmQvbGlzdC8oP1A8c3R1ZGVudF9pZD5cXGQrKS8iLCJwaWQiOjM4LCJwX3RpdGxlIjoiXHU1YjY2XHU3NTFmXHU1MjE3XHU4ODY4IiwicF91cmwiOiIvc3Rhcmsvd2ViL3N0dWRlbnQvbGlzdC8ifSwid2ViX3Njb3JlcmVjb3JkX2FkZCI6eyJpZCI6NDEsInRpdGxlIjoiXHU2ZGZiXHU1MmEwXHU3OWVmXHU1MjA2XHU4YmIwXHU1ZjU1IiwidXJsIjoiL3N0YXJrL3dlYi9zY29yZXJlY29yZC9hZGQvKD9QPHN0dWRlbnRfaWQ+XFxkKykvIiwicGlkIjozOCwicF90aXRsZSI6Ilx1NWI2Nlx1NzUxZlx1NTIxN1x1ODg2OCIsInBfdXJsIjoiL3N0YXJrL3dlYi9zdHVkZW50L2xpc3QvIn0sIndlYl9jb3Vyc2VyZWNvcmRfbGlzdCI6eyJpZCI6NDIsInRpdGxlIjoiXHU0ZTBhXHU4YmZlXHU4YmIwXHU1ZjU1XHU1MjE3XHU4ODY4IiwidXJsIjoiL3N0YXJrL3dlYi9jb3Vyc2VyZWNvcmQvbGlzdC8oP1A8Y2xhc3NfaWQ+XFxkKykvIiwicGlkIjoxOCwicF90aXRsZSI6Ilx1NzNlZFx1N2VhN1x1NTIxN1x1ODg2OCIsInBfdXJsIjoiL3N0YXJrL3dlYi9jbGFzc2xpc3QvbGlzdC8ifSwid2ViX2NvdXJzZXJlY29yZF9hZGQiOnsiaWQiOjQzLCJ0aXRsZSI6Ilx1NmRmYlx1NTJhMFx1NGUwYVx1OGJmZVx1OGJiMFx1NWY1NSIsInVybCI6Ii9zdGFyay93ZWIvY291cnNlcmVjb3JkL2FkZC8oP1A8Y2xhc3NfaWQ+XFxkKykvIiwicGlkIjoxOCwicF90aXRsZSI6Ilx1NzNlZFx1N2VhN1x1NTIxN1x1ODg2OCIsInBfdXJsIjoiL3N0YXJrL3dlYi9jbGFzc2xpc3QvbGlzdC8ifSwid2ViX2NvdXJzZXJlY29yZF9jaGFuZ2UiOnsiaWQiOjQ0LCJ0aXRsZSI6Ilx1NGZlZVx1NjUzOVx1NGUwYVx1OGJmZVx1OGJiMFx1NWY1NSIsInVybCI6Ii9zdGFyay93ZWIvY291cnNlcmVjb3JkL2NoYW5nZS8oP1A8Y2xhc3NfaWQ+XFxkKykvKD9QPHBrPlxcZCspLyIsInBpZCI6MTgsInBfdGl0bGUiOiJcdTczZWRcdTdlYTdcdTUyMTdcdTg4NjgiLCJwX3VybCI6Ii9zdGFyay93ZWIvY2xhc3NsaXN0L2xpc3QvIn0sIndlYl9jb3Vyc2VyZWNvcmRfZGVsZXRlIjp7ImlkIjo0NSwidGl0bGUiOiJcdTUyMjBcdTk2NjRcdTRlMGFcdThiZmVcdThiYjBcdTVmNTUiLCJ1cmwiOiIvc3Rhcmsvd2ViL2NvdXJzZXJlY29yZC9kZWxldGUvKD9QPGNsYXNzX2lkPlxcZCspLyg/UDxwaz5cXGQrKS8iLCJwaWQiOjE4LCJwX3RpdGxlIjoiXHU3M2VkXHU3ZWE3XHU1MjE3XHU4ODY4IiwicF91cmwiOiIvc3Rhcmsvd2ViL2NsYXNzbGlzdC9saXN0LyJ9LCJ3ZWJfY291cnNlcmVjb3JkX2F0dGVuZGFuY2UiOnsiaWQiOjQ2LCJ0aXRsZSI6Ilx1ODAwM1x1NTJlNFx1N2JhMVx1NzQwNiIsInVybCI6Ii9zdGFyay93ZWIvY291cnNlcmVjb3JkL2F0dGVuZGFuY2UvKD9QPGNvdXJzZV9yZWNvcmRfaWQ+XFxkKykvIiwicGlkIjoxOCwicF90aXRsZSI6Ilx1NzNlZFx1N2VhN1x1NTIxN1x1ODg2OCIsInBfdXJsIjoiL3N0YXJrL3dlYi9jbGFzc2xpc3QvbGlzdC8ifSwicmJhYzpyb2xlX2FkZCI6eyJpZCI6NDgsInRpdGxlIjoiXHU2ZGZiXHU1MmEwXHU4OWQyXHU4MjcyIiwidXJsIjoiL3JiYWMvcm9sZS9hZGQvIiwicGlkIjo0NywicF90aXRsZSI6Ilx1ODlkMlx1ODI3Mlx1NTIxN1x1ODg2OCIsInBfdXJsIjoiL3JiYWMvcm9sZS9saXN0LyJ9LCJyYmFjOnJvbGVfZWRpdCI6eyJpZCI6NDksInRpdGxlIjoiXHU0ZmVlXHU2NTM5XHU4OWQyXHU4MjcyIiwidXJsIjoiL3JiYWMvcm9sZS9lZGl0Lyg/UDxwaz5cXGQrKS8iLCJwaWQiOjQ3LCJwX3RpdGxlIjoiXHU4OWQyXHU4MjcyXHU1MjE3XHU4ODY4IiwicF91cmwiOiIvcmJhYy9yb2xlL2xpc3QvIn0sInJiYWM6cm9sZV9kZWwiOnsiaWQiOjUwLCJ0aXRsZSI6Ilx1NTIyMFx1OTY2NFx1ODlkMlx1ODI3MiIsInVybCI6Ii9yYmFjL3JvbGUvZGVsLyg/UDxwaz5cXGQrKS8iLCJwaWQiOjQ3LCJwX3RpdGxlIjoiXHU4OWQyXHU4MjcyXHU1MjE3XHU4ODY4IiwicF91cmwiOiIvcmJhYy9yb2xlL2xpc3QvIn0sInJiYWM6bWVudV9hZGQiOnsiaWQiOjUyLCJ0aXRsZSI6Ilx1NmRmYlx1NTJhMFx1ODNkY1x1NTM1NSIsInVybCI6Ii9yYmFjL21lbnUvYWRkLyIsInBpZCI6NTEsInBfdGl0bGUiOiJcdTgzZGNcdTUzNTVcdTUyMTdcdTg4NjgiLCJwX3VybCI6Ii9yYmFjL21lbnUvbGlzdC8ifSwicmJhYzptZW51X2VkaXQiOnsiaWQiOjUzLCJ0aXRsZSI6Ilx1NGZlZVx1NjUzOVx1ODNkY1x1NTM1NSIsInVybCI6Ii9yYmFjL21lbnUvZWRpdC8oP1A8cGs+XFxkKykvIiwicGlkIjo1MSwicF90aXRsZSI6Ilx1ODNkY1x1NTM1NVx1NTIxN1x1ODg2OCIsInBfdXJsIjoiL3JiYWMvbWVudS9saXN0LyJ9LCJyYmFjOm1lbnVfZGVsIjp7ImlkIjo1NCwidGl0bGUiOiJcdTUyMjBcdTk2NjRcdTgzZGNcdTUzNTUiLCJ1cmwiOiIvcmJhYy9tZW51L2RlbC8oP1A8cGs+XFxkKykvIiwicGlkIjo1MSwicF90aXRsZSI6Ilx1ODNkY1x1NTM1NVx1NTIxN1x1ODg2OCIsInBfdXJsIjoiL3JiYWMvbWVudS9saXN0LyJ9LCJyYmFjOnNlY29uZF9tZW51X2FkZCI6eyJpZCI6NTUsInRpdGxlIjoiXHU2ZGZiXHU1MmEwXHU0ZThjXHU3ZWE3XHU4M2RjXHU1MzU1IiwidXJsIjoiL3JiYWMvc2Vjb25kL21lbnUvYWRkLyg/UDxtZW51X2lkPlxcZCspLyIsInBpZCI6NTEsInBfdGl0bGUiOiJcdTgzZGNcdTUzNTVcdTUyMTdcdTg4NjgiLCJwX3VybCI6Ii9yYmFjL21lbnUvbGlzdC8ifSwicmJhYzpzZWNvbmRfbWVudV9lZGl0Ijp7ImlkIjo1NiwidGl0bGUiOiJcdTRmZWVcdTY1MzlcdTRlOGNcdTdlYTdcdTgzZGNcdTUzNTUiLCJ1cmwiOiIvcmJhYy9zZWNvbmQvbWVudS9lZGl0Lyg/UDxwaz5cXGQrKS8iLCJwaWQiOjUxLCJwX3RpdGxlIjoiXHU4M2RjXHU1MzU1XHU1MjE3XHU4ODY4IiwicF91cmwiOiIvcmJhYy9tZW51L2xpc3QvIn0sInJiYWM6c2Vjb25kX21lbnVfZGVsIjp7ImlkIjo1NywidGl0bGUiOiJcdTUyMjBcdTk2NjRcdTRlOGNcdTdlYTdcdTgzZGNcdTUzNTUiLCJ1cmwiOiIvcmJhYy9zZWNvbmQvbWVudS9kZWwvKD9QPHBrPlxcZCspLyIsInBpZCI6NTEsInBfdGl0bGUiOiJcdTgzZGNcdTUzNTVcdTUyMTdcdTg4NjgiLCJwX3VybCI6Ii9yYmFjL21lbnUvbGlzdC8ifSwicmJhYzpwZXJtaXNzaW9uX2FkZCI6eyJpZCI6NTgsInRpdGxlIjoiXHU2ZGZiXHU1MmEwXHU2NzQzXHU5NjUwIiwidXJsIjoiL3JiYWMvcGVybWlzc2lvbi9hZGQvKD9QPHNlY29uZF9tZW51X2lkPlxcZCspLyIsInBpZCI6NTEsInBfdGl0bGUiOiJcdTgzZGNcdTUzNTVcdTUyMTdcdTg4NjgiLCJwX3VybCI6Ii9yYmFjL21lbnUvbGlzdC8ifSwicmJhYzpwZXJtaXNzaW9uX2VkaXQiOnsiaWQiOjU5LCJ0aXRsZSI6Ilx1NGZlZVx1NjUzOVx1Njc0M1x1OTY1MCIsInVybCI6Ii9yYmFjL3Blcm1pc3Npb24vZWRpdC8oP1A8cGs+XFxkKykvIiwicGlkIjo1MSwicF90aXRsZSI6Ilx1ODNkY1x1NTM1NVx1NTIxN1x1ODg2OCIsInBfdXJsIjoiL3JiYWMvbWVudS9saXN0LyJ9LCJyYmFjOnBlcm1pc3Npb25fZGVsIjp7ImlkIjo2MCwidGl0bGUiOiJcdTUyMjBcdTk2NjRcdTY3NDNcdTk2NTAiLCJ1cmwiOiIvcmJhYy9wZXJtaXNzaW9uL2RlbC8oP1A8cGs+XFxkKykvIiwicGlkIjo1MSwicF90aXRsZSI6Ilx1ODNkY1x1NTM1NVx1NTIxN1x1ODg2OCIsInBfdXJsIjoiL3JiYWMvbWVudS9saXN0LyJ9LCJyYmFjOm11bHRpX3Blcm1pc3Npb25zIjp7ImlkIjo2MSwidGl0bGUiOiJcdTYyNzlcdTkxY2ZcdTY0Y2RcdTRmNWNcdTY3NDNcdTk2NTAiLCJ1cmwiOiIvcmJhYy9tdWx0aS9wZXJtaXNzaW9ucy8iLCJwaWQiOjUxLCJwX3RpdGxlIjoiXHU4M2RjXHU1MzU1XHU1MjE3XHU4ODY4IiwicF91cmwiOiIvcmJhYy9tZW51L2xpc3QvIn0sInJiYWM6bXVsdGlfcGVybWlzc2lvbnNfZGVsIjp7ImlkIjo2MiwidGl0bGUiOiJcdTYyNzlcdTkxY2ZcdTUyMjBcdTk2NjRcdTY3NDNcdTk2NTAiLCJ1cmwiOiIvcmJhYy9tdWx0aS9wZXJtaXNzaW9ucy9kZWwvKD9QPHBrPlxcZCspLyIsInBpZCI6NTEsInBfdGl0bGUiOiJcdTgzZGNcdTUzNTVcdTUyMTdcdTg4NjgiLCJwX3VybCI6Ii9yYmFjL21lbnUvbGlzdC8ifX0sInVzZXJfaW5mbyI6eyJpZCI6MTAsIm5pY2tuYW1lIjoiXHU1ZjIwXHU1NzY0In19', '2019-12-12 17:24:26.182117');
INSERT INTO `django_session` VALUES ('l20725t62otxf85qml106araji5et8gx', 'YmQyNzk1M2I4OTQ0MDM4YzRiZGM0ZDcwZGU4NDczODMwMTg5NDNjNTp7ImNvbXBhbnlfbWVudV9saXN0X2tleSI6eyIxIjp7InRpdGxlIjoiXHU0ZjAxXHU0ZTFhXHU2NTcwXHU2MzZlIiwiaWNvbiI6ImZhIGZhLWJ1aWxkaW5nIiwic29ydCI6MSwiY2hpbGRyZW4iOlt7ImlkIjoxLCJ0aXRsZSI6Ilx1NGYwMVx1NGUxYVx1NTIxN1x1ODg2OCIsInVybCI6Ii9zdGFyay93ZWIvY29tcGFueS9saXN0LyJ9LHsiaWQiOjY5LCJ0aXRsZSI6Ilx1OGQ0NFx1OGQyOFx1OGJjMVx1NGVmNiIsInVybCI6Ii9zdGFyay93ZWIvY29tcGFueS9hcGkvbGlzdC8ifV19LCI2Ijp7InRpdGxlIjoiXHU5OTEwXHU5OTZlXHU2NTcwXHU2MzZlIiwiaWNvbiI6ImZhIGZhLWN1dGxlcnkiLCJzb3J0IjoyLCJjaGlsZHJlbiI6W3siaWQiOjY1LCJ0aXRsZSI6Ilx1OTkxMFx1OTk4Nlx1NTIxN1x1ODg2OCIsInVybCI6Ii9zdGFyay93ZWIvZm9vZC9saXN0LyJ9XX0sIjQiOnsidGl0bGUiOiJcdTkxNGRcdTdmNmVcdTdiYTFcdTc0MDYiLCJpY29uIjoiZmEgZmEtdHdpdGNoIiwic29ydCI6OTksImNoaWxkcmVuIjpbeyJpZCI6OSwidGl0bGUiOiJcdTc1MjhcdTYyMzdcdTUyMTdcdTg4NjgiLCJ1cmwiOiIvc3Rhcmsvd2ViL3VzZXJpbmZvL2xpc3QvIn0seyJpZCI6NDcsInRpdGxlIjoiXHU4OWQyXHU4MjcyXHU1MjE3XHU4ODY4IiwidXJsIjoiL3JiYWMvcm9sZS9saXN0LyJ9LHsiaWQiOjUxLCJ0aXRsZSI6Ilx1ODNkY1x1NTM1NVx1NTIxN1x1ODg2OCIsInVybCI6Ii9yYmFjL21lbnUvbGlzdC8ifSx7ImlkIjo2MywidGl0bGUiOiJcdTUyMDZcdTkxNGRcdTY3NDNcdTk2NTAiLCJ1cmwiOiIvcmJhYy9kaXN0cmlidXRlL3Blcm1pc3Npb25zLyJ9XX19LCJjb21wYW55X3Blcm1pc3Npb25fdXJsX2xpc3Rfa2V5Ijp7IndlYl9jb21wYW55X2FkZCI6eyJpZCI6MiwidGl0bGUiOiJcdTZkZmJcdTUyYTBcdTRmMDFcdTRlMWEiLCJ1cmwiOiIvc3Rhcmsvd2ViL2NvbXBhbnkvYWRkLyIsInBpZCI6MSwicF90aXRsZSI6Ilx1NGYwMVx1NGUxYVx1NTIxN1x1ODg2OCIsInBfdXJsIjoiL3N0YXJrL3dlYi9jb21wYW55L2xpc3QvIn0sIndlYl9jb21wYW55X2NoYW5nZSI6eyJpZCI6MywidGl0bGUiOiJcdTRmZWVcdTY1MzlcdTRmMDFcdTRlMWEiLCJ1cmwiOiIvc3Rhcmsvd2ViL2NvbXBhbnkvY2hhbmdlLyg/UDxwaz5cXGQrKS8iLCJwaWQiOjEsInBfdGl0bGUiOiJcdTRmMDFcdTRlMWFcdTUyMTdcdTg4NjgiLCJwX3VybCI6Ii9zdGFyay93ZWIvY29tcGFueS9saXN0LyJ9LCJ3ZWJfY29tcGFueV9kZWxldGUiOnsiaWQiOjQsInRpdGxlIjoiXHU1MjIwXHU5NjY0XHU0ZjAxXHU0ZTFhIiwidXJsIjoiL3N0YXJrL3dlYi9jb21wYW55L2RlbGV0ZS8oP1A8cGs+XFxkKykvIiwicGlkIjoxLCJwX3RpdGxlIjoiXHU0ZjAxXHU0ZTFhXHU1MjE3XHU4ODY4IiwicF91cmwiOiIvc3Rhcmsvd2ViL2NvbXBhbnkvbGlzdC8ifSwid2ViX3VzZXJpbmZvX2FkZCI6eyJpZCI6MTAsInRpdGxlIjoiXHU2ZGZiXHU1MmEwXHU3NTI4XHU2MjM3IiwidXJsIjoiL3N0YXJrL3dlYi91c2VyaW5mby9hZGQvIiwicGlkIjo5LCJwX3RpdGxlIjoiXHU3NTI4XHU2MjM3XHU1MjE3XHU4ODY4IiwicF91cmwiOiIvc3Rhcmsvd2ViL3VzZXJpbmZvL2xpc3QvIn0sIndlYl91c2VyaW5mb19jaGFuZ2UiOnsiaWQiOjExLCJ0aXRsZSI6Ilx1NGZlZVx1NjUzOVx1NzUyOFx1NjIzNyIsInVybCI6Ii9zdGFyay93ZWIvdXNlcmluZm8vY2hhbmdlLyg/UDxwaz5cXGQrKS8iLCJwaWQiOjksInBfdGl0bGUiOiJcdTc1MjhcdTYyMzdcdTUyMTdcdTg4NjgiLCJwX3VybCI6Ii9zdGFyay93ZWIvdXNlcmluZm8vbGlzdC8ifSwid2ViX3VzZXJpbmZvX2RlbGV0ZSI6eyJpZCI6MTIsInRpdGxlIjoiXHU1MjIwXHU5NjY0XHU3NTI4XHU2MjM3IiwidXJsIjoiL3N0YXJrL3dlYi91c2VyaW5mby9kZWxldGUvKD9QPHBrPlxcZCspLyIsInBpZCI6OSwicF90aXRsZSI6Ilx1NzUyOFx1NjIzN1x1NTIxN1x1ODg2OCIsInBfdXJsIjoiL3N0YXJrL3dlYi91c2VyaW5mby9saXN0LyJ9LCJ3ZWJfdXNlcmluZm9fcmVzdF9wd2QiOnsiaWQiOjEzLCJ0aXRsZSI6Ilx1OTFjZFx1N2Y2ZVx1NWJjNlx1NzgwMSIsInVybCI6Ii9zdGFyay93ZWIvdXNlcmluZm8vcmVzZXQvcGFzc3dvcmQvKD9QPHBrPlxcZCspIiwicGlkIjo5LCJwX3RpdGxlIjoiXHU3NTI4XHU2MjM3XHU1MjE3XHU4ODY4IiwicF91cmwiOiIvc3Rhcmsvd2ViL3VzZXJpbmZvL2xpc3QvIn0sInJiYWM6cm9sZV9hZGQiOnsiaWQiOjQ4LCJ0aXRsZSI6Ilx1NmRmYlx1NTJhMFx1ODlkMlx1ODI3MiIsInVybCI6Ii9yYmFjL3JvbGUvYWRkLyIsInBpZCI6NDcsInBfdGl0bGUiOiJcdTg5ZDJcdTgyNzJcdTUyMTdcdTg4NjgiLCJwX3VybCI6Ii9yYmFjL3JvbGUvbGlzdC8ifSwicmJhYzpyb2xlX2VkaXQiOnsiaWQiOjQ5LCJ0aXRsZSI6Ilx1NGZlZVx1NjUzOVx1ODlkMlx1ODI3MiIsInVybCI6Ii9yYmFjL3JvbGUvZWRpdC8oP1A8cGs+XFxkKykvIiwicGlkIjo0NywicF90aXRsZSI6Ilx1ODlkMlx1ODI3Mlx1NTIxN1x1ODg2OCIsInBfdXJsIjoiL3JiYWMvcm9sZS9saXN0LyJ9LCJyYmFjOnJvbGVfZGVsIjp7ImlkIjo1MCwidGl0bGUiOiJcdTUyMjBcdTk2NjRcdTg5ZDJcdTgyNzIiLCJ1cmwiOiIvcmJhYy9yb2xlL2RlbC8oP1A8cGs+XFxkKykvIiwicGlkIjo0NywicF90aXRsZSI6Ilx1ODlkMlx1ODI3Mlx1NTIxN1x1ODg2OCIsInBfdXJsIjoiL3JiYWMvcm9sZS9saXN0LyJ9LCJyYmFjOm1lbnVfYWRkIjp7ImlkIjo1MiwidGl0bGUiOiJcdTZkZmJcdTUyYTBcdTgzZGNcdTUzNTUiLCJ1cmwiOiIvcmJhYy9tZW51L2FkZC8iLCJwaWQiOjUxLCJwX3RpdGxlIjoiXHU4M2RjXHU1MzU1XHU1MjE3XHU4ODY4IiwicF91cmwiOiIvcmJhYy9tZW51L2xpc3QvIn0sInJiYWM6bWVudV9lZGl0Ijp7ImlkIjo1MywidGl0bGUiOiJcdTRmZWVcdTY1MzlcdTgzZGNcdTUzNTUiLCJ1cmwiOiIvcmJhYy9tZW51L2VkaXQvKD9QPHBrPlxcZCspLyIsInBpZCI6NTEsInBfdGl0bGUiOiJcdTgzZGNcdTUzNTVcdTUyMTdcdTg4NjgiLCJwX3VybCI6Ii9yYmFjL21lbnUvbGlzdC8ifSwicmJhYzptZW51X2RlbCI6eyJpZCI6NTQsInRpdGxlIjoiXHU1MjIwXHU5NjY0XHU4M2RjXHU1MzU1IiwidXJsIjoiL3JiYWMvbWVudS9kZWwvKD9QPHBrPlxcZCspLyIsInBpZCI6NTEsInBfdGl0bGUiOiJcdTgzZGNcdTUzNTVcdTUyMTdcdTg4NjgiLCJwX3VybCI6Ii9yYmFjL21lbnUvbGlzdC8ifSwicmJhYzpzZWNvbmRfbWVudV9hZGQiOnsiaWQiOjU1LCJ0aXRsZSI6Ilx1NmRmYlx1NTJhMFx1NGU4Y1x1N2VhN1x1ODNkY1x1NTM1NSIsInVybCI6Ii9yYmFjL3NlY29uZC9tZW51L2FkZC8oP1A8bWVudV9pZD5cXGQrKS8iLCJwaWQiOjUxLCJwX3RpdGxlIjoiXHU4M2RjXHU1MzU1XHU1MjE3XHU4ODY4IiwicF91cmwiOiIvcmJhYy9tZW51L2xpc3QvIn0sInJiYWM6c2Vjb25kX21lbnVfZWRpdCI6eyJpZCI6NTYsInRpdGxlIjoiXHU0ZmVlXHU2NTM5XHU0ZThjXHU3ZWE3XHU4M2RjXHU1MzU1IiwidXJsIjoiL3JiYWMvc2Vjb25kL21lbnUvZWRpdC8oP1A8cGs+XFxkKykvIiwicGlkIjo1MSwicF90aXRsZSI6Ilx1ODNkY1x1NTM1NVx1NTIxN1x1ODg2OCIsInBfdXJsIjoiL3JiYWMvbWVudS9saXN0LyJ9LCJyYmFjOnNlY29uZF9tZW51X2RlbCI6eyJpZCI6NTcsInRpdGxlIjoiXHU1MjIwXHU5NjY0XHU0ZThjXHU3ZWE3XHU4M2RjXHU1MzU1IiwidXJsIjoiL3JiYWMvc2Vjb25kL21lbnUvZGVsLyg/UDxwaz5cXGQrKS8iLCJwaWQiOjUxLCJwX3RpdGxlIjoiXHU4M2RjXHU1MzU1XHU1MjE3XHU4ODY4IiwicF91cmwiOiIvcmJhYy9tZW51L2xpc3QvIn0sInJiYWM6cGVybWlzc2lvbl9hZGQiOnsiaWQiOjU4LCJ0aXRsZSI6Ilx1NmRmYlx1NTJhMFx1Njc0M1x1OTY1MCIsInVybCI6Ii9yYmFjL3Blcm1pc3Npb24vYWRkLyg/UDxzZWNvbmRfbWVudV9pZD5cXGQrKS8iLCJwaWQiOjUxLCJwX3RpdGxlIjoiXHU4M2RjXHU1MzU1XHU1MjE3XHU4ODY4IiwicF91cmwiOiIvcmJhYy9tZW51L2xpc3QvIn0sInJiYWM6cGVybWlzc2lvbl9lZGl0Ijp7ImlkIjo1OSwidGl0bGUiOiJcdTRmZWVcdTY1MzlcdTY3NDNcdTk2NTAiLCJ1cmwiOiIvcmJhYy9wZXJtaXNzaW9uL2VkaXQvKD9QPHBrPlxcZCspLyIsInBpZCI6NTEsInBfdGl0bGUiOiJcdTgzZGNcdTUzNTVcdTUyMTdcdTg4NjgiLCJwX3VybCI6Ii9yYmFjL21lbnUvbGlzdC8ifSwicmJhYzpwZXJtaXNzaW9uX2RlbCI6eyJpZCI6NjAsInRpdGxlIjoiXHU1MjIwXHU5NjY0XHU2NzQzXHU5NjUwIiwidXJsIjoiL3JiYWMvcGVybWlzc2lvbi9kZWwvKD9QPHBrPlxcZCspLyIsInBpZCI6NTEsInBfdGl0bGUiOiJcdTgzZGNcdTUzNTVcdTUyMTdcdTg4NjgiLCJwX3VybCI6Ii9yYmFjL21lbnUvbGlzdC8ifSwicmJhYzptdWx0aV9wZXJtaXNzaW9ucyI6eyJpZCI6NjEsInRpdGxlIjoiXHU2Mjc5XHU5MWNmXHU2NGNkXHU0ZjVjXHU2NzQzXHU5NjUwIiwidXJsIjoiL3JiYWMvbXVsdGkvcGVybWlzc2lvbnMvIiwicGlkIjo1MSwicF90aXRsZSI6Ilx1ODNkY1x1NTM1NVx1NTIxN1x1ODg2OCIsInBfdXJsIjoiL3JiYWMvbWVudS9saXN0LyJ9LCJyYmFjOm11bHRpX3Blcm1pc3Npb25zX2RlbCI6eyJpZCI6NjIsInRpdGxlIjoiXHU2Mjc5XHU5MWNmXHU1MjIwXHU5NjY0XHU2NzQzXHU5NjUwIiwidXJsIjoiL3JiYWMvbXVsdGkvcGVybWlzc2lvbnMvZGVsLyg/UDxwaz5cXGQrKS8iLCJwaWQiOjUxLCJwX3RpdGxlIjoiXHU4M2RjXHU1MzU1XHU1MjE3XHU4ODY4IiwicF91cmwiOiIvcmJhYy9tZW51L2xpc3QvIn0sIndlYl9mb29kX2FkZCI6eyJpZCI6NjYsInRpdGxlIjoiXHU2ZGZiXHU1MmEwXHU5OTEwXHU5OTg2IiwidXJsIjoiL3N0YXJrL3dlYi9mb29kL2FkZC8iLCJwaWQiOjY1LCJwX3RpdGxlIjoiXHU5OTEwXHU5OTg2XHU1MjE3XHU4ODY4IiwicF91cmwiOiIvc3Rhcmsvd2ViL2Zvb2QvbGlzdC8ifSwid2ViX2Zvb2RfY2hhbmdlIjp7ImlkIjo2NywidGl0bGUiOiJcdTRmZWVcdTY1MzlcdTk5MTBcdTk5ODYiLCJ1cmwiOiIvc3Rhcmsvd2ViL2Zvb2QvY2hhbmdlLyg/UDxwaz5cXGQrKS8iLCJwaWQiOjY1LCJwX3RpdGxlIjoiXHU5OTEwXHU5OTg2XHU1MjE3XHU4ODY4IiwicF91cmwiOiIvc3Rhcmsvd2ViL2Zvb2QvbGlzdC8ifSwid2ViX2Zvb2RfZGVsZXRlIjp7ImlkIjo2OCwidGl0bGUiOiJcdTUyMjBcdTk2NjRcdTk5MTBcdTk5ODYiLCJ1cmwiOiIvc3Rhcmsvd2ViL2Zvb2QvZGVsZXRlLyg/UDxwaz5cXGQrKS8iLCJwaWQiOjY1LCJwX3RpdGxlIjoiXHU5OTEwXHU5OTg2XHU1MjE3XHU4ODY4IiwicF91cmwiOiIvc3Rhcmsvd2ViL2Zvb2QvbGlzdC8ifSwid2ViX2NvbXBhbnlfYXBpX2FkZCI6eyJpZCI6NzEsInRpdGxlIjoiXHU2NWIwXHU1ODllXHU4ZDQ0XHU4ZDI4IiwidXJsIjoiL3N0YXJrL3dlYi9jb21wYW55L2FwaS9hZGQvIiwicGlkIjo2OSwicF90aXRsZSI6Ilx1OGQ0NFx1OGQyOFx1OGJjMVx1NGVmNiIsInBfdXJsIjoiL3N0YXJrL3dlYi9jb21wYW55L2FwaS9saXN0LyJ9LCJ3ZWJfY29tcGFueV9saXN0Ijp7ImlkIjoxLCJ0aXRsZSI6Ilx1NGYwMVx1NGUxYVx1NTIxN1x1ODg2OCIsInVybCI6Ii9zdGFyay93ZWIvY29tcGFueS9saXN0LyIsInBpZCI6bnVsbCwicF90aXRsZSI6bnVsbCwicF91cmwiOm51bGx9LCJ3ZWJfY29tcGFueV9hcGlfbGlzdCI6eyJpZCI6NjksInRpdGxlIjoiXHU4ZDQ0XHU4ZDI4XHU4YmMxXHU0ZWY2IiwidXJsIjoiL3N0YXJrL3dlYi9jb21wYW55L2FwaS9saXN0LyIsInBpZCI6bnVsbCwicF90aXRsZSI6bnVsbCwicF91cmwiOm51bGx9LCJ3ZWJfZm9vZF9saXN0Ijp7ImlkIjo2NSwidGl0bGUiOiJcdTk5MTBcdTk5ODZcdTUyMTdcdTg4NjgiLCJ1cmwiOiIvc3Rhcmsvd2ViL2Zvb2QvbGlzdC8iLCJwaWQiOm51bGwsInBfdGl0bGUiOm51bGwsInBfdXJsIjpudWxsfSwid2ViX3VzZXJpbmZvX2xpc3QiOnsiaWQiOjksInRpdGxlIjoiXHU3NTI4XHU2MjM3XHU1MjE3XHU4ODY4IiwidXJsIjoiL3N0YXJrL3dlYi91c2VyaW5mby9saXN0LyIsInBpZCI6bnVsbCwicF90aXRsZSI6bnVsbCwicF91cmwiOm51bGx9LCJyYmFjOnJvbGVfbGlzdCI6eyJpZCI6NDcsInRpdGxlIjoiXHU4OWQyXHU4MjcyXHU1MjE3XHU4ODY4IiwidXJsIjoiL3JiYWMvcm9sZS9saXN0LyIsInBpZCI6bnVsbCwicF90aXRsZSI6bnVsbCwicF91cmwiOm51bGx9LCJyYmFjOm1lbnVfbGlzdCI6eyJpZCI6NTEsInRpdGxlIjoiXHU4M2RjXHU1MzU1XHU1MjE3XHU4ODY4IiwidXJsIjoiL3JiYWMvbWVudS9saXN0LyIsInBpZCI6bnVsbCwicF90aXRsZSI6bnVsbCwicF91cmwiOm51bGx9LCJyYmFjOmRpc3RyaWJ1dGVfcGVybWlzc2lvbnMiOnsiaWQiOjYzLCJ0aXRsZSI6Ilx1NTIwNlx1OTE0ZFx1Njc0M1x1OTY1MCIsInVybCI6Ii9yYmFjL2Rpc3RyaWJ1dGUvcGVybWlzc2lvbnMvIiwicGlkIjpudWxsLCJwX3RpdGxlIjpudWxsLCJwX3VybCI6bnVsbH19LCJ1c2VyX2luZm8iOnsiaWQiOjEwLCJuaWNrbmFtZSI6Ilx1NWYyMFx1NTc2NCJ9fQ==', '2020-01-09 10:04:15.766280');
INSERT INTO `django_session` VALUES ('lgk3li1li695e5hw89qk48xjpp14qx2i', 'YmQyNzk1M2I4OTQ0MDM4YzRiZGM0ZDcwZGU4NDczODMwMTg5NDNjNTp7ImNvbXBhbnlfbWVudV9saXN0X2tleSI6eyIxIjp7InRpdGxlIjoiXHU0ZjAxXHU0ZTFhXHU2NTcwXHU2MzZlIiwiaWNvbiI6ImZhIGZhLWJ1aWxkaW5nIiwic29ydCI6MSwiY2hpbGRyZW4iOlt7ImlkIjoxLCJ0aXRsZSI6Ilx1NGYwMVx1NGUxYVx1NTIxN1x1ODg2OCIsInVybCI6Ii9zdGFyay93ZWIvY29tcGFueS9saXN0LyJ9LHsiaWQiOjY5LCJ0aXRsZSI6Ilx1OGQ0NFx1OGQyOFx1OGJjMVx1NGVmNiIsInVybCI6Ii9zdGFyay93ZWIvY29tcGFueS9hcGkvbGlzdC8ifV19LCI2Ijp7InRpdGxlIjoiXHU5OTEwXHU5OTZlXHU2NTcwXHU2MzZlIiwiaWNvbiI6ImZhIGZhLWN1dGxlcnkiLCJzb3J0IjoyLCJjaGlsZHJlbiI6W3siaWQiOjY1LCJ0aXRsZSI6Ilx1OTkxMFx1OTk4Nlx1NTIxN1x1ODg2OCIsInVybCI6Ii9zdGFyay93ZWIvZm9vZC9saXN0LyJ9XX0sIjQiOnsidGl0bGUiOiJcdTkxNGRcdTdmNmVcdTdiYTFcdTc0MDYiLCJpY29uIjoiZmEgZmEtdHdpdGNoIiwic29ydCI6OTksImNoaWxkcmVuIjpbeyJpZCI6OSwidGl0bGUiOiJcdTc1MjhcdTYyMzdcdTUyMTdcdTg4NjgiLCJ1cmwiOiIvc3Rhcmsvd2ViL3VzZXJpbmZvL2xpc3QvIn0seyJpZCI6NDcsInRpdGxlIjoiXHU4OWQyXHU4MjcyXHU1MjE3XHU4ODY4IiwidXJsIjoiL3JiYWMvcm9sZS9saXN0LyJ9LHsiaWQiOjUxLCJ0aXRsZSI6Ilx1ODNkY1x1NTM1NVx1NTIxN1x1ODg2OCIsInVybCI6Ii9yYmFjL21lbnUvbGlzdC8ifSx7ImlkIjo2MywidGl0bGUiOiJcdTUyMDZcdTkxNGRcdTY3NDNcdTk2NTAiLCJ1cmwiOiIvcmJhYy9kaXN0cmlidXRlL3Blcm1pc3Npb25zLyJ9XX19LCJjb21wYW55X3Blcm1pc3Npb25fdXJsX2xpc3Rfa2V5Ijp7IndlYl9jb21wYW55X2FkZCI6eyJpZCI6MiwidGl0bGUiOiJcdTZkZmJcdTUyYTBcdTRmMDFcdTRlMWEiLCJ1cmwiOiIvc3Rhcmsvd2ViL2NvbXBhbnkvYWRkLyIsInBpZCI6MSwicF90aXRsZSI6Ilx1NGYwMVx1NGUxYVx1NTIxN1x1ODg2OCIsInBfdXJsIjoiL3N0YXJrL3dlYi9jb21wYW55L2xpc3QvIn0sIndlYl9jb21wYW55X2NoYW5nZSI6eyJpZCI6MywidGl0bGUiOiJcdTRmZWVcdTY1MzlcdTRmMDFcdTRlMWEiLCJ1cmwiOiIvc3Rhcmsvd2ViL2NvbXBhbnkvY2hhbmdlLyg/UDxwaz5cXGQrKS8iLCJwaWQiOjEsInBfdGl0bGUiOiJcdTRmMDFcdTRlMWFcdTUyMTdcdTg4NjgiLCJwX3VybCI6Ii9zdGFyay93ZWIvY29tcGFueS9saXN0LyJ9LCJ3ZWJfY29tcGFueV9kZWxldGUiOnsiaWQiOjQsInRpdGxlIjoiXHU1MjIwXHU5NjY0XHU0ZjAxXHU0ZTFhIiwidXJsIjoiL3N0YXJrL3dlYi9jb21wYW55L2RlbGV0ZS8oP1A8cGs+XFxkKykvIiwicGlkIjoxLCJwX3RpdGxlIjoiXHU0ZjAxXHU0ZTFhXHU1MjE3XHU4ODY4IiwicF91cmwiOiIvc3Rhcmsvd2ViL2NvbXBhbnkvbGlzdC8ifSwid2ViX3VzZXJpbmZvX2FkZCI6eyJpZCI6MTAsInRpdGxlIjoiXHU2ZGZiXHU1MmEwXHU3NTI4XHU2MjM3IiwidXJsIjoiL3N0YXJrL3dlYi91c2VyaW5mby9hZGQvIiwicGlkIjo5LCJwX3RpdGxlIjoiXHU3NTI4XHU2MjM3XHU1MjE3XHU4ODY4IiwicF91cmwiOiIvc3Rhcmsvd2ViL3VzZXJpbmZvL2xpc3QvIn0sIndlYl91c2VyaW5mb19jaGFuZ2UiOnsiaWQiOjExLCJ0aXRsZSI6Ilx1NGZlZVx1NjUzOVx1NzUyOFx1NjIzNyIsInVybCI6Ii9zdGFyay93ZWIvdXNlcmluZm8vY2hhbmdlLyg/UDxwaz5cXGQrKS8iLCJwaWQiOjksInBfdGl0bGUiOiJcdTc1MjhcdTYyMzdcdTUyMTdcdTg4NjgiLCJwX3VybCI6Ii9zdGFyay93ZWIvdXNlcmluZm8vbGlzdC8ifSwid2ViX3VzZXJpbmZvX2RlbGV0ZSI6eyJpZCI6MTIsInRpdGxlIjoiXHU1MjIwXHU5NjY0XHU3NTI4XHU2MjM3IiwidXJsIjoiL3N0YXJrL3dlYi91c2VyaW5mby9kZWxldGUvKD9QPHBrPlxcZCspLyIsInBpZCI6OSwicF90aXRsZSI6Ilx1NzUyOFx1NjIzN1x1NTIxN1x1ODg2OCIsInBfdXJsIjoiL3N0YXJrL3dlYi91c2VyaW5mby9saXN0LyJ9LCJ3ZWJfdXNlcmluZm9fcmVzdF9wd2QiOnsiaWQiOjEzLCJ0aXRsZSI6Ilx1OTFjZFx1N2Y2ZVx1NWJjNlx1NzgwMSIsInVybCI6Ii9zdGFyay93ZWIvdXNlcmluZm8vcmVzZXQvcGFzc3dvcmQvKD9QPHBrPlxcZCspIiwicGlkIjo5LCJwX3RpdGxlIjoiXHU3NTI4XHU2MjM3XHU1MjE3XHU4ODY4IiwicF91cmwiOiIvc3Rhcmsvd2ViL3VzZXJpbmZvL2xpc3QvIn0sInJiYWM6cm9sZV9hZGQiOnsiaWQiOjQ4LCJ0aXRsZSI6Ilx1NmRmYlx1NTJhMFx1ODlkMlx1ODI3MiIsInVybCI6Ii9yYmFjL3JvbGUvYWRkLyIsInBpZCI6NDcsInBfdGl0bGUiOiJcdTg5ZDJcdTgyNzJcdTUyMTdcdTg4NjgiLCJwX3VybCI6Ii9yYmFjL3JvbGUvbGlzdC8ifSwicmJhYzpyb2xlX2VkaXQiOnsiaWQiOjQ5LCJ0aXRsZSI6Ilx1NGZlZVx1NjUzOVx1ODlkMlx1ODI3MiIsInVybCI6Ii9yYmFjL3JvbGUvZWRpdC8oP1A8cGs+XFxkKykvIiwicGlkIjo0NywicF90aXRsZSI6Ilx1ODlkMlx1ODI3Mlx1NTIxN1x1ODg2OCIsInBfdXJsIjoiL3JiYWMvcm9sZS9saXN0LyJ9LCJyYmFjOnJvbGVfZGVsIjp7ImlkIjo1MCwidGl0bGUiOiJcdTUyMjBcdTk2NjRcdTg5ZDJcdTgyNzIiLCJ1cmwiOiIvcmJhYy9yb2xlL2RlbC8oP1A8cGs+XFxkKykvIiwicGlkIjo0NywicF90aXRsZSI6Ilx1ODlkMlx1ODI3Mlx1NTIxN1x1ODg2OCIsInBfdXJsIjoiL3JiYWMvcm9sZS9saXN0LyJ9LCJyYmFjOm1lbnVfYWRkIjp7ImlkIjo1MiwidGl0bGUiOiJcdTZkZmJcdTUyYTBcdTgzZGNcdTUzNTUiLCJ1cmwiOiIvcmJhYy9tZW51L2FkZC8iLCJwaWQiOjUxLCJwX3RpdGxlIjoiXHU4M2RjXHU1MzU1XHU1MjE3XHU4ODY4IiwicF91cmwiOiIvcmJhYy9tZW51L2xpc3QvIn0sInJiYWM6bWVudV9lZGl0Ijp7ImlkIjo1MywidGl0bGUiOiJcdTRmZWVcdTY1MzlcdTgzZGNcdTUzNTUiLCJ1cmwiOiIvcmJhYy9tZW51L2VkaXQvKD9QPHBrPlxcZCspLyIsInBpZCI6NTEsInBfdGl0bGUiOiJcdTgzZGNcdTUzNTVcdTUyMTdcdTg4NjgiLCJwX3VybCI6Ii9yYmFjL21lbnUvbGlzdC8ifSwicmJhYzptZW51X2RlbCI6eyJpZCI6NTQsInRpdGxlIjoiXHU1MjIwXHU5NjY0XHU4M2RjXHU1MzU1IiwidXJsIjoiL3JiYWMvbWVudS9kZWwvKD9QPHBrPlxcZCspLyIsInBpZCI6NTEsInBfdGl0bGUiOiJcdTgzZGNcdTUzNTVcdTUyMTdcdTg4NjgiLCJwX3VybCI6Ii9yYmFjL21lbnUvbGlzdC8ifSwicmJhYzpzZWNvbmRfbWVudV9hZGQiOnsiaWQiOjU1LCJ0aXRsZSI6Ilx1NmRmYlx1NTJhMFx1NGU4Y1x1N2VhN1x1ODNkY1x1NTM1NSIsInVybCI6Ii9yYmFjL3NlY29uZC9tZW51L2FkZC8oP1A8bWVudV9pZD5cXGQrKS8iLCJwaWQiOjUxLCJwX3RpdGxlIjoiXHU4M2RjXHU1MzU1XHU1MjE3XHU4ODY4IiwicF91cmwiOiIvcmJhYy9tZW51L2xpc3QvIn0sInJiYWM6c2Vjb25kX21lbnVfZWRpdCI6eyJpZCI6NTYsInRpdGxlIjoiXHU0ZmVlXHU2NTM5XHU0ZThjXHU3ZWE3XHU4M2RjXHU1MzU1IiwidXJsIjoiL3JiYWMvc2Vjb25kL21lbnUvZWRpdC8oP1A8cGs+XFxkKykvIiwicGlkIjo1MSwicF90aXRsZSI6Ilx1ODNkY1x1NTM1NVx1NTIxN1x1ODg2OCIsInBfdXJsIjoiL3JiYWMvbWVudS9saXN0LyJ9LCJyYmFjOnNlY29uZF9tZW51X2RlbCI6eyJpZCI6NTcsInRpdGxlIjoiXHU1MjIwXHU5NjY0XHU0ZThjXHU3ZWE3XHU4M2RjXHU1MzU1IiwidXJsIjoiL3JiYWMvc2Vjb25kL21lbnUvZGVsLyg/UDxwaz5cXGQrKS8iLCJwaWQiOjUxLCJwX3RpdGxlIjoiXHU4M2RjXHU1MzU1XHU1MjE3XHU4ODY4IiwicF91cmwiOiIvcmJhYy9tZW51L2xpc3QvIn0sInJiYWM6cGVybWlzc2lvbl9hZGQiOnsiaWQiOjU4LCJ0aXRsZSI6Ilx1NmRmYlx1NTJhMFx1Njc0M1x1OTY1MCIsInVybCI6Ii9yYmFjL3Blcm1pc3Npb24vYWRkLyg/UDxzZWNvbmRfbWVudV9pZD5cXGQrKS8iLCJwaWQiOjUxLCJwX3RpdGxlIjoiXHU4M2RjXHU1MzU1XHU1MjE3XHU4ODY4IiwicF91cmwiOiIvcmJhYy9tZW51L2xpc3QvIn0sInJiYWM6cGVybWlzc2lvbl9lZGl0Ijp7ImlkIjo1OSwidGl0bGUiOiJcdTRmZWVcdTY1MzlcdTY3NDNcdTk2NTAiLCJ1cmwiOiIvcmJhYy9wZXJtaXNzaW9uL2VkaXQvKD9QPHBrPlxcZCspLyIsInBpZCI6NTEsInBfdGl0bGUiOiJcdTgzZGNcdTUzNTVcdTUyMTdcdTg4NjgiLCJwX3VybCI6Ii9yYmFjL21lbnUvbGlzdC8ifSwicmJhYzpwZXJtaXNzaW9uX2RlbCI6eyJpZCI6NjAsInRpdGxlIjoiXHU1MjIwXHU5NjY0XHU2NzQzXHU5NjUwIiwidXJsIjoiL3JiYWMvcGVybWlzc2lvbi9kZWwvKD9QPHBrPlxcZCspLyIsInBpZCI6NTEsInBfdGl0bGUiOiJcdTgzZGNcdTUzNTVcdTUyMTdcdTg4NjgiLCJwX3VybCI6Ii9yYmFjL21lbnUvbGlzdC8ifSwicmJhYzptdWx0aV9wZXJtaXNzaW9ucyI6eyJpZCI6NjEsInRpdGxlIjoiXHU2Mjc5XHU5MWNmXHU2NGNkXHU0ZjVjXHU2NzQzXHU5NjUwIiwidXJsIjoiL3JiYWMvbXVsdGkvcGVybWlzc2lvbnMvIiwicGlkIjo1MSwicF90aXRsZSI6Ilx1ODNkY1x1NTM1NVx1NTIxN1x1ODg2OCIsInBfdXJsIjoiL3JiYWMvbWVudS9saXN0LyJ9LCJyYmFjOm11bHRpX3Blcm1pc3Npb25zX2RlbCI6eyJpZCI6NjIsInRpdGxlIjoiXHU2Mjc5XHU5MWNmXHU1MjIwXHU5NjY0XHU2NzQzXHU5NjUwIiwidXJsIjoiL3JiYWMvbXVsdGkvcGVybWlzc2lvbnMvZGVsLyg/UDxwaz5cXGQrKS8iLCJwaWQiOjUxLCJwX3RpdGxlIjoiXHU4M2RjXHU1MzU1XHU1MjE3XHU4ODY4IiwicF91cmwiOiIvcmJhYy9tZW51L2xpc3QvIn0sIndlYl9mb29kX2FkZCI6eyJpZCI6NjYsInRpdGxlIjoiXHU2ZGZiXHU1MmEwXHU5OTEwXHU5OTg2IiwidXJsIjoiL3N0YXJrL3dlYi9mb29kL2FkZC8iLCJwaWQiOjY1LCJwX3RpdGxlIjoiXHU5OTEwXHU5OTg2XHU1MjE3XHU4ODY4IiwicF91cmwiOiIvc3Rhcmsvd2ViL2Zvb2QvbGlzdC8ifSwid2ViX2Zvb2RfY2hhbmdlIjp7ImlkIjo2NywidGl0bGUiOiJcdTRmZWVcdTY1MzlcdTk5MTBcdTk5ODYiLCJ1cmwiOiIvc3Rhcmsvd2ViL2Zvb2QvY2hhbmdlLyg/UDxwaz5cXGQrKS8iLCJwaWQiOjY1LCJwX3RpdGxlIjoiXHU5OTEwXHU5OTg2XHU1MjE3XHU4ODY4IiwicF91cmwiOiIvc3Rhcmsvd2ViL2Zvb2QvbGlzdC8ifSwid2ViX2Zvb2RfZGVsZXRlIjp7ImlkIjo2OCwidGl0bGUiOiJcdTUyMjBcdTk2NjRcdTk5MTBcdTk5ODYiLCJ1cmwiOiIvc3Rhcmsvd2ViL2Zvb2QvZGVsZXRlLyg/UDxwaz5cXGQrKS8iLCJwaWQiOjY1LCJwX3RpdGxlIjoiXHU5OTEwXHU5OTg2XHU1MjE3XHU4ODY4IiwicF91cmwiOiIvc3Rhcmsvd2ViL2Zvb2QvbGlzdC8ifSwid2ViX2NvbXBhbnlfYXBpX2FkZCI6eyJpZCI6NzEsInRpdGxlIjoiXHU2NWIwXHU1ODllXHU4ZDQ0XHU4ZDI4IiwidXJsIjoiL3N0YXJrL3dlYi9jb21wYW55L2FwaS9hZGQvIiwicGlkIjo2OSwicF90aXRsZSI6Ilx1OGQ0NFx1OGQyOFx1OGJjMVx1NGVmNiIsInBfdXJsIjoiL3N0YXJrL3dlYi9jb21wYW55L2FwaS9saXN0LyJ9LCJ3ZWJfY29tcGFueV9saXN0Ijp7ImlkIjoxLCJ0aXRsZSI6Ilx1NGYwMVx1NGUxYVx1NTIxN1x1ODg2OCIsInVybCI6Ii9zdGFyay93ZWIvY29tcGFueS9saXN0LyIsInBpZCI6bnVsbCwicF90aXRsZSI6bnVsbCwicF91cmwiOm51bGx9LCJ3ZWJfY29tcGFueV9hcGlfbGlzdCI6eyJpZCI6NjksInRpdGxlIjoiXHU4ZDQ0XHU4ZDI4XHU4YmMxXHU0ZWY2IiwidXJsIjoiL3N0YXJrL3dlYi9jb21wYW55L2FwaS9saXN0LyIsInBpZCI6bnVsbCwicF90aXRsZSI6bnVsbCwicF91cmwiOm51bGx9LCJ3ZWJfZm9vZF9saXN0Ijp7ImlkIjo2NSwidGl0bGUiOiJcdTk5MTBcdTk5ODZcdTUyMTdcdTg4NjgiLCJ1cmwiOiIvc3Rhcmsvd2ViL2Zvb2QvbGlzdC8iLCJwaWQiOm51bGwsInBfdGl0bGUiOm51bGwsInBfdXJsIjpudWxsfSwid2ViX3VzZXJpbmZvX2xpc3QiOnsiaWQiOjksInRpdGxlIjoiXHU3NTI4XHU2MjM3XHU1MjE3XHU4ODY4IiwidXJsIjoiL3N0YXJrL3dlYi91c2VyaW5mby9saXN0LyIsInBpZCI6bnVsbCwicF90aXRsZSI6bnVsbCwicF91cmwiOm51bGx9LCJyYmFjOnJvbGVfbGlzdCI6eyJpZCI6NDcsInRpdGxlIjoiXHU4OWQyXHU4MjcyXHU1MjE3XHU4ODY4IiwidXJsIjoiL3JiYWMvcm9sZS9saXN0LyIsInBpZCI6bnVsbCwicF90aXRsZSI6bnVsbCwicF91cmwiOm51bGx9LCJyYmFjOm1lbnVfbGlzdCI6eyJpZCI6NTEsInRpdGxlIjoiXHU4M2RjXHU1MzU1XHU1MjE3XHU4ODY4IiwidXJsIjoiL3JiYWMvbWVudS9saXN0LyIsInBpZCI6bnVsbCwicF90aXRsZSI6bnVsbCwicF91cmwiOm51bGx9LCJyYmFjOmRpc3RyaWJ1dGVfcGVybWlzc2lvbnMiOnsiaWQiOjYzLCJ0aXRsZSI6Ilx1NTIwNlx1OTE0ZFx1Njc0M1x1OTY1MCIsInVybCI6Ii9yYmFjL2Rpc3RyaWJ1dGUvcGVybWlzc2lvbnMvIiwicGlkIjpudWxsLCJwX3RpdGxlIjpudWxsLCJwX3VybCI6bnVsbH19LCJ1c2VyX2luZm8iOnsiaWQiOjEwLCJuaWNrbmFtZSI6Ilx1NWYyMFx1NTc2NCJ9fQ==', '2019-12-27 11:31:47.098620');
INSERT INTO `django_session` VALUES ('m5lnz44d74bmq4d3ii9cduvm4j4vn5ib', 'OTAyZTY2MTE2MjY2NDIwOTg0YWUxNTU0YWU4NDAyOTc0MjkwNjY5NTp7ImNvbXBhbnlfbWVudV9saXN0X2tleSI6eyIxIjp7InRpdGxlIjoiXHU0ZjAxXHU0ZTFhXHU0ZmUxXHU2MDZmIiwiaWNvbiI6ImZhIGZhLWJ1aWxkaW5nIiwiY2hpbGRyZW4iOlt7ImlkIjoxLCJ0aXRsZSI6Ilx1NjgyMVx1NTMzYVx1NTIxN1x1ODg2OCIsInVybCI6Ii9zdGFyay93ZWIvc2Nob29sL2xpc3QvIn0seyJpZCI6NSwidGl0bGUiOiJcdTkwZThcdTk1ZThcdTUyMTdcdTg4NjgiLCJ1cmwiOiIvc3Rhcmsvd2ViL2RlcGFydG1lbnQvbGlzdC8ifSx7ImlkIjoxNCwidGl0bGUiOiJcdThiZmVcdTdhMGJcdTUyMTdcdTg4NjgiLCJ1cmwiOiIvc3Rhcmsvd2ViL2NvdXJzZS9saXN0LyJ9LHsiaWQiOjE4LCJ0aXRsZSI6Ilx1NzNlZFx1N2VhN1x1NTIxN1x1ODg2OCIsInVybCI6Ii9zdGFyay93ZWIvY2xhc3NsaXN0L2xpc3QvIn1dfSwiMiI6eyJ0aXRsZSI6Ilx1NjNhNVx1NTNlM0FQSSIsImljb24iOiJmYSBmYS1tb2R4IiwiY2hpbGRyZW4iOlt7ImlkIjoyMiwidGl0bGUiOiJcdTUxNmNcdTYyMzdcdTUyMTdcdTg4NjgiLCJ1cmwiOiIvc3Rhcmsvd2ViL2N1c3RvbWVyL3B1Yi9saXN0LyJ9LHsiaWQiOjI3LCJ0aXRsZSI6Ilx1NzljMVx1NjIzN1x1NTIxN1x1ODg2OCIsInVybCI6Ii9zdGFyay93ZWIvY3VzdG9tZXIvcHJpdi9saXN0LyJ9LHsiaWQiOjM3LCJ0aXRsZSI6Ilx1NWJhMVx1NjgzOFx1N2YzNFx1OGQzOVx1OGJiMFx1NWY1NSIsInVybCI6Ii9zdGFyay93ZWIvcGF5bWVudHJlY29yZC9jaGVjay9saXN0LyJ9XX0sIjMiOnsidGl0bGUiOiJcdTY3NDNcdTk2NTBcdTdiYTFcdTc0MDYiLCJpY29uIjoiZmEgZmEtYWRkcmVzcy1jYXJkLW8iLCJjaGlsZHJlbiI6W3siaWQiOjM4LCJ0aXRsZSI6Ilx1NWI2Nlx1NzUxZlx1NTIxN1x1ODg2OCIsInVybCI6Ii9zdGFyay93ZWIvc3R1ZGVudC9saXN0LyJ9XX0sIjQiOnsidGl0bGUiOiJcdTgzZGNcdTUzNTVcdTdiYTFcdTc0MDYiLCJpY29uIjoiZmEgZmEtdHdpdGNoIiwiY2hpbGRyZW4iOlt7ImlkIjo5LCJ0aXRsZSI6Ilx1NzUyOFx1NjIzN1x1NTIxN1x1ODg2OCIsInVybCI6Ii9zdGFyay93ZWIvdXNlcmluZm8vbGlzdC8ifSx7ImlkIjo0NywidGl0bGUiOiJcdTg5ZDJcdTgyNzJcdTUyMTdcdTg4NjgiLCJ1cmwiOiIvcmJhYy9yb2xlL2xpc3QvIn0seyJpZCI6NTEsInRpdGxlIjoiXHU4M2RjXHU1MzU1XHU1MjE3XHU4ODY4IiwidXJsIjoiL3JiYWMvbWVudS9saXN0LyJ9LHsiaWQiOjYzLCJ0aXRsZSI6Ilx1NTIwNlx1OTE0ZFx1Njc0M1x1OTY1MCIsInVybCI6Ii9yYmFjL2Rpc3RyaWJ1dGUvcGVybWlzc2lvbnMvIn1dfX0sImNvbXBhbnlfcGVybWlzc2lvbl91cmxfbGlzdF9rZXkiOnsid2ViX3NjaG9vbF9saXN0Ijp7ImlkIjoxLCJ0aXRsZSI6Ilx1NjgyMVx1NTMzYVx1NTIxN1x1ODg2OCIsInVybCI6Ii9zdGFyay93ZWIvc2Nob29sL2xpc3QvIiwicGlkIjpudWxsLCJwX3RpdGxlIjpudWxsLCJwX3VybCI6bnVsbH0sIndlYl9kZXBhcnRtZW50X2xpc3QiOnsiaWQiOjUsInRpdGxlIjoiXHU5MGU4XHU5NWU4XHU1MjE3XHU4ODY4IiwidXJsIjoiL3N0YXJrL3dlYi9kZXBhcnRtZW50L2xpc3QvIiwicGlkIjpudWxsLCJwX3RpdGxlIjpudWxsLCJwX3VybCI6bnVsbH0sIndlYl9jb3Vyc2VfbGlzdCI6eyJpZCI6MTQsInRpdGxlIjoiXHU4YmZlXHU3YTBiXHU1MjE3XHU4ODY4IiwidXJsIjoiL3N0YXJrL3dlYi9jb3Vyc2UvbGlzdC8iLCJwaWQiOm51bGwsInBfdGl0bGUiOm51bGwsInBfdXJsIjpudWxsfSwid2ViX2NsYXNzbGlzdF9saXN0Ijp7ImlkIjoxOCwidGl0bGUiOiJcdTczZWRcdTdlYTdcdTUyMTdcdTg4NjgiLCJ1cmwiOiIvc3Rhcmsvd2ViL2NsYXNzbGlzdC9saXN0LyIsInBpZCI6bnVsbCwicF90aXRsZSI6bnVsbCwicF91cmwiOm51bGx9LCJ3ZWJfY3VzdG9tZXJfcHViX2xpc3QiOnsiaWQiOjIyLCJ0aXRsZSI6Ilx1NTE2Y1x1NjIzN1x1NTIxN1x1ODg2OCIsInVybCI6Ii9zdGFyay93ZWIvY3VzdG9tZXIvcHViL2xpc3QvIiwicGlkIjpudWxsLCJwX3RpdGxlIjpudWxsLCJwX3VybCI6bnVsbH0sIndlYl9jdXN0b21lcl9wcml2X2xpc3QiOnsiaWQiOjI3LCJ0aXRsZSI6Ilx1NzljMVx1NjIzN1x1NTIxN1x1ODg2OCIsInVybCI6Ii9zdGFyay93ZWIvY3VzdG9tZXIvcHJpdi9saXN0LyIsInBpZCI6bnVsbCwicF90aXRsZSI6bnVsbCwicF91cmwiOm51bGx9LCJ3ZWJfcGF5bWVudHJlY29yZF9jaGVja19saXN0Ijp7ImlkIjozNywidGl0bGUiOiJcdTViYTFcdTY4MzhcdTdmMzRcdThkMzlcdThiYjBcdTVmNTUiLCJ1cmwiOiIvc3Rhcmsvd2ViL3BheW1lbnRyZWNvcmQvY2hlY2svbGlzdC8iLCJwaWQiOm51bGwsInBfdGl0bGUiOm51bGwsInBfdXJsIjpudWxsfSwid2ViX3N0dWRlbnRfbGlzdCI6eyJpZCI6MzgsInRpdGxlIjoiXHU1YjY2XHU3NTFmXHU1MjE3XHU4ODY4IiwidXJsIjoiL3N0YXJrL3dlYi9zdHVkZW50L2xpc3QvIiwicGlkIjpudWxsLCJwX3RpdGxlIjpudWxsLCJwX3VybCI6bnVsbH0sIndlYl91c2VyaW5mb19saXN0Ijp7ImlkIjo5LCJ0aXRsZSI6Ilx1NzUyOFx1NjIzN1x1NTIxN1x1ODg2OCIsInVybCI6Ii9zdGFyay93ZWIvdXNlcmluZm8vbGlzdC8iLCJwaWQiOm51bGwsInBfdGl0bGUiOm51bGwsInBfdXJsIjpudWxsfSwicmJhYzpyb2xlX2xpc3QiOnsiaWQiOjQ3LCJ0aXRsZSI6Ilx1ODlkMlx1ODI3Mlx1NTIxN1x1ODg2OCIsInVybCI6Ii9yYmFjL3JvbGUvbGlzdC8iLCJwaWQiOm51bGwsInBfdGl0bGUiOm51bGwsInBfdXJsIjpudWxsfSwicmJhYzptZW51X2xpc3QiOnsiaWQiOjUxLCJ0aXRsZSI6Ilx1ODNkY1x1NTM1NVx1NTIxN1x1ODg2OCIsInVybCI6Ii9yYmFjL21lbnUvbGlzdC8iLCJwaWQiOm51bGwsInBfdGl0bGUiOm51bGwsInBfdXJsIjpudWxsfSwicmJhYzpkaXN0cmlidXRlX3Blcm1pc3Npb25zIjp7ImlkIjo2MywidGl0bGUiOiJcdTUyMDZcdTkxNGRcdTY3NDNcdTk2NTAiLCJ1cmwiOiIvcmJhYy9kaXN0cmlidXRlL3Blcm1pc3Npb25zLyIsInBpZCI6bnVsbCwicF90aXRsZSI6bnVsbCwicF91cmwiOm51bGx9LCJ3ZWJfc2Nob29sX2FkZCI6eyJpZCI6MiwidGl0bGUiOiJcdTZkZmJcdTUyYTBcdTY4MjFcdTUzM2EiLCJ1cmwiOiIvc3Rhcmsvd2ViL3NjaG9vbC9hZGQvIiwicGlkIjoxLCJwX3RpdGxlIjoiXHU2ODIxXHU1MzNhXHU1MjE3XHU4ODY4IiwicF91cmwiOiIvc3Rhcmsvd2ViL3NjaG9vbC9saXN0LyJ9LCJ3ZWJfc2Nob29sX2NoYW5nZSI6eyJpZCI6MywidGl0bGUiOiJcdTRmZWVcdTY1MzlcdTY4MjFcdTUzM2EiLCJ1cmwiOiIvc3Rhcmsvd2ViL3NjaG9vbC9jaGFuZ2UvKD9QPHBrPlxcZCspLyIsInBpZCI6MSwicF90aXRsZSI6Ilx1NjgyMVx1NTMzYVx1NTIxN1x1ODg2OCIsInBfdXJsIjoiL3N0YXJrL3dlYi9zY2hvb2wvbGlzdC8ifSwid2ViX3NjaG9vbF9kZWxldGUiOnsiaWQiOjQsInRpdGxlIjoiXHU1MjIwXHU5NjY0XHU2ODIxXHU1MzNhIiwidXJsIjoiL3N0YXJrL3dlYi9zY2hvb2wvZGVsZXRlLyg/UDxwaz5cXGQrKS8iLCJwaWQiOjEsInBfdGl0bGUiOiJcdTY4MjFcdTUzM2FcdTUyMTdcdTg4NjgiLCJwX3VybCI6Ii9zdGFyay93ZWIvc2Nob29sL2xpc3QvIn0sIndlYl9kZXBhcnRtZW50X2FkZCI6eyJpZCI6NiwidGl0bGUiOiJcdTZkZmJcdTUyYTBcdTkwZThcdTk1ZTgiLCJ1cmwiOiIvc3Rhcmsvd2ViL2RlcGFydG1lbnQvYWRkLyIsInBpZCI6NSwicF90aXRsZSI6Ilx1OTBlOFx1OTVlOFx1NTIxN1x1ODg2OCIsInBfdXJsIjoiL3N0YXJrL3dlYi9kZXBhcnRtZW50L2xpc3QvIn0sIndlYl9kZXBhcnRtZW50X2NoYW5nZSI6eyJpZCI6NywidGl0bGUiOiJcdTRmZWVcdTY1MzlcdTkwZThcdTk1ZTgiLCJ1cmwiOiIvc3Rhcmsvd2ViL2RlcGFydG1lbnQvY2hhbmdlLyg/UDxwaz5cXGQrKS8iLCJwaWQiOjUsInBfdGl0bGUiOiJcdTkwZThcdTk1ZThcdTUyMTdcdTg4NjgiLCJwX3VybCI6Ii9zdGFyay93ZWIvZGVwYXJ0bWVudC9saXN0LyJ9LCJ3ZWJfZGVwYXJ0bWVudF9kZWxldGUiOnsiaWQiOjgsInRpdGxlIjoiXHU1MjIwXHU5NjY0XHU5MGU4XHU5NWU4IiwidXJsIjoiL3N0YXJrL3dlYi9kZXBhcnRtZW50L2RlbGV0ZS8oP1A8cGs+XFxkKykvIiwicGlkIjo1LCJwX3RpdGxlIjoiXHU5MGU4XHU5NWU4XHU1MjE3XHU4ODY4IiwicF91cmwiOiIvc3Rhcmsvd2ViL2RlcGFydG1lbnQvbGlzdC8ifSwid2ViX3VzZXJpbmZvX2FkZCI6eyJpZCI6MTAsInRpdGxlIjoiXHU2ZGZiXHU1MmEwXHU3NTI4XHU2MjM3IiwidXJsIjoiL3N0YXJrL3dlYi91c2VyaW5mby9hZGQvIiwicGlkIjo5LCJwX3RpdGxlIjoiXHU3NTI4XHU2MjM3XHU1MjE3XHU4ODY4IiwicF91cmwiOiIvc3Rhcmsvd2ViL3VzZXJpbmZvL2xpc3QvIn0sIndlYl91c2VyaW5mb19jaGFuZ2UiOnsiaWQiOjExLCJ0aXRsZSI6Ilx1NGZlZVx1NjUzOVx1NzUyOFx1NjIzNyIsInVybCI6Ii9zdGFyay93ZWIvdXNlcmluZm8vY2hhbmdlLyg/UDxwaz5cXGQrKS8iLCJwaWQiOjksInBfdGl0bGUiOiJcdTc1MjhcdTYyMzdcdTUyMTdcdTg4NjgiLCJwX3VybCI6Ii9zdGFyay93ZWIvdXNlcmluZm8vbGlzdC8ifSwid2ViX3VzZXJpbmZvX2RlbGV0ZSI6eyJpZCI6MTIsInRpdGxlIjoiXHU1MjIwXHU5NjY0XHU3NTI4XHU2MjM3IiwidXJsIjoiL3N0YXJrL3dlYi91c2VyaW5mby9kZWxldGUvKD9QPHBrPlxcZCspLyIsInBpZCI6OSwicF90aXRsZSI6Ilx1NzUyOFx1NjIzN1x1NTIxN1x1ODg2OCIsInBfdXJsIjoiL3N0YXJrL3dlYi91c2VyaW5mby9saXN0LyJ9LCJ3ZWJfdXNlcmluZm9fcmVzdF9wd2QiOnsiaWQiOjEzLCJ0aXRsZSI6Ilx1OTFjZFx1N2Y2ZVx1NWJjNlx1NzgwMSIsInVybCI6Ii9zdGFyay93ZWIvdXNlcmluZm8vcmVzZXQvcGFzc3dvcmQvKD9QPHBrPlxcZCspIiwicGlkIjo5LCJwX3RpdGxlIjoiXHU3NTI4XHU2MjM3XHU1MjE3XHU4ODY4IiwicF91cmwiOiIvc3Rhcmsvd2ViL3VzZXJpbmZvL2xpc3QvIn0sIndlYl9jb3Vyc2VfYWRkIjp7ImlkIjoxNSwidGl0bGUiOiJcdTZkZmJcdTUyYTBcdThiZmVcdTdhMGIiLCJ1cmwiOiIvc3Rhcmsvd2ViL2NvdXJzZS9hZGQvIiwicGlkIjoxNCwicF90aXRsZSI6Ilx1OGJmZVx1N2EwYlx1NTIxN1x1ODg2OCIsInBfdXJsIjoiL3N0YXJrL3dlYi9jb3Vyc2UvbGlzdC8ifSwid2ViX2NvdXJzZV9jaGFuZ2UiOnsiaWQiOjE2LCJ0aXRsZSI6Ilx1NGZlZVx1NjUzOVx1OGJmZVx1N2EwYiIsInVybCI6Ii9zdGFyay93ZWIvY291cnNlL2NoYW5nZS8oP1A8cGs+XFxkKykvIiwicGlkIjoxNCwicF90aXRsZSI6Ilx1OGJmZVx1N2EwYlx1NTIxN1x1ODg2OCIsInBfdXJsIjoiL3N0YXJrL3dlYi9jb3Vyc2UvbGlzdC8ifSwid2ViX2NvdXJzZV9kZWxldGUiOnsiaWQiOjE3LCJ0aXRsZSI6Ilx1NTIyMFx1OTY2NFx1OGJmZVx1N2EwYiIsInVybCI6Ii9zdGFyay93ZWIvY291cnNlL2RlbGV0ZS8oP1A8cGs+XFxkKykvIiwicGlkIjoxNCwicF90aXRsZSI6Ilx1OGJmZVx1N2EwYlx1NTIxN1x1ODg2OCIsInBfdXJsIjoiL3N0YXJrL3dlYi9jb3Vyc2UvbGlzdC8ifSwid2ViX2NsYXNzbGlzdF9hZGQiOnsiaWQiOjE5LCJ0aXRsZSI6Ilx1NmRmYlx1NTJhMFx1NzNlZFx1N2VhNyIsInVybCI6Ii9zdGFyay93ZWIvY2xhc3NsaXN0L2FkZC8iLCJwaWQiOjE4LCJwX3RpdGxlIjoiXHU3M2VkXHU3ZWE3XHU1MjE3XHU4ODY4IiwicF91cmwiOiIvc3Rhcmsvd2ViL2NsYXNzbGlzdC9saXN0LyJ9LCJ3ZWJfY2xhc3NsaXN0X2NoYW5nZSI6eyJpZCI6MjAsInRpdGxlIjoiXHU0ZmVlXHU2NTM5XHU3M2VkXHU3ZWE3IiwidXJsIjoiL3N0YXJrL3dlYi9jbGFzc2xpc3QvY2hhbmdlLyg/UDxwaz5cXGQrKS8iLCJwaWQiOjE4LCJwX3RpdGxlIjoiXHU3M2VkXHU3ZWE3XHU1MjE3XHU4ODY4IiwicF91cmwiOiIvc3Rhcmsvd2ViL2NsYXNzbGlzdC9saXN0LyJ9LCJ3ZWJfY2xhc3NsaXN0X2RlbGV0ZSI6eyJpZCI6MjEsInRpdGxlIjoiXHU1MjIwXHU5NjY0XHU3M2VkXHU3ZWE3IiwidXJsIjoiL3N0YXJrL3dlYi9jbGFzc2xpc3QvZGVsZXRlLyg/UDxwaz5cXGQrKS8iLCJwaWQiOjE4LCJwX3RpdGxlIjoiXHU3M2VkXHU3ZWE3XHU1MjE3XHU4ODY4IiwicF91cmwiOiIvc3Rhcmsvd2ViL2NsYXNzbGlzdC9saXN0LyJ9LCJ3ZWJfY3VzdG9tZXJfcHViX2FkZCI6eyJpZCI6MjMsInRpdGxlIjoiXHU2ZGZiXHU1MmEwXHU1MTZjXHU2MjM3IiwidXJsIjoiL3N0YXJrL3dlYi9jdXN0b21lci9wdWIvYWRkLyIsInBpZCI6MjIsInBfdGl0bGUiOiJcdTUxNmNcdTYyMzdcdTUyMTdcdTg4NjgiLCJwX3VybCI6Ii9zdGFyay93ZWIvY3VzdG9tZXIvcHViL2xpc3QvIn0sIndlYl9jdXN0b21lcl9wdWJfY2hhbmdlIjp7ImlkIjoyNCwidGl0bGUiOiJcdTRmZWVcdTY1MzlcdTUxNmNcdTYyMzciLCJ1cmwiOiIvc3Rhcmsvd2ViL2N1c3RvbWVyL3B1Yi9jaGFuZ2UvKD9QPHBrPlxcZCspLyIsInBpZCI6MjIsInBfdGl0bGUiOiJcdTUxNmNcdTYyMzdcdTUyMTdcdTg4NjgiLCJwX3VybCI6Ii9zdGFyay93ZWIvY3VzdG9tZXIvcHViL2xpc3QvIn0sIndlYl9jdXN0b21lcl9wdWJfZGVsZXRlIjp7ImlkIjoyNSwidGl0bGUiOiJcdTUyMjBcdTk2NjRcdTUxNmNcdTYyMzciLCJ1cmwiOiIvc3Rhcmsvd2ViL2N1c3RvbWVyL3B1Yi9kZWxldGUvKD9QPHBrPlxcZCspLyIsInBpZCI6MjIsInBfdGl0bGUiOiJcdTUxNmNcdTYyMzdcdTUyMTdcdTg4NjgiLCJwX3VybCI6Ii9zdGFyay93ZWIvY3VzdG9tZXIvcHViL2xpc3QvIn0sIndlYl9jdXN0b21lcl9wdWJfcmVjb3JkX3ZpZXciOnsiaWQiOjI2LCJ0aXRsZSI6Ilx1NjdlNVx1NzcwYlx1NTE2Y1x1NjIzN1x1OGRkZlx1OGZkYlx1OGJiMFx1NWY1NSIsInVybCI6Ii9zdGFyay93ZWIvY3VzdG9tZXIvcHViL3JlY29yZC8oP1A8cGs+XFxkKykiLCJwaWQiOjIyLCJwX3RpdGxlIjoiXHU1MTZjXHU2MjM3XHU1MjE3XHU4ODY4IiwicF91cmwiOiIvc3Rhcmsvd2ViL2N1c3RvbWVyL3B1Yi9saXN0LyJ9LCJ3ZWJfY3VzdG9tZXJfcHJpdl9hZGQiOnsiaWQiOjI4LCJ0aXRsZSI6Ilx1NmRmYlx1NTJhMFx1NjIxMVx1NzY4NFx1NWJhMlx1NjIzNyIsInVybCI6Ii9zdGFyay93ZWIvY3VzdG9tZXIvcHJpdi9hZGQvIiwicGlkIjoyNywicF90aXRsZSI6Ilx1NzljMVx1NjIzN1x1NTIxN1x1ODg2OCIsInBfdXJsIjoiL3N0YXJrL3dlYi9jdXN0b21lci9wcml2L2xpc3QvIn0sIndlYl9jdXN0b21lcl9wcml2X2NoYW5nZSI6eyJpZCI6MjksInRpdGxlIjoiXHU0ZmVlXHU2NTM5XHU2MjExXHU3Njg0XHU1YmEyXHU2MjM3IiwidXJsIjoiL3N0YXJrL3dlYi9jdXN0b21lci9wcml2L2NoYW5nZS8oP1A8cGs+XFxkKykvIiwicGlkIjoyNywicF90aXRsZSI6Ilx1NzljMVx1NjIzN1x1NTIxN1x1ODg2OCIsInBfdXJsIjoiL3N0YXJrL3dlYi9jdXN0b21lci9wcml2L2xpc3QvIn0sIndlYl9jdXN0b21lcl9wcml2X2RlbGV0ZSI6eyJpZCI6MzAsInRpdGxlIjoiXHU1MjIwXHU5NjY0XHU2MjExXHU3Njg0XHU1YmEyXHU2MjM3IiwidXJsIjoiL3N0YXJrL3dlYi9jdXN0b21lci9wcml2L2RlbGV0ZS8oP1A8cGs+XFxkKykvIiwicGlkIjoyNywicF90aXRsZSI6Ilx1NzljMVx1NjIzN1x1NTIxN1x1ODg2OCIsInBfdXJsIjoiL3N0YXJrL3dlYi9jdXN0b21lci9wcml2L2xpc3QvIn0sIndlYl9jb25zdWx0cmVjb3JkX2xpc3QiOnsiaWQiOjMxLCJ0aXRsZSI6Ilx1OGRkZlx1OGZkYlx1NTIxN1x1ODg2OCIsInVybCI6Ii9zdGFyay93ZWIvY29uc3VsdHJlY29yZC9saXN0Lyg/UDxjdXN0b21lcl9pZD5cXGQrKS8iLCJwaWQiOjI3LCJwX3RpdGxlIjoiXHU3OWMxXHU2MjM3XHU1MjE3XHU4ODY4IiwicF91cmwiOiIvc3Rhcmsvd2ViL2N1c3RvbWVyL3ByaXYvbGlzdC8ifSwid2ViX2NvbnN1bHRyZWNvcmRfYWRkIjp7ImlkIjozMiwidGl0bGUiOiJcdTZkZmJcdTUyYTBcdThkZGZcdThmZGJcdThiYjBcdTVmNTUiLCJ1cmwiOiIvc3Rhcmsvd2ViL2NvbnN1bHRyZWNvcmQvYWRkLyg/UDxjdXN0b21lcl9pZD5cXGQrKS8iLCJwaWQiOjI3LCJwX3RpdGxlIjoiXHU3OWMxXHU2MjM3XHU1MjE3XHU4ODY4IiwicF91cmwiOiIvc3Rhcmsvd2ViL2N1c3RvbWVyL3ByaXYvbGlzdC8ifSwid2ViX2NvbnN1bHRyZWNvcmRfY2hhbmdlIjp7ImlkIjozMywidGl0bGUiOiJcdTRmZWVcdTY1MzlcdThkZGZcdThmZGJcdThiYjBcdTVmNTUiLCJ1cmwiOiIvc3Rhcmsvd2ViL2NvbnN1bHRyZWNvcmQvY2hhbmdlLyg/UDxjdXN0b21lcl9pZD5cXGQrKS8oP1A8cGs+XFxkKykvIiwicGlkIjoyNywicF90aXRsZSI6Ilx1NzljMVx1NjIzN1x1NTIxN1x1ODg2OCIsInBfdXJsIjoiL3N0YXJrL3dlYi9jdXN0b21lci9wcml2L2xpc3QvIn0sIndlYl9jb25zdWx0cmVjb3JkX2RlbGV0ZSI6eyJpZCI6MzQsInRpdGxlIjoiXHU1MjIwXHU5NjY0XHU4ZGRmXHU4ZmRiXHU4YmIwXHU1ZjU1IiwidXJsIjoiL3N0YXJrL3dlYi9jb25zdWx0cmVjb3JkL2RlbGV0ZS8oP1A8Y3VzdG9tZXJfaWQ+XFxkKykvKD9QPHBrPlxcZCspLyIsInBpZCI6MjcsInBfdGl0bGUiOiJcdTc5YzFcdTYyMzdcdTUyMTdcdTg4NjgiLCJwX3VybCI6Ii9zdGFyay93ZWIvY3VzdG9tZXIvcHJpdi9saXN0LyJ9LCJ3ZWJfcGF5bWVudHJlY29yZF9saXN0Ijp7ImlkIjozNSwidGl0bGUiOiJcdTdmMzRcdThkMzlcdThiYjBcdTVmNTVcdTUyMTdcdTg4NjgiLCJ1cmwiOiIvc3Rhcmsvd2ViL3BheW1lbnRyZWNvcmQvbGlzdC8oP1A8Y3VzdG9tZXJfaWQ+XFxkKykvIiwicGlkIjoyNywicF90aXRsZSI6Ilx1NzljMVx1NjIzN1x1NTIxN1x1ODg2OCIsInBfdXJsIjoiL3N0YXJrL3dlYi9jdXN0b21lci9wcml2L2xpc3QvIn0sIndlYl9wYXltZW50cmVjb3JkX2FkZCI6eyJpZCI6MzYsInRpdGxlIjoiXHU2ZGZiXHU1MmEwXHU3ZjM0XHU4ZDM5XHU4YmIwXHU1ZjU1IiwidXJsIjoiL3N0YXJrL3dlYi9wYXltZW50cmVjb3JkL2FkZC8oP1A8Y3VzdG9tZXJfaWQ+XFxkKykvIiwicGlkIjoyNywicF90aXRsZSI6Ilx1NzljMVx1NjIzN1x1NTIxN1x1ODg2OCIsInBfdXJsIjoiL3N0YXJrL3dlYi9jdXN0b21lci9wcml2L2xpc3QvIn0sIndlYl9zdHVkZW50X2NoYW5nZSI6eyJpZCI6MzksInRpdGxlIjoiXHU0ZmVlXHU2NTM5XHU1YjY2XHU3NTFmXHU0ZmUxXHU2MDZmIiwidXJsIjoiL3N0YXJrL3dlYi9zdHVkZW50L2NoYW5nZS8oP1A8cGs+XFxkKykvIiwicGlkIjozOCwicF90aXRsZSI6Ilx1NWI2Nlx1NzUxZlx1NTIxN1x1ODg2OCIsInBfdXJsIjoiL3N0YXJrL3dlYi9zdHVkZW50L2xpc3QvIn0sIndlYl9zY29yZXJlY29yZF9saXN0Ijp7ImlkIjo0MCwidGl0bGUiOiJcdTc5ZWZcdTUyMDZcdTUyMTdcdTg4NjgiLCJ1cmwiOiIvc3Rhcmsvd2ViL3Njb3JlcmVjb3JkL2xpc3QvKD9QPHN0dWRlbnRfaWQ+XFxkKykvIiwicGlkIjozOCwicF90aXRsZSI6Ilx1NWI2Nlx1NzUxZlx1NTIxN1x1ODg2OCIsInBfdXJsIjoiL3N0YXJrL3dlYi9zdHVkZW50L2xpc3QvIn0sIndlYl9zY29yZXJlY29yZF9hZGQiOnsiaWQiOjQxLCJ0aXRsZSI6Ilx1NmRmYlx1NTJhMFx1NzllZlx1NTIwNlx1OGJiMFx1NWY1NSIsInVybCI6Ii9zdGFyay93ZWIvc2NvcmVyZWNvcmQvYWRkLyg/UDxzdHVkZW50X2lkPlxcZCspLyIsInBpZCI6MzgsInBfdGl0bGUiOiJcdTViNjZcdTc1MWZcdTUyMTdcdTg4NjgiLCJwX3VybCI6Ii9zdGFyay93ZWIvc3R1ZGVudC9saXN0LyJ9LCJ3ZWJfY291cnNlcmVjb3JkX2xpc3QiOnsiaWQiOjQyLCJ0aXRsZSI6Ilx1NGUwYVx1OGJmZVx1OGJiMFx1NWY1NVx1NTIxN1x1ODg2OCIsInVybCI6Ii9zdGFyay93ZWIvY291cnNlcmVjb3JkL2xpc3QvKD9QPGNsYXNzX2lkPlxcZCspLyIsInBpZCI6MTgsInBfdGl0bGUiOiJcdTczZWRcdTdlYTdcdTUyMTdcdTg4NjgiLCJwX3VybCI6Ii9zdGFyay93ZWIvY2xhc3NsaXN0L2xpc3QvIn0sIndlYl9jb3Vyc2VyZWNvcmRfYWRkIjp7ImlkIjo0MywidGl0bGUiOiJcdTZkZmJcdTUyYTBcdTRlMGFcdThiZmVcdThiYjBcdTVmNTUiLCJ1cmwiOiIvc3Rhcmsvd2ViL2NvdXJzZXJlY29yZC9hZGQvKD9QPGNsYXNzX2lkPlxcZCspLyIsInBpZCI6MTgsInBfdGl0bGUiOiJcdTczZWRcdTdlYTdcdTUyMTdcdTg4NjgiLCJwX3VybCI6Ii9zdGFyay93ZWIvY2xhc3NsaXN0L2xpc3QvIn0sIndlYl9jb3Vyc2VyZWNvcmRfY2hhbmdlIjp7ImlkIjo0NCwidGl0bGUiOiJcdTRmZWVcdTY1MzlcdTRlMGFcdThiZmVcdThiYjBcdTVmNTUiLCJ1cmwiOiIvc3Rhcmsvd2ViL2NvdXJzZXJlY29yZC9jaGFuZ2UvKD9QPGNsYXNzX2lkPlxcZCspLyg/UDxwaz5cXGQrKS8iLCJwaWQiOjE4LCJwX3RpdGxlIjoiXHU3M2VkXHU3ZWE3XHU1MjE3XHU4ODY4IiwicF91cmwiOiIvc3Rhcmsvd2ViL2NsYXNzbGlzdC9saXN0LyJ9LCJ3ZWJfY291cnNlcmVjb3JkX2RlbGV0ZSI6eyJpZCI6NDUsInRpdGxlIjoiXHU1MjIwXHU5NjY0XHU0ZTBhXHU4YmZlXHU4YmIwXHU1ZjU1IiwidXJsIjoiL3N0YXJrL3dlYi9jb3Vyc2VyZWNvcmQvZGVsZXRlLyg/UDxjbGFzc19pZD5cXGQrKS8oP1A8cGs+XFxkKykvIiwicGlkIjoxOCwicF90aXRsZSI6Ilx1NzNlZFx1N2VhN1x1NTIxN1x1ODg2OCIsInBfdXJsIjoiL3N0YXJrL3dlYi9jbGFzc2xpc3QvbGlzdC8ifSwid2ViX2NvdXJzZXJlY29yZF9hdHRlbmRhbmNlIjp7ImlkIjo0NiwidGl0bGUiOiJcdTgwMDNcdTUyZTRcdTdiYTFcdTc0MDYiLCJ1cmwiOiIvc3Rhcmsvd2ViL2NvdXJzZXJlY29yZC9hdHRlbmRhbmNlLyg/UDxjb3Vyc2VfcmVjb3JkX2lkPlxcZCspLyIsInBpZCI6MTgsInBfdGl0bGUiOiJcdTczZWRcdTdlYTdcdTUyMTdcdTg4NjgiLCJwX3VybCI6Ii9zdGFyay93ZWIvY2xhc3NsaXN0L2xpc3QvIn0sInJiYWM6cm9sZV9hZGQiOnsiaWQiOjQ4LCJ0aXRsZSI6Ilx1NmRmYlx1NTJhMFx1ODlkMlx1ODI3MiIsInVybCI6Ii9yYmFjL3JvbGUvYWRkLyIsInBpZCI6NDcsInBfdGl0bGUiOiJcdTg5ZDJcdTgyNzJcdTUyMTdcdTg4NjgiLCJwX3VybCI6Ii9yYmFjL3JvbGUvbGlzdC8ifSwicmJhYzpyb2xlX2VkaXQiOnsiaWQiOjQ5LCJ0aXRsZSI6Ilx1NGZlZVx1NjUzOVx1ODlkMlx1ODI3MiIsInVybCI6Ii9yYmFjL3JvbGUvZWRpdC8oP1A8cGs+XFxkKykvIiwicGlkIjo0NywicF90aXRsZSI6Ilx1ODlkMlx1ODI3Mlx1NTIxN1x1ODg2OCIsInBfdXJsIjoiL3JiYWMvcm9sZS9saXN0LyJ9LCJyYmFjOnJvbGVfZGVsIjp7ImlkIjo1MCwidGl0bGUiOiJcdTUyMjBcdTk2NjRcdTg5ZDJcdTgyNzIiLCJ1cmwiOiIvcmJhYy9yb2xlL2RlbC8oP1A8cGs+XFxkKykvIiwicGlkIjo0NywicF90aXRsZSI6Ilx1ODlkMlx1ODI3Mlx1NTIxN1x1ODg2OCIsInBfdXJsIjoiL3JiYWMvcm9sZS9saXN0LyJ9LCJyYmFjOm1lbnVfYWRkIjp7ImlkIjo1MiwidGl0bGUiOiJcdTZkZmJcdTUyYTBcdTgzZGNcdTUzNTUiLCJ1cmwiOiIvcmJhYy9tZW51L2FkZC8iLCJwaWQiOjUxLCJwX3RpdGxlIjoiXHU4M2RjXHU1MzU1XHU1MjE3XHU4ODY4IiwicF91cmwiOiIvcmJhYy9tZW51L2xpc3QvIn0sInJiYWM6bWVudV9lZGl0Ijp7ImlkIjo1MywidGl0bGUiOiJcdTRmZWVcdTY1MzlcdTgzZGNcdTUzNTUiLCJ1cmwiOiIvcmJhYy9tZW51L2VkaXQvKD9QPHBrPlxcZCspLyIsInBpZCI6NTEsInBfdGl0bGUiOiJcdTgzZGNcdTUzNTVcdTUyMTdcdTg4NjgiLCJwX3VybCI6Ii9yYmFjL21lbnUvbGlzdC8ifSwicmJhYzptZW51X2RlbCI6eyJpZCI6NTQsInRpdGxlIjoiXHU1MjIwXHU5NjY0XHU4M2RjXHU1MzU1IiwidXJsIjoiL3JiYWMvbWVudS9kZWwvKD9QPHBrPlxcZCspLyIsInBpZCI6NTEsInBfdGl0bGUiOiJcdTgzZGNcdTUzNTVcdTUyMTdcdTg4NjgiLCJwX3VybCI6Ii9yYmFjL21lbnUvbGlzdC8ifSwicmJhYzpzZWNvbmRfbWVudV9hZGQiOnsiaWQiOjU1LCJ0aXRsZSI6Ilx1NmRmYlx1NTJhMFx1NGU4Y1x1N2VhN1x1ODNkY1x1NTM1NSIsInVybCI6Ii9yYmFjL3NlY29uZC9tZW51L2FkZC8oP1A8bWVudV9pZD5cXGQrKS8iLCJwaWQiOjUxLCJwX3RpdGxlIjoiXHU4M2RjXHU1MzU1XHU1MjE3XHU4ODY4IiwicF91cmwiOiIvcmJhYy9tZW51L2xpc3QvIn0sInJiYWM6c2Vjb25kX21lbnVfZWRpdCI6eyJpZCI6NTYsInRpdGxlIjoiXHU0ZmVlXHU2NTM5XHU0ZThjXHU3ZWE3XHU4M2RjXHU1MzU1IiwidXJsIjoiL3JiYWMvc2Vjb25kL21lbnUvZWRpdC8oP1A8cGs+XFxkKykvIiwicGlkIjo1MSwicF90aXRsZSI6Ilx1ODNkY1x1NTM1NVx1NTIxN1x1ODg2OCIsInBfdXJsIjoiL3JiYWMvbWVudS9saXN0LyJ9LCJyYmFjOnNlY29uZF9tZW51X2RlbCI6eyJpZCI6NTcsInRpdGxlIjoiXHU1MjIwXHU5NjY0XHU0ZThjXHU3ZWE3XHU4M2RjXHU1MzU1IiwidXJsIjoiL3JiYWMvc2Vjb25kL21lbnUvZGVsLyg/UDxwaz5cXGQrKS8iLCJwaWQiOjUxLCJwX3RpdGxlIjoiXHU4M2RjXHU1MzU1XHU1MjE3XHU4ODY4IiwicF91cmwiOiIvcmJhYy9tZW51L2xpc3QvIn0sInJiYWM6cGVybWlzc2lvbl9hZGQiOnsiaWQiOjU4LCJ0aXRsZSI6Ilx1NmRmYlx1NTJhMFx1Njc0M1x1OTY1MCIsInVybCI6Ii9yYmFjL3Blcm1pc3Npb24vYWRkLyg/UDxzZWNvbmRfbWVudV9pZD5cXGQrKS8iLCJwaWQiOjUxLCJwX3RpdGxlIjoiXHU4M2RjXHU1MzU1XHU1MjE3XHU4ODY4IiwicF91cmwiOiIvcmJhYy9tZW51L2xpc3QvIn0sInJiYWM6cGVybWlzc2lvbl9lZGl0Ijp7ImlkIjo1OSwidGl0bGUiOiJcdTRmZWVcdTY1MzlcdTY3NDNcdTk2NTAiLCJ1cmwiOiIvcmJhYy9wZXJtaXNzaW9uL2VkaXQvKD9QPHBrPlxcZCspLyIsInBpZCI6NTEsInBfdGl0bGUiOiJcdTgzZGNcdTUzNTVcdTUyMTdcdTg4NjgiLCJwX3VybCI6Ii9yYmFjL21lbnUvbGlzdC8ifSwicmJhYzpwZXJtaXNzaW9uX2RlbCI6eyJpZCI6NjAsInRpdGxlIjoiXHU1MjIwXHU5NjY0XHU2NzQzXHU5NjUwIiwidXJsIjoiL3JiYWMvcGVybWlzc2lvbi9kZWwvKD9QPHBrPlxcZCspLyIsInBpZCI6NTEsInBfdGl0bGUiOiJcdTgzZGNcdTUzNTVcdTUyMTdcdTg4NjgiLCJwX3VybCI6Ii9yYmFjL21lbnUvbGlzdC8ifSwicmJhYzptdWx0aV9wZXJtaXNzaW9ucyI6eyJpZCI6NjEsInRpdGxlIjoiXHU2Mjc5XHU5MWNmXHU2NGNkXHU0ZjVjXHU2NzQzXHU5NjUwIiwidXJsIjoiL3JiYWMvbXVsdGkvcGVybWlzc2lvbnMvIiwicGlkIjo1MSwicF90aXRsZSI6Ilx1ODNkY1x1NTM1NVx1NTIxN1x1ODg2OCIsInBfdXJsIjoiL3JiYWMvbWVudS9saXN0LyJ9LCJyYmFjOm11bHRpX3Blcm1pc3Npb25zX2RlbCI6eyJpZCI6NjIsInRpdGxlIjoiXHU2Mjc5XHU5MWNmXHU1MjIwXHU5NjY0XHU2NzQzXHU5NjUwIiwidXJsIjoiL3JiYWMvbXVsdGkvcGVybWlzc2lvbnMvZGVsLyg/UDxwaz5cXGQrKS8iLCJwaWQiOjUxLCJwX3RpdGxlIjoiXHU4M2RjXHU1MzU1XHU1MjE3XHU4ODY4IiwicF91cmwiOiIvcmJhYy9tZW51L2xpc3QvIn19LCJ1c2VyX2luZm8iOnsiaWQiOjEwLCJuaWNrbmFtZSI6Ilx1NWYyMFx1NTc2NCJ9fQ==', '2019-12-23 09:54:39.150925');
INSERT INTO `django_session` VALUES ('ts5h27t0949t2vjhgtxxjyhpq2q006hc', 'OGZmNmU4YTUyZWFlNDlkZDI4MGNhMWExNGE1MDViZTBlYzllZmVkMzp7ImNvbXBhbnlfbWVudV9saXN0X2tleSI6eyIxIjp7InRpdGxlIjoiXHU0ZjAxXHU0ZTFhXHU3YmExXHU3NDA2IiwiaWNvbiI6ImZhIGZhLWN1YmVzIiwiY2hpbGRyZW4iOlt7ImlkIjoxLCJ0aXRsZSI6Ilx1NjgyMVx1NTMzYVx1NTIxN1x1ODg2OCIsInVybCI6Ii9zdGFyay93ZWIvc2Nob29sL2xpc3QvIn0seyJpZCI6NSwidGl0bGUiOiJcdTkwZThcdTk1ZThcdTUyMTdcdTg4NjgiLCJ1cmwiOiIvc3Rhcmsvd2ViL2RlcGFydG1lbnQvbGlzdC8ifSx7ImlkIjoxNCwidGl0bGUiOiJcdThiZmVcdTdhMGJcdTUyMTdcdTg4NjgiLCJ1cmwiOiIvc3Rhcmsvd2ViL2NvdXJzZS9saXN0LyJ9LHsiaWQiOjE4LCJ0aXRsZSI6Ilx1NzNlZFx1N2VhN1x1NTIxN1x1ODg2OCIsInVybCI6Ii9zdGFyay93ZWIvY2xhc3NsaXN0L2xpc3QvIn1dfSwiMiI6eyJ0aXRsZSI6Ilx1OTYzZlx1NjVhZlx1OTg3Zlx1NTNkMVx1OTAwMVx1NTIzMFx1NTNkMSIsImljb24iOiJmYSBmYS1jdWJlcyIsImNoaWxkcmVuIjpbeyJpZCI6MjIsInRpdGxlIjoiXHU1MTZjXHU2MjM3XHU1MjE3XHU4ODY4IiwidXJsIjoiL3N0YXJrL3dlYi9jdXN0b21lci9wdWIvbGlzdC8ifSx7ImlkIjoyNywidGl0bGUiOiJcdTc5YzFcdTYyMzdcdTUyMTdcdTg4NjgiLCJ1cmwiOiIvc3Rhcmsvd2ViL2N1c3RvbWVyL3ByaXYvbGlzdC8ifSx7ImlkIjozNywidGl0bGUiOiJcdTViYTFcdTY4MzhcdTdmMzRcdThkMzlcdThiYjBcdTVmNTUiLCJ1cmwiOiIvc3Rhcmsvd2ViL3BheW1lbnRyZWNvcmQvY2hlY2svbGlzdC8ifV19LCIzIjp7InRpdGxlIjoiXHU1YjY2XHU1NDU4XHU3YmExXHU3NDA2IiwiaWNvbiI6ImZhIGZhLXVzZXIiLCJjaGlsZHJlbiI6W3siaWQiOjM4LCJ0aXRsZSI6Ilx1NWI2Nlx1NzUxZlx1NTIxN1x1ODg2OCIsInVybCI6Ii9zdGFyay93ZWIvc3R1ZGVudC9saXN0LyJ9XX0sIjQiOnsidGl0bGUiOiJcdTY3NDNcdTk2NTBcdTdiYTFcdTc0MDYiLCJpY29uIjoiZmEgZmEtY3ViZXMiLCJjaGlsZHJlbiI6W3siaWQiOjksInRpdGxlIjoiXHU3NTI4XHU2MjM3XHU1MjE3XHU4ODY4IiwidXJsIjoiL3N0YXJrL3dlYi91c2VyaW5mby9saXN0LyJ9LHsiaWQiOjQ3LCJ0aXRsZSI6Ilx1ODlkMlx1ODI3Mlx1NTIxN1x1ODg2OCIsInVybCI6Ii9yYmFjL3JvbGUvbGlzdC8ifSx7ImlkIjo1MSwidGl0bGUiOiJcdTgzZGNcdTUzNTVcdTUyMTdcdTg4NjgiLCJ1cmwiOiIvcmJhYy9tZW51L2xpc3QvIn0seyJpZCI6NjMsInRpdGxlIjoiXHU1MjA2XHU5MTRkXHU2NzQzXHU5NjUwIiwidXJsIjoiL3JiYWMvZGlzdHJpYnV0ZS9wZXJtaXNzaW9ucy8ifV19fSwiY29tcGFueV9wZXJtaXNzaW9uX3VybF9saXN0X2tleSI6eyJ3ZWJfc2Nob29sX2xpc3QiOnsiaWQiOjEsInRpdGxlIjoiXHU2ODIxXHU1MzNhXHU1MjE3XHU4ODY4IiwidXJsIjoiL3N0YXJrL3dlYi9zY2hvb2wvbGlzdC8iLCJwaWQiOm51bGwsInBfdGl0bGUiOm51bGwsInBfdXJsIjpudWxsfSwid2ViX2RlcGFydG1lbnRfbGlzdCI6eyJpZCI6NSwidGl0bGUiOiJcdTkwZThcdTk1ZThcdTUyMTdcdTg4NjgiLCJ1cmwiOiIvc3Rhcmsvd2ViL2RlcGFydG1lbnQvbGlzdC8iLCJwaWQiOm51bGwsInBfdGl0bGUiOm51bGwsInBfdXJsIjpudWxsfSwid2ViX2NvdXJzZV9saXN0Ijp7ImlkIjoxNCwidGl0bGUiOiJcdThiZmVcdTdhMGJcdTUyMTdcdTg4NjgiLCJ1cmwiOiIvc3Rhcmsvd2ViL2NvdXJzZS9saXN0LyIsInBpZCI6bnVsbCwicF90aXRsZSI6bnVsbCwicF91cmwiOm51bGx9LCJ3ZWJfY2xhc3NsaXN0X2xpc3QiOnsiaWQiOjE4LCJ0aXRsZSI6Ilx1NzNlZFx1N2VhN1x1NTIxN1x1ODg2OCIsInVybCI6Ii9zdGFyay93ZWIvY2xhc3NsaXN0L2xpc3QvIiwicGlkIjpudWxsLCJwX3RpdGxlIjpudWxsLCJwX3VybCI6bnVsbH0sIndlYl9jdXN0b21lcl9wdWJfbGlzdCI6eyJpZCI6MjIsInRpdGxlIjoiXHU1MTZjXHU2MjM3XHU1MjE3XHU4ODY4IiwidXJsIjoiL3N0YXJrL3dlYi9jdXN0b21lci9wdWIvbGlzdC8iLCJwaWQiOm51bGwsInBfdGl0bGUiOm51bGwsInBfdXJsIjpudWxsfSwid2ViX2N1c3RvbWVyX3ByaXZfbGlzdCI6eyJpZCI6MjcsInRpdGxlIjoiXHU3OWMxXHU2MjM3XHU1MjE3XHU4ODY4IiwidXJsIjoiL3N0YXJrL3dlYi9jdXN0b21lci9wcml2L2xpc3QvIiwicGlkIjpudWxsLCJwX3RpdGxlIjpudWxsLCJwX3VybCI6bnVsbH0sIndlYl9wYXltZW50cmVjb3JkX2NoZWNrX2xpc3QiOnsiaWQiOjM3LCJ0aXRsZSI6Ilx1NWJhMVx1NjgzOFx1N2YzNFx1OGQzOVx1OGJiMFx1NWY1NSIsInVybCI6Ii9zdGFyay93ZWIvcGF5bWVudHJlY29yZC9jaGVjay9saXN0LyIsInBpZCI6bnVsbCwicF90aXRsZSI6bnVsbCwicF91cmwiOm51bGx9LCJ3ZWJfc3R1ZGVudF9saXN0Ijp7ImlkIjozOCwidGl0bGUiOiJcdTViNjZcdTc1MWZcdTUyMTdcdTg4NjgiLCJ1cmwiOiIvc3Rhcmsvd2ViL3N0dWRlbnQvbGlzdC8iLCJwaWQiOm51bGwsInBfdGl0bGUiOm51bGwsInBfdXJsIjpudWxsfSwid2ViX3VzZXJpbmZvX2xpc3QiOnsiaWQiOjksInRpdGxlIjoiXHU3NTI4XHU2MjM3XHU1MjE3XHU4ODY4IiwidXJsIjoiL3N0YXJrL3dlYi91c2VyaW5mby9saXN0LyIsInBpZCI6bnVsbCwicF90aXRsZSI6bnVsbCwicF91cmwiOm51bGx9LCJyYmFjOnJvbGVfbGlzdCI6eyJpZCI6NDcsInRpdGxlIjoiXHU4OWQyXHU4MjcyXHU1MjE3XHU4ODY4IiwidXJsIjoiL3JiYWMvcm9sZS9saXN0LyIsInBpZCI6bnVsbCwicF90aXRsZSI6bnVsbCwicF91cmwiOm51bGx9LCJyYmFjOm1lbnVfbGlzdCI6eyJpZCI6NTEsInRpdGxlIjoiXHU4M2RjXHU1MzU1XHU1MjE3XHU4ODY4IiwidXJsIjoiL3JiYWMvbWVudS9saXN0LyIsInBpZCI6bnVsbCwicF90aXRsZSI6bnVsbCwicF91cmwiOm51bGx9LCJyYmFjOmRpc3RyaWJ1dGVfcGVybWlzc2lvbnMiOnsiaWQiOjYzLCJ0aXRsZSI6Ilx1NTIwNlx1OTE0ZFx1Njc0M1x1OTY1MCIsInVybCI6Ii9yYmFjL2Rpc3RyaWJ1dGUvcGVybWlzc2lvbnMvIiwicGlkIjpudWxsLCJwX3RpdGxlIjpudWxsLCJwX3VybCI6bnVsbH0sIndlYl9zY2hvb2xfYWRkIjp7ImlkIjoyLCJ0aXRsZSI6Ilx1NmRmYlx1NTJhMFx1NjgyMVx1NTMzYSIsInVybCI6Ii9zdGFyay93ZWIvc2Nob29sL2FkZC8iLCJwaWQiOjEsInBfdGl0bGUiOiJcdTY4MjFcdTUzM2FcdTUyMTdcdTg4NjgiLCJwX3VybCI6Ii9zdGFyay93ZWIvc2Nob29sL2xpc3QvIn0sIndlYl9zY2hvb2xfY2hhbmdlIjp7ImlkIjozLCJ0aXRsZSI6Ilx1NGZlZVx1NjUzOVx1NjgyMVx1NTMzYSIsInVybCI6Ii9zdGFyay93ZWIvc2Nob29sL2NoYW5nZS8oP1A8cGs+XFxkKykvIiwicGlkIjoxLCJwX3RpdGxlIjoiXHU2ODIxXHU1MzNhXHU1MjE3XHU4ODY4IiwicF91cmwiOiIvc3Rhcmsvd2ViL3NjaG9vbC9saXN0LyJ9LCJ3ZWJfc2Nob29sX2RlbGV0ZSI6eyJpZCI6NCwidGl0bGUiOiJcdTUyMjBcdTk2NjRcdTY4MjFcdTUzM2EiLCJ1cmwiOiIvc3Rhcmsvd2ViL3NjaG9vbC9kZWxldGUvKD9QPHBrPlxcZCspLyIsInBpZCI6MSwicF90aXRsZSI6Ilx1NjgyMVx1NTMzYVx1NTIxN1x1ODg2OCIsInBfdXJsIjoiL3N0YXJrL3dlYi9zY2hvb2wvbGlzdC8ifSwid2ViX2RlcGFydG1lbnRfYWRkIjp7ImlkIjo2LCJ0aXRsZSI6Ilx1NmRmYlx1NTJhMFx1OTBlOFx1OTVlOCIsInVybCI6Ii9zdGFyay93ZWIvZGVwYXJ0bWVudC9hZGQvIiwicGlkIjo1LCJwX3RpdGxlIjoiXHU5MGU4XHU5NWU4XHU1MjE3XHU4ODY4IiwicF91cmwiOiIvc3Rhcmsvd2ViL2RlcGFydG1lbnQvbGlzdC8ifSwid2ViX2RlcGFydG1lbnRfY2hhbmdlIjp7ImlkIjo3LCJ0aXRsZSI6Ilx1NGZlZVx1NjUzOVx1OTBlOFx1OTVlOCIsInVybCI6Ii9zdGFyay93ZWIvZGVwYXJ0bWVudC9jaGFuZ2UvKD9QPHBrPlxcZCspLyIsInBpZCI6NSwicF90aXRsZSI6Ilx1OTBlOFx1OTVlOFx1NTIxN1x1ODg2OCIsInBfdXJsIjoiL3N0YXJrL3dlYi9kZXBhcnRtZW50L2xpc3QvIn0sIndlYl9kZXBhcnRtZW50X2RlbGV0ZSI6eyJpZCI6OCwidGl0bGUiOiJcdTUyMjBcdTk2NjRcdTkwZThcdTk1ZTgiLCJ1cmwiOiIvc3Rhcmsvd2ViL2RlcGFydG1lbnQvZGVsZXRlLyg/UDxwaz5cXGQrKS8iLCJwaWQiOjUsInBfdGl0bGUiOiJcdTkwZThcdTk1ZThcdTUyMTdcdTg4NjgiLCJwX3VybCI6Ii9zdGFyay93ZWIvZGVwYXJ0bWVudC9saXN0LyJ9LCJ3ZWJfdXNlcmluZm9fYWRkIjp7ImlkIjoxMCwidGl0bGUiOiJcdTZkZmJcdTUyYTBcdTc1MjhcdTYyMzciLCJ1cmwiOiIvc3Rhcmsvd2ViL3VzZXJpbmZvL2FkZC8iLCJwaWQiOjksInBfdGl0bGUiOiJcdTc1MjhcdTYyMzdcdTUyMTdcdTg4NjgiLCJwX3VybCI6Ii9zdGFyay93ZWIvdXNlcmluZm8vbGlzdC8ifSwid2ViX3VzZXJpbmZvX2NoYW5nZSI6eyJpZCI6MTEsInRpdGxlIjoiXHU0ZmVlXHU2NTM5XHU3NTI4XHU2MjM3IiwidXJsIjoiL3N0YXJrL3dlYi91c2VyaW5mby9jaGFuZ2UvKD9QPHBrPlxcZCspLyIsInBpZCI6OSwicF90aXRsZSI6Ilx1NzUyOFx1NjIzN1x1NTIxN1x1ODg2OCIsInBfdXJsIjoiL3N0YXJrL3dlYi91c2VyaW5mby9saXN0LyJ9LCJ3ZWJfdXNlcmluZm9fZGVsZXRlIjp7ImlkIjoxMiwidGl0bGUiOiJcdTUyMjBcdTk2NjRcdTc1MjhcdTYyMzciLCJ1cmwiOiIvc3Rhcmsvd2ViL3VzZXJpbmZvL2RlbGV0ZS8oP1A8cGs+XFxkKykvIiwicGlkIjo5LCJwX3RpdGxlIjoiXHU3NTI4XHU2MjM3XHU1MjE3XHU4ODY4IiwicF91cmwiOiIvc3Rhcmsvd2ViL3VzZXJpbmZvL2xpc3QvIn0sIndlYl91c2VyaW5mb19yZXN0X3B3ZCI6eyJpZCI6MTMsInRpdGxlIjoiXHU5MWNkXHU3ZjZlXHU1YmM2XHU3ODAxIiwidXJsIjoiL3N0YXJrL3dlYi91c2VyaW5mby9yZXNldC9wYXNzd29yZC8oP1A8cGs+XFxkKykiLCJwaWQiOjksInBfdGl0bGUiOiJcdTc1MjhcdTYyMzdcdTUyMTdcdTg4NjgiLCJwX3VybCI6Ii9zdGFyay93ZWIvdXNlcmluZm8vbGlzdC8ifSwid2ViX2NvdXJzZV9hZGQiOnsiaWQiOjE1LCJ0aXRsZSI6Ilx1NmRmYlx1NTJhMFx1OGJmZVx1N2EwYiIsInVybCI6Ii9zdGFyay93ZWIvY291cnNlL2FkZC8iLCJwaWQiOjE0LCJwX3RpdGxlIjoiXHU4YmZlXHU3YTBiXHU1MjE3XHU4ODY4IiwicF91cmwiOiIvc3Rhcmsvd2ViL2NvdXJzZS9saXN0LyJ9LCJ3ZWJfY291cnNlX2NoYW5nZSI6eyJpZCI6MTYsInRpdGxlIjoiXHU0ZmVlXHU2NTM5XHU4YmZlXHU3YTBiIiwidXJsIjoiL3N0YXJrL3dlYi9jb3Vyc2UvY2hhbmdlLyg/UDxwaz5cXGQrKS8iLCJwaWQiOjE0LCJwX3RpdGxlIjoiXHU4YmZlXHU3YTBiXHU1MjE3XHU4ODY4IiwicF91cmwiOiIvc3Rhcmsvd2ViL2NvdXJzZS9saXN0LyJ9LCJ3ZWJfY291cnNlX2RlbGV0ZSI6eyJpZCI6MTcsInRpdGxlIjoiXHU1MjIwXHU5NjY0XHU4YmZlXHU3YTBiIiwidXJsIjoiL3N0YXJrL3dlYi9jb3Vyc2UvZGVsZXRlLyg/UDxwaz5cXGQrKS8iLCJwaWQiOjE0LCJwX3RpdGxlIjoiXHU4YmZlXHU3YTBiXHU1MjE3XHU4ODY4IiwicF91cmwiOiIvc3Rhcmsvd2ViL2NvdXJzZS9saXN0LyJ9LCJ3ZWJfY2xhc3NsaXN0X2FkZCI6eyJpZCI6MTksInRpdGxlIjoiXHU2ZGZiXHU1MmEwXHU3M2VkXHU3ZWE3IiwidXJsIjoiL3N0YXJrL3dlYi9jbGFzc2xpc3QvYWRkLyIsInBpZCI6MTgsInBfdGl0bGUiOiJcdTczZWRcdTdlYTdcdTUyMTdcdTg4NjgiLCJwX3VybCI6Ii9zdGFyay93ZWIvY2xhc3NsaXN0L2xpc3QvIn0sIndlYl9jbGFzc2xpc3RfY2hhbmdlIjp7ImlkIjoyMCwidGl0bGUiOiJcdTRmZWVcdTY1MzlcdTczZWRcdTdlYTciLCJ1cmwiOiIvc3Rhcmsvd2ViL2NsYXNzbGlzdC9jaGFuZ2UvKD9QPHBrPlxcZCspLyIsInBpZCI6MTgsInBfdGl0bGUiOiJcdTczZWRcdTdlYTdcdTUyMTdcdTg4NjgiLCJwX3VybCI6Ii9zdGFyay93ZWIvY2xhc3NsaXN0L2xpc3QvIn0sIndlYl9jbGFzc2xpc3RfZGVsZXRlIjp7ImlkIjoyMSwidGl0bGUiOiJcdTUyMjBcdTk2NjRcdTczZWRcdTdlYTciLCJ1cmwiOiIvc3Rhcmsvd2ViL2NsYXNzbGlzdC9kZWxldGUvKD9QPHBrPlxcZCspLyIsInBpZCI6MTgsInBfdGl0bGUiOiJcdTczZWRcdTdlYTdcdTUyMTdcdTg4NjgiLCJwX3VybCI6Ii9zdGFyay93ZWIvY2xhc3NsaXN0L2xpc3QvIn0sIndlYl9jdXN0b21lcl9wdWJfYWRkIjp7ImlkIjoyMywidGl0bGUiOiJcdTZkZmJcdTUyYTBcdTUxNmNcdTYyMzciLCJ1cmwiOiIvc3Rhcmsvd2ViL2N1c3RvbWVyL3B1Yi9hZGQvIiwicGlkIjoyMiwicF90aXRsZSI6Ilx1NTE2Y1x1NjIzN1x1NTIxN1x1ODg2OCIsInBfdXJsIjoiL3N0YXJrL3dlYi9jdXN0b21lci9wdWIvbGlzdC8ifSwid2ViX2N1c3RvbWVyX3B1Yl9jaGFuZ2UiOnsiaWQiOjI0LCJ0aXRsZSI6Ilx1NGZlZVx1NjUzOVx1NTE2Y1x1NjIzNyIsInVybCI6Ii9zdGFyay93ZWIvY3VzdG9tZXIvcHViL2NoYW5nZS8oP1A8cGs+XFxkKykvIiwicGlkIjoyMiwicF90aXRsZSI6Ilx1NTE2Y1x1NjIzN1x1NTIxN1x1ODg2OCIsInBfdXJsIjoiL3N0YXJrL3dlYi9jdXN0b21lci9wdWIvbGlzdC8ifSwid2ViX2N1c3RvbWVyX3B1Yl9kZWxldGUiOnsiaWQiOjI1LCJ0aXRsZSI6Ilx1NTIyMFx1OTY2NFx1NTE2Y1x1NjIzNyIsInVybCI6Ii9zdGFyay93ZWIvY3VzdG9tZXIvcHViL2RlbGV0ZS8oP1A8cGs+XFxkKykvIiwicGlkIjoyMiwicF90aXRsZSI6Ilx1NTE2Y1x1NjIzN1x1NTIxN1x1ODg2OCIsInBfdXJsIjoiL3N0YXJrL3dlYi9jdXN0b21lci9wdWIvbGlzdC8ifSwid2ViX2N1c3RvbWVyX3B1Yl9yZWNvcmRfdmlldyI6eyJpZCI6MjYsInRpdGxlIjoiXHU2N2U1XHU3NzBiXHU1MTZjXHU2MjM3XHU4ZGRmXHU4ZmRiXHU4YmIwXHU1ZjU1IiwidXJsIjoiL3N0YXJrL3dlYi9jdXN0b21lci9wdWIvcmVjb3JkLyg/UDxwaz5cXGQrKSIsInBpZCI6MjIsInBfdGl0bGUiOiJcdTUxNmNcdTYyMzdcdTUyMTdcdTg4NjgiLCJwX3VybCI6Ii9zdGFyay93ZWIvY3VzdG9tZXIvcHViL2xpc3QvIn0sIndlYl9jdXN0b21lcl9wcml2X2FkZCI6eyJpZCI6MjgsInRpdGxlIjoiXHU2ZGZiXHU1MmEwXHU2MjExXHU3Njg0XHU1YmEyXHU2MjM3IiwidXJsIjoiL3N0YXJrL3dlYi9jdXN0b21lci9wcml2L2FkZC8iLCJwaWQiOjI3LCJwX3RpdGxlIjoiXHU3OWMxXHU2MjM3XHU1MjE3XHU4ODY4IiwicF91cmwiOiIvc3Rhcmsvd2ViL2N1c3RvbWVyL3ByaXYvbGlzdC8ifSwid2ViX2N1c3RvbWVyX3ByaXZfY2hhbmdlIjp7ImlkIjoyOSwidGl0bGUiOiJcdTRmZWVcdTY1MzlcdTYyMTFcdTc2ODRcdTViYTJcdTYyMzciLCJ1cmwiOiIvc3Rhcmsvd2ViL2N1c3RvbWVyL3ByaXYvY2hhbmdlLyg/UDxwaz5cXGQrKS8iLCJwaWQiOjI3LCJwX3RpdGxlIjoiXHU3OWMxXHU2MjM3XHU1MjE3XHU4ODY4IiwicF91cmwiOiIvc3Rhcmsvd2ViL2N1c3RvbWVyL3ByaXYvbGlzdC8ifSwid2ViX2N1c3RvbWVyX3ByaXZfZGVsZXRlIjp7ImlkIjozMCwidGl0bGUiOiJcdTUyMjBcdTk2NjRcdTYyMTFcdTc2ODRcdTViYTJcdTYyMzciLCJ1cmwiOiIvc3Rhcmsvd2ViL2N1c3RvbWVyL3ByaXYvZGVsZXRlLyg/UDxwaz5cXGQrKS8iLCJwaWQiOjI3LCJwX3RpdGxlIjoiXHU3OWMxXHU2MjM3XHU1MjE3XHU4ODY4IiwicF91cmwiOiIvc3Rhcmsvd2ViL2N1c3RvbWVyL3ByaXYvbGlzdC8ifSwid2ViX2NvbnN1bHRyZWNvcmRfbGlzdCI6eyJpZCI6MzEsInRpdGxlIjoiXHU4ZGRmXHU4ZmRiXHU1MjE3XHU4ODY4IiwidXJsIjoiL3N0YXJrL3dlYi9jb25zdWx0cmVjb3JkL2xpc3QvKD9QPGN1c3RvbWVyX2lkPlxcZCspLyIsInBpZCI6MjcsInBfdGl0bGUiOiJcdTc5YzFcdTYyMzdcdTUyMTdcdTg4NjgiLCJwX3VybCI6Ii9zdGFyay93ZWIvY3VzdG9tZXIvcHJpdi9saXN0LyJ9LCJ3ZWJfY29uc3VsdHJlY29yZF9hZGQiOnsiaWQiOjMyLCJ0aXRsZSI6Ilx1NmRmYlx1NTJhMFx1OGRkZlx1OGZkYlx1OGJiMFx1NWY1NSIsInVybCI6Ii9zdGFyay93ZWIvY29uc3VsdHJlY29yZC9hZGQvKD9QPGN1c3RvbWVyX2lkPlxcZCspLyIsInBpZCI6MjcsInBfdGl0bGUiOiJcdTc5YzFcdTYyMzdcdTUyMTdcdTg4NjgiLCJwX3VybCI6Ii9zdGFyay93ZWIvY3VzdG9tZXIvcHJpdi9saXN0LyJ9LCJ3ZWJfY29uc3VsdHJlY29yZF9jaGFuZ2UiOnsiaWQiOjMzLCJ0aXRsZSI6Ilx1NGZlZVx1NjUzOVx1OGRkZlx1OGZkYlx1OGJiMFx1NWY1NSIsInVybCI6Ii9zdGFyay93ZWIvY29uc3VsdHJlY29yZC9jaGFuZ2UvKD9QPGN1c3RvbWVyX2lkPlxcZCspLyg/UDxwaz5cXGQrKS8iLCJwaWQiOjI3LCJwX3RpdGxlIjoiXHU3OWMxXHU2MjM3XHU1MjE3XHU4ODY4IiwicF91cmwiOiIvc3Rhcmsvd2ViL2N1c3RvbWVyL3ByaXYvbGlzdC8ifSwid2ViX2NvbnN1bHRyZWNvcmRfZGVsZXRlIjp7ImlkIjozNCwidGl0bGUiOiJcdTUyMjBcdTk2NjRcdThkZGZcdThmZGJcdThiYjBcdTVmNTUiLCJ1cmwiOiIvc3Rhcmsvd2ViL2NvbnN1bHRyZWNvcmQvZGVsZXRlLyg/UDxjdXN0b21lcl9pZD5cXGQrKS8oP1A8cGs+XFxkKykvIiwicGlkIjoyNywicF90aXRsZSI6Ilx1NzljMVx1NjIzN1x1NTIxN1x1ODg2OCIsInBfdXJsIjoiL3N0YXJrL3dlYi9jdXN0b21lci9wcml2L2xpc3QvIn0sIndlYl9wYXltZW50cmVjb3JkX2xpc3QiOnsiaWQiOjM1LCJ0aXRsZSI6Ilx1N2YzNFx1OGQzOVx1OGJiMFx1NWY1NVx1NTIxN1x1ODg2OCIsInVybCI6Ii9zdGFyay93ZWIvcGF5bWVudHJlY29yZC9saXN0Lyg/UDxjdXN0b21lcl9pZD5cXGQrKS8iLCJwaWQiOjI3LCJwX3RpdGxlIjoiXHU3OWMxXHU2MjM3XHU1MjE3XHU4ODY4IiwicF91cmwiOiIvc3Rhcmsvd2ViL2N1c3RvbWVyL3ByaXYvbGlzdC8ifSwid2ViX3BheW1lbnRyZWNvcmRfYWRkIjp7ImlkIjozNiwidGl0bGUiOiJcdTZkZmJcdTUyYTBcdTdmMzRcdThkMzlcdThiYjBcdTVmNTUiLCJ1cmwiOiIvc3Rhcmsvd2ViL3BheW1lbnRyZWNvcmQvYWRkLyg/UDxjdXN0b21lcl9pZD5cXGQrKS8iLCJwaWQiOjI3LCJwX3RpdGxlIjoiXHU3OWMxXHU2MjM3XHU1MjE3XHU4ODY4IiwicF91cmwiOiIvc3Rhcmsvd2ViL2N1c3RvbWVyL3ByaXYvbGlzdC8ifSwid2ViX3N0dWRlbnRfY2hhbmdlIjp7ImlkIjozOSwidGl0bGUiOiJcdTRmZWVcdTY1MzlcdTViNjZcdTc1MWZcdTRmZTFcdTYwNmYiLCJ1cmwiOiIvc3Rhcmsvd2ViL3N0dWRlbnQvY2hhbmdlLyg/UDxwaz5cXGQrKS8iLCJwaWQiOjM4LCJwX3RpdGxlIjoiXHU1YjY2XHU3NTFmXHU1MjE3XHU4ODY4IiwicF91cmwiOiIvc3Rhcmsvd2ViL3N0dWRlbnQvbGlzdC8ifSwid2ViX3Njb3JlcmVjb3JkX2xpc3QiOnsiaWQiOjQwLCJ0aXRsZSI6Ilx1NzllZlx1NTIwNlx1NTIxN1x1ODg2OCIsInVybCI6Ii9zdGFyay93ZWIvc2NvcmVyZWNvcmQvbGlzdC8oP1A8c3R1ZGVudF9pZD5cXGQrKS8iLCJwaWQiOjM4LCJwX3RpdGxlIjoiXHU1YjY2XHU3NTFmXHU1MjE3XHU4ODY4IiwicF91cmwiOiIvc3Rhcmsvd2ViL3N0dWRlbnQvbGlzdC8ifSwid2ViX3Njb3JlcmVjb3JkX2FkZCI6eyJpZCI6NDEsInRpdGxlIjoiXHU2ZGZiXHU1MmEwXHU3OWVmXHU1MjA2XHU4YmIwXHU1ZjU1IiwidXJsIjoiL3N0YXJrL3dlYi9zY29yZXJlY29yZC9hZGQvKD9QPHN0dWRlbnRfaWQ+XFxkKykvIiwicGlkIjozOCwicF90aXRsZSI6Ilx1NWI2Nlx1NzUxZlx1NTIxN1x1ODg2OCIsInBfdXJsIjoiL3N0YXJrL3dlYi9zdHVkZW50L2xpc3QvIn0sIndlYl9jb3Vyc2VyZWNvcmRfbGlzdCI6eyJpZCI6NDIsInRpdGxlIjoiXHU0ZTBhXHU4YmZlXHU4YmIwXHU1ZjU1XHU1MjE3XHU4ODY4IiwidXJsIjoiL3N0YXJrL3dlYi9jb3Vyc2VyZWNvcmQvbGlzdC8oP1A8Y2xhc3NfaWQ+XFxkKykvIiwicGlkIjoxOCwicF90aXRsZSI6Ilx1NzNlZFx1N2VhN1x1NTIxN1x1ODg2OCIsInBfdXJsIjoiL3N0YXJrL3dlYi9jbGFzc2xpc3QvbGlzdC8ifSwid2ViX2NvdXJzZXJlY29yZF9hZGQiOnsiaWQiOjQzLCJ0aXRsZSI6Ilx1NmRmYlx1NTJhMFx1NGUwYVx1OGJmZVx1OGJiMFx1NWY1NSIsInVybCI6Ii9zdGFyay93ZWIvY291cnNlcmVjb3JkL2FkZC8oP1A8Y2xhc3NfaWQ+XFxkKykvIiwicGlkIjoxOCwicF90aXRsZSI6Ilx1NzNlZFx1N2VhN1x1NTIxN1x1ODg2OCIsInBfdXJsIjoiL3N0YXJrL3dlYi9jbGFzc2xpc3QvbGlzdC8ifSwid2ViX2NvdXJzZXJlY29yZF9jaGFuZ2UiOnsiaWQiOjQ0LCJ0aXRsZSI6Ilx1NGZlZVx1NjUzOVx1NGUwYVx1OGJmZVx1OGJiMFx1NWY1NSIsInVybCI6Ii9zdGFyay93ZWIvY291cnNlcmVjb3JkL2NoYW5nZS8oP1A8Y2xhc3NfaWQ+XFxkKykvKD9QPHBrPlxcZCspLyIsInBpZCI6MTgsInBfdGl0bGUiOiJcdTczZWRcdTdlYTdcdTUyMTdcdTg4NjgiLCJwX3VybCI6Ii9zdGFyay93ZWIvY2xhc3NsaXN0L2xpc3QvIn0sIndlYl9jb3Vyc2VyZWNvcmRfZGVsZXRlIjp7ImlkIjo0NSwidGl0bGUiOiJcdTUyMjBcdTk2NjRcdTRlMGFcdThiZmVcdThiYjBcdTVmNTUiLCJ1cmwiOiIvc3Rhcmsvd2ViL2NvdXJzZXJlY29yZC9kZWxldGUvKD9QPGNsYXNzX2lkPlxcZCspLyg/UDxwaz5cXGQrKS8iLCJwaWQiOjE4LCJwX3RpdGxlIjoiXHU3M2VkXHU3ZWE3XHU1MjE3XHU4ODY4IiwicF91cmwiOiIvc3Rhcmsvd2ViL2NsYXNzbGlzdC9saXN0LyJ9LCJ3ZWJfY291cnNlcmVjb3JkX2F0dGVuZGFuY2UiOnsiaWQiOjQ2LCJ0aXRsZSI6Ilx1ODAwM1x1NTJlNFx1N2JhMVx1NzQwNiIsInVybCI6Ii9zdGFyay93ZWIvY291cnNlcmVjb3JkL2F0dGVuZGFuY2UvKD9QPGNvdXJzZV9yZWNvcmRfaWQ+XFxkKykvIiwicGlkIjoxOCwicF90aXRsZSI6Ilx1NzNlZFx1N2VhN1x1NTIxN1x1ODg2OCIsInBfdXJsIjoiL3N0YXJrL3dlYi9jbGFzc2xpc3QvbGlzdC8ifSwicmJhYzpyb2xlX2FkZCI6eyJpZCI6NDgsInRpdGxlIjoiXHU2ZGZiXHU1MmEwXHU4OWQyXHU4MjcyIiwidXJsIjoiL3JiYWMvcm9sZS9hZGQvIiwicGlkIjo0NywicF90aXRsZSI6Ilx1ODlkMlx1ODI3Mlx1NTIxN1x1ODg2OCIsInBfdXJsIjoiL3JiYWMvcm9sZS9saXN0LyJ9LCJyYmFjOnJvbGVfZWRpdCI6eyJpZCI6NDksInRpdGxlIjoiXHU0ZmVlXHU2NTM5XHU4OWQyXHU4MjcyIiwidXJsIjoiL3JiYWMvcm9sZS9lZGl0Lyg/UDxwaz5cXGQrKS8iLCJwaWQiOjQ3LCJwX3RpdGxlIjoiXHU4OWQyXHU4MjcyXHU1MjE3XHU4ODY4IiwicF91cmwiOiIvcmJhYy9yb2xlL2xpc3QvIn0sInJiYWM6cm9sZV9kZWwiOnsiaWQiOjUwLCJ0aXRsZSI6Ilx1NTIyMFx1OTY2NFx1ODlkMlx1ODI3MiIsInVybCI6Ii9yYmFjL3JvbGUvZGVsLyg/UDxwaz5cXGQrKS8iLCJwaWQiOjQ3LCJwX3RpdGxlIjoiXHU4OWQyXHU4MjcyXHU1MjE3XHU4ODY4IiwicF91cmwiOiIvcmJhYy9yb2xlL2xpc3QvIn0sInJiYWM6bWVudV9hZGQiOnsiaWQiOjUyLCJ0aXRsZSI6Ilx1NmRmYlx1NTJhMFx1ODNkY1x1NTM1NSIsInVybCI6Ii9yYmFjL21lbnUvYWRkLyIsInBpZCI6NTEsInBfdGl0bGUiOiJcdTgzZGNcdTUzNTVcdTUyMTdcdTg4NjgiLCJwX3VybCI6Ii9yYmFjL21lbnUvbGlzdC8ifSwicmJhYzptZW51X2VkaXQiOnsiaWQiOjUzLCJ0aXRsZSI6Ilx1NGZlZVx1NjUzOVx1ODNkY1x1NTM1NSIsInVybCI6Ii9yYmFjL21lbnUvZWRpdC8oP1A8cGs+XFxkKykvIiwicGlkIjo1MSwicF90aXRsZSI6Ilx1ODNkY1x1NTM1NVx1NTIxN1x1ODg2OCIsInBfdXJsIjoiL3JiYWMvbWVudS9saXN0LyJ9LCJyYmFjOm1lbnVfZGVsIjp7ImlkIjo1NCwidGl0bGUiOiJcdTUyMjBcdTk2NjRcdTgzZGNcdTUzNTUiLCJ1cmwiOiIvcmJhYy9tZW51L2RlbC8oP1A8cGs+XFxkKykvIiwicGlkIjo1MSwicF90aXRsZSI6Ilx1ODNkY1x1NTM1NVx1NTIxN1x1ODg2OCIsInBfdXJsIjoiL3JiYWMvbWVudS9saXN0LyJ9LCJyYmFjOnNlY29uZF9tZW51X2FkZCI6eyJpZCI6NTUsInRpdGxlIjoiXHU2ZGZiXHU1MmEwXHU0ZThjXHU3ZWE3XHU4M2RjXHU1MzU1IiwidXJsIjoiL3JiYWMvc2Vjb25kL21lbnUvYWRkLyg/UDxtZW51X2lkPlxcZCspLyIsInBpZCI6NTEsInBfdGl0bGUiOiJcdTgzZGNcdTUzNTVcdTUyMTdcdTg4NjgiLCJwX3VybCI6Ii9yYmFjL21lbnUvbGlzdC8ifSwicmJhYzpzZWNvbmRfbWVudV9lZGl0Ijp7ImlkIjo1NiwidGl0bGUiOiJcdTRmZWVcdTY1MzlcdTRlOGNcdTdlYTdcdTgzZGNcdTUzNTUiLCJ1cmwiOiIvcmJhYy9zZWNvbmQvbWVudS9lZGl0Lyg/UDxwaz5cXGQrKS8iLCJwaWQiOjUxLCJwX3RpdGxlIjoiXHU4M2RjXHU1MzU1XHU1MjE3XHU4ODY4IiwicF91cmwiOiIvcmJhYy9tZW51L2xpc3QvIn0sInJiYWM6c2Vjb25kX21lbnVfZGVsIjp7ImlkIjo1NywidGl0bGUiOiJcdTUyMjBcdTk2NjRcdTRlOGNcdTdlYTdcdTgzZGNcdTUzNTUiLCJ1cmwiOiIvcmJhYy9zZWNvbmQvbWVudS9kZWwvKD9QPHBrPlxcZCspLyIsInBpZCI6NTEsInBfdGl0bGUiOiJcdTgzZGNcdTUzNTVcdTUyMTdcdTg4NjgiLCJwX3VybCI6Ii9yYmFjL21lbnUvbGlzdC8ifSwicmJhYzpwZXJtaXNzaW9uX2FkZCI6eyJpZCI6NTgsInRpdGxlIjoiXHU2ZGZiXHU1MmEwXHU2NzQzXHU5NjUwIiwidXJsIjoiL3JiYWMvcGVybWlzc2lvbi9hZGQvKD9QPHNlY29uZF9tZW51X2lkPlxcZCspLyIsInBpZCI6NTEsInBfdGl0bGUiOiJcdTgzZGNcdTUzNTVcdTUyMTdcdTg4NjgiLCJwX3VybCI6Ii9yYmFjL21lbnUvbGlzdC8ifSwicmJhYzpwZXJtaXNzaW9uX2VkaXQiOnsiaWQiOjU5LCJ0aXRsZSI6Ilx1NGZlZVx1NjUzOVx1Njc0M1x1OTY1MCIsInVybCI6Ii9yYmFjL3Blcm1pc3Npb24vZWRpdC8oP1A8cGs+XFxkKykvIiwicGlkIjo1MSwicF90aXRsZSI6Ilx1ODNkY1x1NTM1NVx1NTIxN1x1ODg2OCIsInBfdXJsIjoiL3JiYWMvbWVudS9saXN0LyJ9LCJyYmFjOnBlcm1pc3Npb25fZGVsIjp7ImlkIjo2MCwidGl0bGUiOiJcdTUyMjBcdTk2NjRcdTY3NDNcdTk2NTAiLCJ1cmwiOiIvcmJhYy9wZXJtaXNzaW9uL2RlbC8oP1A8cGs+XFxkKykvIiwicGlkIjo1MSwicF90aXRsZSI6Ilx1ODNkY1x1NTM1NVx1NTIxN1x1ODg2OCIsInBfdXJsIjoiL3JiYWMvbWVudS9saXN0LyJ9LCJyYmFjOm11bHRpX3Blcm1pc3Npb25zIjp7ImlkIjo2MSwidGl0bGUiOiJcdTYyNzlcdTkxY2ZcdTY0Y2RcdTRmNWNcdTY3NDNcdTk2NTAiLCJ1cmwiOiIvcmJhYy9tdWx0aS9wZXJtaXNzaW9ucy8iLCJwaWQiOjUxLCJwX3RpdGxlIjoiXHU4M2RjXHU1MzU1XHU1MjE3XHU4ODY4IiwicF91cmwiOiIvcmJhYy9tZW51L2xpc3QvIn0sInJiYWM6bXVsdGlfcGVybWlzc2lvbnNfZGVsIjp7ImlkIjo2MiwidGl0bGUiOiJcdTYyNzlcdTkxY2ZcdTUyMjBcdTk2NjRcdTY3NDNcdTk2NTAiLCJ1cmwiOiIvcmJhYy9tdWx0aS9wZXJtaXNzaW9ucy9kZWwvKD9QPHBrPlxcZCspLyIsInBpZCI6NTEsInBfdGl0bGUiOiJcdTgzZGNcdTUzNTVcdTUyMTdcdTg4NjgiLCJwX3VybCI6Ii9yYmFjL21lbnUvbGlzdC8ifX0sInVzZXJfaW5mbyI6eyJpZCI6MTAsIm5pY2tuYW1lIjoiXHU1ZjIwXHU1NzY0In19', '2019-12-12 17:14:00.899508');
INSERT INTO `django_session` VALUES ('tt1dixqd8k4mgah96kkpnezhhmv391za', 'OGZmNmU4YTUyZWFlNDlkZDI4MGNhMWExNGE1MDViZTBlYzllZmVkMzp7ImNvbXBhbnlfbWVudV9saXN0X2tleSI6eyIxIjp7InRpdGxlIjoiXHU0ZjAxXHU0ZTFhXHU3YmExXHU3NDA2IiwiaWNvbiI6ImZhIGZhLWN1YmVzIiwiY2hpbGRyZW4iOlt7ImlkIjoxLCJ0aXRsZSI6Ilx1NjgyMVx1NTMzYVx1NTIxN1x1ODg2OCIsInVybCI6Ii9zdGFyay93ZWIvc2Nob29sL2xpc3QvIn0seyJpZCI6NSwidGl0bGUiOiJcdTkwZThcdTk1ZThcdTUyMTdcdTg4NjgiLCJ1cmwiOiIvc3Rhcmsvd2ViL2RlcGFydG1lbnQvbGlzdC8ifSx7ImlkIjoxNCwidGl0bGUiOiJcdThiZmVcdTdhMGJcdTUyMTdcdTg4NjgiLCJ1cmwiOiIvc3Rhcmsvd2ViL2NvdXJzZS9saXN0LyJ9LHsiaWQiOjE4LCJ0aXRsZSI6Ilx1NzNlZFx1N2VhN1x1NTIxN1x1ODg2OCIsInVybCI6Ii9zdGFyay93ZWIvY2xhc3NsaXN0L2xpc3QvIn1dfSwiMiI6eyJ0aXRsZSI6Ilx1OTYzZlx1NjVhZlx1OTg3Zlx1NTNkMVx1OTAwMVx1NTIzMFx1NTNkMSIsImljb24iOiJmYSBmYS1jdWJlcyIsImNoaWxkcmVuIjpbeyJpZCI6MjIsInRpdGxlIjoiXHU1MTZjXHU2MjM3XHU1MjE3XHU4ODY4IiwidXJsIjoiL3N0YXJrL3dlYi9jdXN0b21lci9wdWIvbGlzdC8ifSx7ImlkIjoyNywidGl0bGUiOiJcdTc5YzFcdTYyMzdcdTUyMTdcdTg4NjgiLCJ1cmwiOiIvc3Rhcmsvd2ViL2N1c3RvbWVyL3ByaXYvbGlzdC8ifSx7ImlkIjozNywidGl0bGUiOiJcdTViYTFcdTY4MzhcdTdmMzRcdThkMzlcdThiYjBcdTVmNTUiLCJ1cmwiOiIvc3Rhcmsvd2ViL3BheW1lbnRyZWNvcmQvY2hlY2svbGlzdC8ifV19LCIzIjp7InRpdGxlIjoiXHU1YjY2XHU1NDU4XHU3YmExXHU3NDA2IiwiaWNvbiI6ImZhIGZhLXVzZXIiLCJjaGlsZHJlbiI6W3siaWQiOjM4LCJ0aXRsZSI6Ilx1NWI2Nlx1NzUxZlx1NTIxN1x1ODg2OCIsInVybCI6Ii9zdGFyay93ZWIvc3R1ZGVudC9saXN0LyJ9XX0sIjQiOnsidGl0bGUiOiJcdTY3NDNcdTk2NTBcdTdiYTFcdTc0MDYiLCJpY29uIjoiZmEgZmEtY3ViZXMiLCJjaGlsZHJlbiI6W3siaWQiOjksInRpdGxlIjoiXHU3NTI4XHU2MjM3XHU1MjE3XHU4ODY4IiwidXJsIjoiL3N0YXJrL3dlYi91c2VyaW5mby9saXN0LyJ9LHsiaWQiOjQ3LCJ0aXRsZSI6Ilx1ODlkMlx1ODI3Mlx1NTIxN1x1ODg2OCIsInVybCI6Ii9yYmFjL3JvbGUvbGlzdC8ifSx7ImlkIjo1MSwidGl0bGUiOiJcdTgzZGNcdTUzNTVcdTUyMTdcdTg4NjgiLCJ1cmwiOiIvcmJhYy9tZW51L2xpc3QvIn0seyJpZCI6NjMsInRpdGxlIjoiXHU1MjA2XHU5MTRkXHU2NzQzXHU5NjUwIiwidXJsIjoiL3JiYWMvZGlzdHJpYnV0ZS9wZXJtaXNzaW9ucy8ifV19fSwiY29tcGFueV9wZXJtaXNzaW9uX3VybF9saXN0X2tleSI6eyJ3ZWJfc2Nob29sX2xpc3QiOnsiaWQiOjEsInRpdGxlIjoiXHU2ODIxXHU1MzNhXHU1MjE3XHU4ODY4IiwidXJsIjoiL3N0YXJrL3dlYi9zY2hvb2wvbGlzdC8iLCJwaWQiOm51bGwsInBfdGl0bGUiOm51bGwsInBfdXJsIjpudWxsfSwid2ViX2RlcGFydG1lbnRfbGlzdCI6eyJpZCI6NSwidGl0bGUiOiJcdTkwZThcdTk1ZThcdTUyMTdcdTg4NjgiLCJ1cmwiOiIvc3Rhcmsvd2ViL2RlcGFydG1lbnQvbGlzdC8iLCJwaWQiOm51bGwsInBfdGl0bGUiOm51bGwsInBfdXJsIjpudWxsfSwid2ViX2NvdXJzZV9saXN0Ijp7ImlkIjoxNCwidGl0bGUiOiJcdThiZmVcdTdhMGJcdTUyMTdcdTg4NjgiLCJ1cmwiOiIvc3Rhcmsvd2ViL2NvdXJzZS9saXN0LyIsInBpZCI6bnVsbCwicF90aXRsZSI6bnVsbCwicF91cmwiOm51bGx9LCJ3ZWJfY2xhc3NsaXN0X2xpc3QiOnsiaWQiOjE4LCJ0aXRsZSI6Ilx1NzNlZFx1N2VhN1x1NTIxN1x1ODg2OCIsInVybCI6Ii9zdGFyay93ZWIvY2xhc3NsaXN0L2xpc3QvIiwicGlkIjpudWxsLCJwX3RpdGxlIjpudWxsLCJwX3VybCI6bnVsbH0sIndlYl9jdXN0b21lcl9wdWJfbGlzdCI6eyJpZCI6MjIsInRpdGxlIjoiXHU1MTZjXHU2MjM3XHU1MjE3XHU4ODY4IiwidXJsIjoiL3N0YXJrL3dlYi9jdXN0b21lci9wdWIvbGlzdC8iLCJwaWQiOm51bGwsInBfdGl0bGUiOm51bGwsInBfdXJsIjpudWxsfSwid2ViX2N1c3RvbWVyX3ByaXZfbGlzdCI6eyJpZCI6MjcsInRpdGxlIjoiXHU3OWMxXHU2MjM3XHU1MjE3XHU4ODY4IiwidXJsIjoiL3N0YXJrL3dlYi9jdXN0b21lci9wcml2L2xpc3QvIiwicGlkIjpudWxsLCJwX3RpdGxlIjpudWxsLCJwX3VybCI6bnVsbH0sIndlYl9wYXltZW50cmVjb3JkX2NoZWNrX2xpc3QiOnsiaWQiOjM3LCJ0aXRsZSI6Ilx1NWJhMVx1NjgzOFx1N2YzNFx1OGQzOVx1OGJiMFx1NWY1NSIsInVybCI6Ii9zdGFyay93ZWIvcGF5bWVudHJlY29yZC9jaGVjay9saXN0LyIsInBpZCI6bnVsbCwicF90aXRsZSI6bnVsbCwicF91cmwiOm51bGx9LCJ3ZWJfc3R1ZGVudF9saXN0Ijp7ImlkIjozOCwidGl0bGUiOiJcdTViNjZcdTc1MWZcdTUyMTdcdTg4NjgiLCJ1cmwiOiIvc3Rhcmsvd2ViL3N0dWRlbnQvbGlzdC8iLCJwaWQiOm51bGwsInBfdGl0bGUiOm51bGwsInBfdXJsIjpudWxsfSwid2ViX3VzZXJpbmZvX2xpc3QiOnsiaWQiOjksInRpdGxlIjoiXHU3NTI4XHU2MjM3XHU1MjE3XHU4ODY4IiwidXJsIjoiL3N0YXJrL3dlYi91c2VyaW5mby9saXN0LyIsInBpZCI6bnVsbCwicF90aXRsZSI6bnVsbCwicF91cmwiOm51bGx9LCJyYmFjOnJvbGVfbGlzdCI6eyJpZCI6NDcsInRpdGxlIjoiXHU4OWQyXHU4MjcyXHU1MjE3XHU4ODY4IiwidXJsIjoiL3JiYWMvcm9sZS9saXN0LyIsInBpZCI6bnVsbCwicF90aXRsZSI6bnVsbCwicF91cmwiOm51bGx9LCJyYmFjOm1lbnVfbGlzdCI6eyJpZCI6NTEsInRpdGxlIjoiXHU4M2RjXHU1MzU1XHU1MjE3XHU4ODY4IiwidXJsIjoiL3JiYWMvbWVudS9saXN0LyIsInBpZCI6bnVsbCwicF90aXRsZSI6bnVsbCwicF91cmwiOm51bGx9LCJyYmFjOmRpc3RyaWJ1dGVfcGVybWlzc2lvbnMiOnsiaWQiOjYzLCJ0aXRsZSI6Ilx1NTIwNlx1OTE0ZFx1Njc0M1x1OTY1MCIsInVybCI6Ii9yYmFjL2Rpc3RyaWJ1dGUvcGVybWlzc2lvbnMvIiwicGlkIjpudWxsLCJwX3RpdGxlIjpudWxsLCJwX3VybCI6bnVsbH0sIndlYl9zY2hvb2xfYWRkIjp7ImlkIjoyLCJ0aXRsZSI6Ilx1NmRmYlx1NTJhMFx1NjgyMVx1NTMzYSIsInVybCI6Ii9zdGFyay93ZWIvc2Nob29sL2FkZC8iLCJwaWQiOjEsInBfdGl0bGUiOiJcdTY4MjFcdTUzM2FcdTUyMTdcdTg4NjgiLCJwX3VybCI6Ii9zdGFyay93ZWIvc2Nob29sL2xpc3QvIn0sIndlYl9zY2hvb2xfY2hhbmdlIjp7ImlkIjozLCJ0aXRsZSI6Ilx1NGZlZVx1NjUzOVx1NjgyMVx1NTMzYSIsInVybCI6Ii9zdGFyay93ZWIvc2Nob29sL2NoYW5nZS8oP1A8cGs+XFxkKykvIiwicGlkIjoxLCJwX3RpdGxlIjoiXHU2ODIxXHU1MzNhXHU1MjE3XHU4ODY4IiwicF91cmwiOiIvc3Rhcmsvd2ViL3NjaG9vbC9saXN0LyJ9LCJ3ZWJfc2Nob29sX2RlbGV0ZSI6eyJpZCI6NCwidGl0bGUiOiJcdTUyMjBcdTk2NjRcdTY4MjFcdTUzM2EiLCJ1cmwiOiIvc3Rhcmsvd2ViL3NjaG9vbC9kZWxldGUvKD9QPHBrPlxcZCspLyIsInBpZCI6MSwicF90aXRsZSI6Ilx1NjgyMVx1NTMzYVx1NTIxN1x1ODg2OCIsInBfdXJsIjoiL3N0YXJrL3dlYi9zY2hvb2wvbGlzdC8ifSwid2ViX2RlcGFydG1lbnRfYWRkIjp7ImlkIjo2LCJ0aXRsZSI6Ilx1NmRmYlx1NTJhMFx1OTBlOFx1OTVlOCIsInVybCI6Ii9zdGFyay93ZWIvZGVwYXJ0bWVudC9hZGQvIiwicGlkIjo1LCJwX3RpdGxlIjoiXHU5MGU4XHU5NWU4XHU1MjE3XHU4ODY4IiwicF91cmwiOiIvc3Rhcmsvd2ViL2RlcGFydG1lbnQvbGlzdC8ifSwid2ViX2RlcGFydG1lbnRfY2hhbmdlIjp7ImlkIjo3LCJ0aXRsZSI6Ilx1NGZlZVx1NjUzOVx1OTBlOFx1OTVlOCIsInVybCI6Ii9zdGFyay93ZWIvZGVwYXJ0bWVudC9jaGFuZ2UvKD9QPHBrPlxcZCspLyIsInBpZCI6NSwicF90aXRsZSI6Ilx1OTBlOFx1OTVlOFx1NTIxN1x1ODg2OCIsInBfdXJsIjoiL3N0YXJrL3dlYi9kZXBhcnRtZW50L2xpc3QvIn0sIndlYl9kZXBhcnRtZW50X2RlbGV0ZSI6eyJpZCI6OCwidGl0bGUiOiJcdTUyMjBcdTk2NjRcdTkwZThcdTk1ZTgiLCJ1cmwiOiIvc3Rhcmsvd2ViL2RlcGFydG1lbnQvZGVsZXRlLyg/UDxwaz5cXGQrKS8iLCJwaWQiOjUsInBfdGl0bGUiOiJcdTkwZThcdTk1ZThcdTUyMTdcdTg4NjgiLCJwX3VybCI6Ii9zdGFyay93ZWIvZGVwYXJ0bWVudC9saXN0LyJ9LCJ3ZWJfdXNlcmluZm9fYWRkIjp7ImlkIjoxMCwidGl0bGUiOiJcdTZkZmJcdTUyYTBcdTc1MjhcdTYyMzciLCJ1cmwiOiIvc3Rhcmsvd2ViL3VzZXJpbmZvL2FkZC8iLCJwaWQiOjksInBfdGl0bGUiOiJcdTc1MjhcdTYyMzdcdTUyMTdcdTg4NjgiLCJwX3VybCI6Ii9zdGFyay93ZWIvdXNlcmluZm8vbGlzdC8ifSwid2ViX3VzZXJpbmZvX2NoYW5nZSI6eyJpZCI6MTEsInRpdGxlIjoiXHU0ZmVlXHU2NTM5XHU3NTI4XHU2MjM3IiwidXJsIjoiL3N0YXJrL3dlYi91c2VyaW5mby9jaGFuZ2UvKD9QPHBrPlxcZCspLyIsInBpZCI6OSwicF90aXRsZSI6Ilx1NzUyOFx1NjIzN1x1NTIxN1x1ODg2OCIsInBfdXJsIjoiL3N0YXJrL3dlYi91c2VyaW5mby9saXN0LyJ9LCJ3ZWJfdXNlcmluZm9fZGVsZXRlIjp7ImlkIjoxMiwidGl0bGUiOiJcdTUyMjBcdTk2NjRcdTc1MjhcdTYyMzciLCJ1cmwiOiIvc3Rhcmsvd2ViL3VzZXJpbmZvL2RlbGV0ZS8oP1A8cGs+XFxkKykvIiwicGlkIjo5LCJwX3RpdGxlIjoiXHU3NTI4XHU2MjM3XHU1MjE3XHU4ODY4IiwicF91cmwiOiIvc3Rhcmsvd2ViL3VzZXJpbmZvL2xpc3QvIn0sIndlYl91c2VyaW5mb19yZXN0X3B3ZCI6eyJpZCI6MTMsInRpdGxlIjoiXHU5MWNkXHU3ZjZlXHU1YmM2XHU3ODAxIiwidXJsIjoiL3N0YXJrL3dlYi91c2VyaW5mby9yZXNldC9wYXNzd29yZC8oP1A8cGs+XFxkKykiLCJwaWQiOjksInBfdGl0bGUiOiJcdTc1MjhcdTYyMzdcdTUyMTdcdTg4NjgiLCJwX3VybCI6Ii9zdGFyay93ZWIvdXNlcmluZm8vbGlzdC8ifSwid2ViX2NvdXJzZV9hZGQiOnsiaWQiOjE1LCJ0aXRsZSI6Ilx1NmRmYlx1NTJhMFx1OGJmZVx1N2EwYiIsInVybCI6Ii9zdGFyay93ZWIvY291cnNlL2FkZC8iLCJwaWQiOjE0LCJwX3RpdGxlIjoiXHU4YmZlXHU3YTBiXHU1MjE3XHU4ODY4IiwicF91cmwiOiIvc3Rhcmsvd2ViL2NvdXJzZS9saXN0LyJ9LCJ3ZWJfY291cnNlX2NoYW5nZSI6eyJpZCI6MTYsInRpdGxlIjoiXHU0ZmVlXHU2NTM5XHU4YmZlXHU3YTBiIiwidXJsIjoiL3N0YXJrL3dlYi9jb3Vyc2UvY2hhbmdlLyg/UDxwaz5cXGQrKS8iLCJwaWQiOjE0LCJwX3RpdGxlIjoiXHU4YmZlXHU3YTBiXHU1MjE3XHU4ODY4IiwicF91cmwiOiIvc3Rhcmsvd2ViL2NvdXJzZS9saXN0LyJ9LCJ3ZWJfY291cnNlX2RlbGV0ZSI6eyJpZCI6MTcsInRpdGxlIjoiXHU1MjIwXHU5NjY0XHU4YmZlXHU3YTBiIiwidXJsIjoiL3N0YXJrL3dlYi9jb3Vyc2UvZGVsZXRlLyg/UDxwaz5cXGQrKS8iLCJwaWQiOjE0LCJwX3RpdGxlIjoiXHU4YmZlXHU3YTBiXHU1MjE3XHU4ODY4IiwicF91cmwiOiIvc3Rhcmsvd2ViL2NvdXJzZS9saXN0LyJ9LCJ3ZWJfY2xhc3NsaXN0X2FkZCI6eyJpZCI6MTksInRpdGxlIjoiXHU2ZGZiXHU1MmEwXHU3M2VkXHU3ZWE3IiwidXJsIjoiL3N0YXJrL3dlYi9jbGFzc2xpc3QvYWRkLyIsInBpZCI6MTgsInBfdGl0bGUiOiJcdTczZWRcdTdlYTdcdTUyMTdcdTg4NjgiLCJwX3VybCI6Ii9zdGFyay93ZWIvY2xhc3NsaXN0L2xpc3QvIn0sIndlYl9jbGFzc2xpc3RfY2hhbmdlIjp7ImlkIjoyMCwidGl0bGUiOiJcdTRmZWVcdTY1MzlcdTczZWRcdTdlYTciLCJ1cmwiOiIvc3Rhcmsvd2ViL2NsYXNzbGlzdC9jaGFuZ2UvKD9QPHBrPlxcZCspLyIsInBpZCI6MTgsInBfdGl0bGUiOiJcdTczZWRcdTdlYTdcdTUyMTdcdTg4NjgiLCJwX3VybCI6Ii9zdGFyay93ZWIvY2xhc3NsaXN0L2xpc3QvIn0sIndlYl9jbGFzc2xpc3RfZGVsZXRlIjp7ImlkIjoyMSwidGl0bGUiOiJcdTUyMjBcdTk2NjRcdTczZWRcdTdlYTciLCJ1cmwiOiIvc3Rhcmsvd2ViL2NsYXNzbGlzdC9kZWxldGUvKD9QPHBrPlxcZCspLyIsInBpZCI6MTgsInBfdGl0bGUiOiJcdTczZWRcdTdlYTdcdTUyMTdcdTg4NjgiLCJwX3VybCI6Ii9zdGFyay93ZWIvY2xhc3NsaXN0L2xpc3QvIn0sIndlYl9jdXN0b21lcl9wdWJfYWRkIjp7ImlkIjoyMywidGl0bGUiOiJcdTZkZmJcdTUyYTBcdTUxNmNcdTYyMzciLCJ1cmwiOiIvc3Rhcmsvd2ViL2N1c3RvbWVyL3B1Yi9hZGQvIiwicGlkIjoyMiwicF90aXRsZSI6Ilx1NTE2Y1x1NjIzN1x1NTIxN1x1ODg2OCIsInBfdXJsIjoiL3N0YXJrL3dlYi9jdXN0b21lci9wdWIvbGlzdC8ifSwid2ViX2N1c3RvbWVyX3B1Yl9jaGFuZ2UiOnsiaWQiOjI0LCJ0aXRsZSI6Ilx1NGZlZVx1NjUzOVx1NTE2Y1x1NjIzNyIsInVybCI6Ii9zdGFyay93ZWIvY3VzdG9tZXIvcHViL2NoYW5nZS8oP1A8cGs+XFxkKykvIiwicGlkIjoyMiwicF90aXRsZSI6Ilx1NTE2Y1x1NjIzN1x1NTIxN1x1ODg2OCIsInBfdXJsIjoiL3N0YXJrL3dlYi9jdXN0b21lci9wdWIvbGlzdC8ifSwid2ViX2N1c3RvbWVyX3B1Yl9kZWxldGUiOnsiaWQiOjI1LCJ0aXRsZSI6Ilx1NTIyMFx1OTY2NFx1NTE2Y1x1NjIzNyIsInVybCI6Ii9zdGFyay93ZWIvY3VzdG9tZXIvcHViL2RlbGV0ZS8oP1A8cGs+XFxkKykvIiwicGlkIjoyMiwicF90aXRsZSI6Ilx1NTE2Y1x1NjIzN1x1NTIxN1x1ODg2OCIsInBfdXJsIjoiL3N0YXJrL3dlYi9jdXN0b21lci9wdWIvbGlzdC8ifSwid2ViX2N1c3RvbWVyX3B1Yl9yZWNvcmRfdmlldyI6eyJpZCI6MjYsInRpdGxlIjoiXHU2N2U1XHU3NzBiXHU1MTZjXHU2MjM3XHU4ZGRmXHU4ZmRiXHU4YmIwXHU1ZjU1IiwidXJsIjoiL3N0YXJrL3dlYi9jdXN0b21lci9wdWIvcmVjb3JkLyg/UDxwaz5cXGQrKSIsInBpZCI6MjIsInBfdGl0bGUiOiJcdTUxNmNcdTYyMzdcdTUyMTdcdTg4NjgiLCJwX3VybCI6Ii9zdGFyay93ZWIvY3VzdG9tZXIvcHViL2xpc3QvIn0sIndlYl9jdXN0b21lcl9wcml2X2FkZCI6eyJpZCI6MjgsInRpdGxlIjoiXHU2ZGZiXHU1MmEwXHU2MjExXHU3Njg0XHU1YmEyXHU2MjM3IiwidXJsIjoiL3N0YXJrL3dlYi9jdXN0b21lci9wcml2L2FkZC8iLCJwaWQiOjI3LCJwX3RpdGxlIjoiXHU3OWMxXHU2MjM3XHU1MjE3XHU4ODY4IiwicF91cmwiOiIvc3Rhcmsvd2ViL2N1c3RvbWVyL3ByaXYvbGlzdC8ifSwid2ViX2N1c3RvbWVyX3ByaXZfY2hhbmdlIjp7ImlkIjoyOSwidGl0bGUiOiJcdTRmZWVcdTY1MzlcdTYyMTFcdTc2ODRcdTViYTJcdTYyMzciLCJ1cmwiOiIvc3Rhcmsvd2ViL2N1c3RvbWVyL3ByaXYvY2hhbmdlLyg/UDxwaz5cXGQrKS8iLCJwaWQiOjI3LCJwX3RpdGxlIjoiXHU3OWMxXHU2MjM3XHU1MjE3XHU4ODY4IiwicF91cmwiOiIvc3Rhcmsvd2ViL2N1c3RvbWVyL3ByaXYvbGlzdC8ifSwid2ViX2N1c3RvbWVyX3ByaXZfZGVsZXRlIjp7ImlkIjozMCwidGl0bGUiOiJcdTUyMjBcdTk2NjRcdTYyMTFcdTc2ODRcdTViYTJcdTYyMzciLCJ1cmwiOiIvc3Rhcmsvd2ViL2N1c3RvbWVyL3ByaXYvZGVsZXRlLyg/UDxwaz5cXGQrKS8iLCJwaWQiOjI3LCJwX3RpdGxlIjoiXHU3OWMxXHU2MjM3XHU1MjE3XHU4ODY4IiwicF91cmwiOiIvc3Rhcmsvd2ViL2N1c3RvbWVyL3ByaXYvbGlzdC8ifSwid2ViX2NvbnN1bHRyZWNvcmRfbGlzdCI6eyJpZCI6MzEsInRpdGxlIjoiXHU4ZGRmXHU4ZmRiXHU1MjE3XHU4ODY4IiwidXJsIjoiL3N0YXJrL3dlYi9jb25zdWx0cmVjb3JkL2xpc3QvKD9QPGN1c3RvbWVyX2lkPlxcZCspLyIsInBpZCI6MjcsInBfdGl0bGUiOiJcdTc5YzFcdTYyMzdcdTUyMTdcdTg4NjgiLCJwX3VybCI6Ii9zdGFyay93ZWIvY3VzdG9tZXIvcHJpdi9saXN0LyJ9LCJ3ZWJfY29uc3VsdHJlY29yZF9hZGQiOnsiaWQiOjMyLCJ0aXRsZSI6Ilx1NmRmYlx1NTJhMFx1OGRkZlx1OGZkYlx1OGJiMFx1NWY1NSIsInVybCI6Ii9zdGFyay93ZWIvY29uc3VsdHJlY29yZC9hZGQvKD9QPGN1c3RvbWVyX2lkPlxcZCspLyIsInBpZCI6MjcsInBfdGl0bGUiOiJcdTc5YzFcdTYyMzdcdTUyMTdcdTg4NjgiLCJwX3VybCI6Ii9zdGFyay93ZWIvY3VzdG9tZXIvcHJpdi9saXN0LyJ9LCJ3ZWJfY29uc3VsdHJlY29yZF9jaGFuZ2UiOnsiaWQiOjMzLCJ0aXRsZSI6Ilx1NGZlZVx1NjUzOVx1OGRkZlx1OGZkYlx1OGJiMFx1NWY1NSIsInVybCI6Ii9zdGFyay93ZWIvY29uc3VsdHJlY29yZC9jaGFuZ2UvKD9QPGN1c3RvbWVyX2lkPlxcZCspLyg/UDxwaz5cXGQrKS8iLCJwaWQiOjI3LCJwX3RpdGxlIjoiXHU3OWMxXHU2MjM3XHU1MjE3XHU4ODY4IiwicF91cmwiOiIvc3Rhcmsvd2ViL2N1c3RvbWVyL3ByaXYvbGlzdC8ifSwid2ViX2NvbnN1bHRyZWNvcmRfZGVsZXRlIjp7ImlkIjozNCwidGl0bGUiOiJcdTUyMjBcdTk2NjRcdThkZGZcdThmZGJcdThiYjBcdTVmNTUiLCJ1cmwiOiIvc3Rhcmsvd2ViL2NvbnN1bHRyZWNvcmQvZGVsZXRlLyg/UDxjdXN0b21lcl9pZD5cXGQrKS8oP1A8cGs+XFxkKykvIiwicGlkIjoyNywicF90aXRsZSI6Ilx1NzljMVx1NjIzN1x1NTIxN1x1ODg2OCIsInBfdXJsIjoiL3N0YXJrL3dlYi9jdXN0b21lci9wcml2L2xpc3QvIn0sIndlYl9wYXltZW50cmVjb3JkX2xpc3QiOnsiaWQiOjM1LCJ0aXRsZSI6Ilx1N2YzNFx1OGQzOVx1OGJiMFx1NWY1NVx1NTIxN1x1ODg2OCIsInVybCI6Ii9zdGFyay93ZWIvcGF5bWVudHJlY29yZC9saXN0Lyg/UDxjdXN0b21lcl9pZD5cXGQrKS8iLCJwaWQiOjI3LCJwX3RpdGxlIjoiXHU3OWMxXHU2MjM3XHU1MjE3XHU4ODY4IiwicF91cmwiOiIvc3Rhcmsvd2ViL2N1c3RvbWVyL3ByaXYvbGlzdC8ifSwid2ViX3BheW1lbnRyZWNvcmRfYWRkIjp7ImlkIjozNiwidGl0bGUiOiJcdTZkZmJcdTUyYTBcdTdmMzRcdThkMzlcdThiYjBcdTVmNTUiLCJ1cmwiOiIvc3Rhcmsvd2ViL3BheW1lbnRyZWNvcmQvYWRkLyg/UDxjdXN0b21lcl9pZD5cXGQrKS8iLCJwaWQiOjI3LCJwX3RpdGxlIjoiXHU3OWMxXHU2MjM3XHU1MjE3XHU4ODY4IiwicF91cmwiOiIvc3Rhcmsvd2ViL2N1c3RvbWVyL3ByaXYvbGlzdC8ifSwid2ViX3N0dWRlbnRfY2hhbmdlIjp7ImlkIjozOSwidGl0bGUiOiJcdTRmZWVcdTY1MzlcdTViNjZcdTc1MWZcdTRmZTFcdTYwNmYiLCJ1cmwiOiIvc3Rhcmsvd2ViL3N0dWRlbnQvY2hhbmdlLyg/UDxwaz5cXGQrKS8iLCJwaWQiOjM4LCJwX3RpdGxlIjoiXHU1YjY2XHU3NTFmXHU1MjE3XHU4ODY4IiwicF91cmwiOiIvc3Rhcmsvd2ViL3N0dWRlbnQvbGlzdC8ifSwid2ViX3Njb3JlcmVjb3JkX2xpc3QiOnsiaWQiOjQwLCJ0aXRsZSI6Ilx1NzllZlx1NTIwNlx1NTIxN1x1ODg2OCIsInVybCI6Ii9zdGFyay93ZWIvc2NvcmVyZWNvcmQvbGlzdC8oP1A8c3R1ZGVudF9pZD5cXGQrKS8iLCJwaWQiOjM4LCJwX3RpdGxlIjoiXHU1YjY2XHU3NTFmXHU1MjE3XHU4ODY4IiwicF91cmwiOiIvc3Rhcmsvd2ViL3N0dWRlbnQvbGlzdC8ifSwid2ViX3Njb3JlcmVjb3JkX2FkZCI6eyJpZCI6NDEsInRpdGxlIjoiXHU2ZGZiXHU1MmEwXHU3OWVmXHU1MjA2XHU4YmIwXHU1ZjU1IiwidXJsIjoiL3N0YXJrL3dlYi9zY29yZXJlY29yZC9hZGQvKD9QPHN0dWRlbnRfaWQ+XFxkKykvIiwicGlkIjozOCwicF90aXRsZSI6Ilx1NWI2Nlx1NzUxZlx1NTIxN1x1ODg2OCIsInBfdXJsIjoiL3N0YXJrL3dlYi9zdHVkZW50L2xpc3QvIn0sIndlYl9jb3Vyc2VyZWNvcmRfbGlzdCI6eyJpZCI6NDIsInRpdGxlIjoiXHU0ZTBhXHU4YmZlXHU4YmIwXHU1ZjU1XHU1MjE3XHU4ODY4IiwidXJsIjoiL3N0YXJrL3dlYi9jb3Vyc2VyZWNvcmQvbGlzdC8oP1A8Y2xhc3NfaWQ+XFxkKykvIiwicGlkIjoxOCwicF90aXRsZSI6Ilx1NzNlZFx1N2VhN1x1NTIxN1x1ODg2OCIsInBfdXJsIjoiL3N0YXJrL3dlYi9jbGFzc2xpc3QvbGlzdC8ifSwid2ViX2NvdXJzZXJlY29yZF9hZGQiOnsiaWQiOjQzLCJ0aXRsZSI6Ilx1NmRmYlx1NTJhMFx1NGUwYVx1OGJmZVx1OGJiMFx1NWY1NSIsInVybCI6Ii9zdGFyay93ZWIvY291cnNlcmVjb3JkL2FkZC8oP1A8Y2xhc3NfaWQ+XFxkKykvIiwicGlkIjoxOCwicF90aXRsZSI6Ilx1NzNlZFx1N2VhN1x1NTIxN1x1ODg2OCIsInBfdXJsIjoiL3N0YXJrL3dlYi9jbGFzc2xpc3QvbGlzdC8ifSwid2ViX2NvdXJzZXJlY29yZF9jaGFuZ2UiOnsiaWQiOjQ0LCJ0aXRsZSI6Ilx1NGZlZVx1NjUzOVx1NGUwYVx1OGJmZVx1OGJiMFx1NWY1NSIsInVybCI6Ii9zdGFyay93ZWIvY291cnNlcmVjb3JkL2NoYW5nZS8oP1A8Y2xhc3NfaWQ+XFxkKykvKD9QPHBrPlxcZCspLyIsInBpZCI6MTgsInBfdGl0bGUiOiJcdTczZWRcdTdlYTdcdTUyMTdcdTg4NjgiLCJwX3VybCI6Ii9zdGFyay93ZWIvY2xhc3NsaXN0L2xpc3QvIn0sIndlYl9jb3Vyc2VyZWNvcmRfZGVsZXRlIjp7ImlkIjo0NSwidGl0bGUiOiJcdTUyMjBcdTk2NjRcdTRlMGFcdThiZmVcdThiYjBcdTVmNTUiLCJ1cmwiOiIvc3Rhcmsvd2ViL2NvdXJzZXJlY29yZC9kZWxldGUvKD9QPGNsYXNzX2lkPlxcZCspLyg/UDxwaz5cXGQrKS8iLCJwaWQiOjE4LCJwX3RpdGxlIjoiXHU3M2VkXHU3ZWE3XHU1MjE3XHU4ODY4IiwicF91cmwiOiIvc3Rhcmsvd2ViL2NsYXNzbGlzdC9saXN0LyJ9LCJ3ZWJfY291cnNlcmVjb3JkX2F0dGVuZGFuY2UiOnsiaWQiOjQ2LCJ0aXRsZSI6Ilx1ODAwM1x1NTJlNFx1N2JhMVx1NzQwNiIsInVybCI6Ii9zdGFyay93ZWIvY291cnNlcmVjb3JkL2F0dGVuZGFuY2UvKD9QPGNvdXJzZV9yZWNvcmRfaWQ+XFxkKykvIiwicGlkIjoxOCwicF90aXRsZSI6Ilx1NzNlZFx1N2VhN1x1NTIxN1x1ODg2OCIsInBfdXJsIjoiL3N0YXJrL3dlYi9jbGFzc2xpc3QvbGlzdC8ifSwicmJhYzpyb2xlX2FkZCI6eyJpZCI6NDgsInRpdGxlIjoiXHU2ZGZiXHU1MmEwXHU4OWQyXHU4MjcyIiwidXJsIjoiL3JiYWMvcm9sZS9hZGQvIiwicGlkIjo0NywicF90aXRsZSI6Ilx1ODlkMlx1ODI3Mlx1NTIxN1x1ODg2OCIsInBfdXJsIjoiL3JiYWMvcm9sZS9saXN0LyJ9LCJyYmFjOnJvbGVfZWRpdCI6eyJpZCI6NDksInRpdGxlIjoiXHU0ZmVlXHU2NTM5XHU4OWQyXHU4MjcyIiwidXJsIjoiL3JiYWMvcm9sZS9lZGl0Lyg/UDxwaz5cXGQrKS8iLCJwaWQiOjQ3LCJwX3RpdGxlIjoiXHU4OWQyXHU4MjcyXHU1MjE3XHU4ODY4IiwicF91cmwiOiIvcmJhYy9yb2xlL2xpc3QvIn0sInJiYWM6cm9sZV9kZWwiOnsiaWQiOjUwLCJ0aXRsZSI6Ilx1NTIyMFx1OTY2NFx1ODlkMlx1ODI3MiIsInVybCI6Ii9yYmFjL3JvbGUvZGVsLyg/UDxwaz5cXGQrKS8iLCJwaWQiOjQ3LCJwX3RpdGxlIjoiXHU4OWQyXHU4MjcyXHU1MjE3XHU4ODY4IiwicF91cmwiOiIvcmJhYy9yb2xlL2xpc3QvIn0sInJiYWM6bWVudV9hZGQiOnsiaWQiOjUyLCJ0aXRsZSI6Ilx1NmRmYlx1NTJhMFx1ODNkY1x1NTM1NSIsInVybCI6Ii9yYmFjL21lbnUvYWRkLyIsInBpZCI6NTEsInBfdGl0bGUiOiJcdTgzZGNcdTUzNTVcdTUyMTdcdTg4NjgiLCJwX3VybCI6Ii9yYmFjL21lbnUvbGlzdC8ifSwicmJhYzptZW51X2VkaXQiOnsiaWQiOjUzLCJ0aXRsZSI6Ilx1NGZlZVx1NjUzOVx1ODNkY1x1NTM1NSIsInVybCI6Ii9yYmFjL21lbnUvZWRpdC8oP1A8cGs+XFxkKykvIiwicGlkIjo1MSwicF90aXRsZSI6Ilx1ODNkY1x1NTM1NVx1NTIxN1x1ODg2OCIsInBfdXJsIjoiL3JiYWMvbWVudS9saXN0LyJ9LCJyYmFjOm1lbnVfZGVsIjp7ImlkIjo1NCwidGl0bGUiOiJcdTUyMjBcdTk2NjRcdTgzZGNcdTUzNTUiLCJ1cmwiOiIvcmJhYy9tZW51L2RlbC8oP1A8cGs+XFxkKykvIiwicGlkIjo1MSwicF90aXRsZSI6Ilx1ODNkY1x1NTM1NVx1NTIxN1x1ODg2OCIsInBfdXJsIjoiL3JiYWMvbWVudS9saXN0LyJ9LCJyYmFjOnNlY29uZF9tZW51X2FkZCI6eyJpZCI6NTUsInRpdGxlIjoiXHU2ZGZiXHU1MmEwXHU0ZThjXHU3ZWE3XHU4M2RjXHU1MzU1IiwidXJsIjoiL3JiYWMvc2Vjb25kL21lbnUvYWRkLyg/UDxtZW51X2lkPlxcZCspLyIsInBpZCI6NTEsInBfdGl0bGUiOiJcdTgzZGNcdTUzNTVcdTUyMTdcdTg4NjgiLCJwX3VybCI6Ii9yYmFjL21lbnUvbGlzdC8ifSwicmJhYzpzZWNvbmRfbWVudV9lZGl0Ijp7ImlkIjo1NiwidGl0bGUiOiJcdTRmZWVcdTY1MzlcdTRlOGNcdTdlYTdcdTgzZGNcdTUzNTUiLCJ1cmwiOiIvcmJhYy9zZWNvbmQvbWVudS9lZGl0Lyg/UDxwaz5cXGQrKS8iLCJwaWQiOjUxLCJwX3RpdGxlIjoiXHU4M2RjXHU1MzU1XHU1MjE3XHU4ODY4IiwicF91cmwiOiIvcmJhYy9tZW51L2xpc3QvIn0sInJiYWM6c2Vjb25kX21lbnVfZGVsIjp7ImlkIjo1NywidGl0bGUiOiJcdTUyMjBcdTk2NjRcdTRlOGNcdTdlYTdcdTgzZGNcdTUzNTUiLCJ1cmwiOiIvcmJhYy9zZWNvbmQvbWVudS9kZWwvKD9QPHBrPlxcZCspLyIsInBpZCI6NTEsInBfdGl0bGUiOiJcdTgzZGNcdTUzNTVcdTUyMTdcdTg4NjgiLCJwX3VybCI6Ii9yYmFjL21lbnUvbGlzdC8ifSwicmJhYzpwZXJtaXNzaW9uX2FkZCI6eyJpZCI6NTgsInRpdGxlIjoiXHU2ZGZiXHU1MmEwXHU2NzQzXHU5NjUwIiwidXJsIjoiL3JiYWMvcGVybWlzc2lvbi9hZGQvKD9QPHNlY29uZF9tZW51X2lkPlxcZCspLyIsInBpZCI6NTEsInBfdGl0bGUiOiJcdTgzZGNcdTUzNTVcdTUyMTdcdTg4NjgiLCJwX3VybCI6Ii9yYmFjL21lbnUvbGlzdC8ifSwicmJhYzpwZXJtaXNzaW9uX2VkaXQiOnsiaWQiOjU5LCJ0aXRsZSI6Ilx1NGZlZVx1NjUzOVx1Njc0M1x1OTY1MCIsInVybCI6Ii9yYmFjL3Blcm1pc3Npb24vZWRpdC8oP1A8cGs+XFxkKykvIiwicGlkIjo1MSwicF90aXRsZSI6Ilx1ODNkY1x1NTM1NVx1NTIxN1x1ODg2OCIsInBfdXJsIjoiL3JiYWMvbWVudS9saXN0LyJ9LCJyYmFjOnBlcm1pc3Npb25fZGVsIjp7ImlkIjo2MCwidGl0bGUiOiJcdTUyMjBcdTk2NjRcdTY3NDNcdTk2NTAiLCJ1cmwiOiIvcmJhYy9wZXJtaXNzaW9uL2RlbC8oP1A8cGs+XFxkKykvIiwicGlkIjo1MSwicF90aXRsZSI6Ilx1ODNkY1x1NTM1NVx1NTIxN1x1ODg2OCIsInBfdXJsIjoiL3JiYWMvbWVudS9saXN0LyJ9LCJyYmFjOm11bHRpX3Blcm1pc3Npb25zIjp7ImlkIjo2MSwidGl0bGUiOiJcdTYyNzlcdTkxY2ZcdTY0Y2RcdTRmNWNcdTY3NDNcdTk2NTAiLCJ1cmwiOiIvcmJhYy9tdWx0aS9wZXJtaXNzaW9ucy8iLCJwaWQiOjUxLCJwX3RpdGxlIjoiXHU4M2RjXHU1MzU1XHU1MjE3XHU4ODY4IiwicF91cmwiOiIvcmJhYy9tZW51L2xpc3QvIn0sInJiYWM6bXVsdGlfcGVybWlzc2lvbnNfZGVsIjp7ImlkIjo2MiwidGl0bGUiOiJcdTYyNzlcdTkxY2ZcdTUyMjBcdTk2NjRcdTY3NDNcdTk2NTAiLCJ1cmwiOiIvcmJhYy9tdWx0aS9wZXJtaXNzaW9ucy9kZWwvKD9QPHBrPlxcZCspLyIsInBpZCI6NTEsInBfdGl0bGUiOiJcdTgzZGNcdTUzNTVcdTUyMTdcdTg4NjgiLCJwX3VybCI6Ii9yYmFjL21lbnUvbGlzdC8ifX0sInVzZXJfaW5mbyI6eyJpZCI6MTAsIm5pY2tuYW1lIjoiXHU1ZjIwXHU1NzY0In19', '2019-12-12 17:24:55.458232');
INSERT INTO `django_session` VALUES ('ufw3a6o95d75av0za5hkwld4bkol11ga', 'NDc4ZGE4YWU4M2YxMGM4ZjcwYjE2MzI3MjdiMjNhYWJiNTc4MGUyYTp7ImNvbXBhbnlfbWVudV9saXN0X2tleSI6eyIxIjp7InRpdGxlIjoiXHU0ZjAxXHU0ZTFhXHU2NTcwXHU2MzZlIiwiaWNvbiI6ImZhIGZhLWJ1aWxkaW5nIiwic29ydCI6MSwiY2hpbGRyZW4iOlt7ImlkIjoxLCJ0aXRsZSI6Ilx1NGYwMVx1NGUxYVx1NTIxN1x1ODg2OCIsInVybCI6Ii9zdGFyay93ZWIvY29tcGFueS9saXN0LyJ9LHsiaWQiOjgwLCJ0aXRsZSI6Ilx1OGJjMVx1NGVmNlx1NGZlMVx1NjA2ZiIsInVybCI6Ii9zdGFyay93ZWIvY2FyZC9saXN0LyJ9XX0sIjYiOnsidGl0bGUiOiJcdTk5MTBcdTk5NmVcdTY1NzBcdTYzNmUiLCJpY29uIjoiZmEgZmEtY3V0bGVyeSIsInNvcnQiOjIsImNoaWxkcmVuIjpbeyJpZCI6NjUsInRpdGxlIjoiXHU5OTEwXHU5OTg2XHU1MjE3XHU4ODY4IiwidXJsIjoiL3N0YXJrL3dlYi9mb29kL2xpc3QvIn1dfSwiNCI6eyJ0aXRsZSI6Ilx1OTE0ZFx1N2Y2ZVx1N2JhMVx1NzQwNiIsImljb24iOiJmYSBmYS10d2l0Y2giLCJzb3J0Ijo5OSwiY2hpbGRyZW4iOlt7ImlkIjo5LCJ0aXRsZSI6Ilx1NzUyOFx1NjIzN1x1NTIxN1x1ODg2OCIsInVybCI6Ii9zdGFyay93ZWIvdXNlcmluZm8vbGlzdC8ifSx7ImlkIjo0NywidGl0bGUiOiJcdTg5ZDJcdTgyNzJcdTUyMTdcdTg4NjgiLCJ1cmwiOiIvcmJhYy9yb2xlL2xpc3QvIn0seyJpZCI6NTEsInRpdGxlIjoiXHU4M2RjXHU1MzU1XHU1MjE3XHU4ODY4IiwidXJsIjoiL3JiYWMvbWVudS9saXN0LyJ9LHsiaWQiOjYzLCJ0aXRsZSI6Ilx1NTIwNlx1OTE0ZFx1Njc0M1x1OTY1MCIsInVybCI6Ii9yYmFjL2Rpc3RyaWJ1dGUvcGVybWlzc2lvbnMvIn1dfX0sImNvbXBhbnlfcGVybWlzc2lvbl91cmxfbGlzdF9rZXkiOnsid2ViX2NvbXBhbnlfYWRkIjp7ImlkIjoyLCJ0aXRsZSI6Ilx1NmRmYlx1NTJhMFx1NGYwMVx1NGUxYSIsInVybCI6Ii9zdGFyay93ZWIvY29tcGFueS9hZGQvIiwicGlkIjoxLCJwX3RpdGxlIjoiXHU0ZjAxXHU0ZTFhXHU1MjE3XHU4ODY4IiwicF91cmwiOiIvc3Rhcmsvd2ViL2NvbXBhbnkvbGlzdC8ifSwid2ViX2NvbXBhbnlfY2hhbmdlIjp7ImlkIjozLCJ0aXRsZSI6Ilx1NGZlZVx1NjUzOVx1NGYwMVx1NGUxYSIsInVybCI6Ii9zdGFyay93ZWIvY29tcGFueS9jaGFuZ2UvKD9QPHBrPlxcZCspLyIsInBpZCI6MSwicF90aXRsZSI6Ilx1NGYwMVx1NGUxYVx1NTIxN1x1ODg2OCIsInBfdXJsIjoiL3N0YXJrL3dlYi9jb21wYW55L2xpc3QvIn0sIndlYl9jb21wYW55X2RlbGV0ZSI6eyJpZCI6NCwidGl0bGUiOiJcdTUyMjBcdTk2NjRcdTRmMDFcdTRlMWEiLCJ1cmwiOiIvc3Rhcmsvd2ViL2NvbXBhbnkvZGVsZXRlLyg/UDxwaz5cXGQrKS8iLCJwaWQiOjEsInBfdGl0bGUiOiJcdTRmMDFcdTRlMWFcdTUyMTdcdTg4NjgiLCJwX3VybCI6Ii9zdGFyay93ZWIvY29tcGFueS9saXN0LyJ9LCJ3ZWJfdXNlcmluZm9fYWRkIjp7ImlkIjoxMCwidGl0bGUiOiJcdTZkZmJcdTUyYTBcdTc1MjhcdTYyMzciLCJ1cmwiOiIvc3Rhcmsvd2ViL3VzZXJpbmZvL2FkZC8iLCJwaWQiOjksInBfdGl0bGUiOiJcdTc1MjhcdTYyMzdcdTUyMTdcdTg4NjgiLCJwX3VybCI6Ii9zdGFyay93ZWIvdXNlcmluZm8vbGlzdC8ifSwid2ViX3VzZXJpbmZvX2NoYW5nZSI6eyJpZCI6MTEsInRpdGxlIjoiXHU0ZmVlXHU2NTM5XHU3NTI4XHU2MjM3IiwidXJsIjoiL3N0YXJrL3dlYi91c2VyaW5mby9jaGFuZ2UvKD9QPHBrPlxcZCspLyIsInBpZCI6OSwicF90aXRsZSI6Ilx1NzUyOFx1NjIzN1x1NTIxN1x1ODg2OCIsInBfdXJsIjoiL3N0YXJrL3dlYi91c2VyaW5mby9saXN0LyJ9LCJ3ZWJfdXNlcmluZm9fZGVsZXRlIjp7ImlkIjoxMiwidGl0bGUiOiJcdTUyMjBcdTk2NjRcdTc1MjhcdTYyMzciLCJ1cmwiOiIvc3Rhcmsvd2ViL3VzZXJpbmZvL2RlbGV0ZS8oP1A8cGs+XFxkKykvIiwicGlkIjo5LCJwX3RpdGxlIjoiXHU3NTI4XHU2MjM3XHU1MjE3XHU4ODY4IiwicF91cmwiOiIvc3Rhcmsvd2ViL3VzZXJpbmZvL2xpc3QvIn0sIndlYl91c2VyaW5mb19yZXN0X3B3ZCI6eyJpZCI6MTMsInRpdGxlIjoiXHU5MWNkXHU3ZjZlXHU1YmM2XHU3ODAxIiwidXJsIjoiL3N0YXJrL3dlYi91c2VyaW5mby9yZXNldC9wYXNzd29yZC8oP1A8cGs+XFxkKykiLCJwaWQiOjksInBfdGl0bGUiOiJcdTc1MjhcdTYyMzdcdTUyMTdcdTg4NjgiLCJwX3VybCI6Ii9zdGFyay93ZWIvdXNlcmluZm8vbGlzdC8ifSwicmJhYzpyb2xlX2FkZCI6eyJpZCI6NDgsInRpdGxlIjoiXHU2ZGZiXHU1MmEwXHU4OWQyXHU4MjcyIiwidXJsIjoiL3JiYWMvcm9sZS9hZGQvIiwicGlkIjo0NywicF90aXRsZSI6Ilx1ODlkMlx1ODI3Mlx1NTIxN1x1ODg2OCIsInBfdXJsIjoiL3JiYWMvcm9sZS9saXN0LyJ9LCJyYmFjOnJvbGVfZWRpdCI6eyJpZCI6NDksInRpdGxlIjoiXHU0ZmVlXHU2NTM5XHU4OWQyXHU4MjcyIiwidXJsIjoiL3JiYWMvcm9sZS9lZGl0Lyg/UDxwaz5cXGQrKS8iLCJwaWQiOjQ3LCJwX3RpdGxlIjoiXHU4OWQyXHU4MjcyXHU1MjE3XHU4ODY4IiwicF91cmwiOiIvcmJhYy9yb2xlL2xpc3QvIn0sInJiYWM6cm9sZV9kZWwiOnsiaWQiOjUwLCJ0aXRsZSI6Ilx1NTIyMFx1OTY2NFx1ODlkMlx1ODI3MiIsInVybCI6Ii9yYmFjL3JvbGUvZGVsLyg/UDxwaz5cXGQrKS8iLCJwaWQiOjQ3LCJwX3RpdGxlIjoiXHU4OWQyXHU4MjcyXHU1MjE3XHU4ODY4IiwicF91cmwiOiIvcmJhYy9yb2xlL2xpc3QvIn0sInJiYWM6bWVudV9hZGQiOnsiaWQiOjUyLCJ0aXRsZSI6Ilx1NmRmYlx1NTJhMFx1ODNkY1x1NTM1NSIsInVybCI6Ii9yYmFjL21lbnUvYWRkLyIsInBpZCI6NTEsInBfdGl0bGUiOiJcdTgzZGNcdTUzNTVcdTUyMTdcdTg4NjgiLCJwX3VybCI6Ii9yYmFjL21lbnUvbGlzdC8ifSwicmJhYzptZW51X2VkaXQiOnsiaWQiOjUzLCJ0aXRsZSI6Ilx1NGZlZVx1NjUzOVx1ODNkY1x1NTM1NSIsInVybCI6Ii9yYmFjL21lbnUvZWRpdC8oP1A8cGs+XFxkKykvIiwicGlkIjo1MSwicF90aXRsZSI6Ilx1ODNkY1x1NTM1NVx1NTIxN1x1ODg2OCIsInBfdXJsIjoiL3JiYWMvbWVudS9saXN0LyJ9LCJyYmFjOm1lbnVfZGVsIjp7ImlkIjo1NCwidGl0bGUiOiJcdTUyMjBcdTk2NjRcdTgzZGNcdTUzNTUiLCJ1cmwiOiIvcmJhYy9tZW51L2RlbC8oP1A8cGs+XFxkKykvIiwicGlkIjo1MSwicF90aXRsZSI6Ilx1ODNkY1x1NTM1NVx1NTIxN1x1ODg2OCIsInBfdXJsIjoiL3JiYWMvbWVudS9saXN0LyJ9LCJyYmFjOnNlY29uZF9tZW51X2FkZCI6eyJpZCI6NTUsInRpdGxlIjoiXHU2ZGZiXHU1MmEwXHU0ZThjXHU3ZWE3XHU4M2RjXHU1MzU1IiwidXJsIjoiL3JiYWMvc2Vjb25kL21lbnUvYWRkLyg/UDxtZW51X2lkPlxcZCspLyIsInBpZCI6NTEsInBfdGl0bGUiOiJcdTgzZGNcdTUzNTVcdTUyMTdcdTg4NjgiLCJwX3VybCI6Ii9yYmFjL21lbnUvbGlzdC8ifSwicmJhYzpzZWNvbmRfbWVudV9lZGl0Ijp7ImlkIjo1NiwidGl0bGUiOiJcdTRmZWVcdTY1MzlcdTRlOGNcdTdlYTdcdTgzZGNcdTUzNTUiLCJ1cmwiOiIvcmJhYy9zZWNvbmQvbWVudS9lZGl0Lyg/UDxwaz5cXGQrKS8iLCJwaWQiOjUxLCJwX3RpdGxlIjoiXHU4M2RjXHU1MzU1XHU1MjE3XHU4ODY4IiwicF91cmwiOiIvcmJhYy9tZW51L2xpc3QvIn0sInJiYWM6c2Vjb25kX21lbnVfZGVsIjp7ImlkIjo1NywidGl0bGUiOiJcdTUyMjBcdTk2NjRcdTRlOGNcdTdlYTdcdTgzZGNcdTUzNTUiLCJ1cmwiOiIvcmJhYy9zZWNvbmQvbWVudS9kZWwvKD9QPHBrPlxcZCspLyIsInBpZCI6NTEsInBfdGl0bGUiOiJcdTgzZGNcdTUzNTVcdTUyMTdcdTg4NjgiLCJwX3VybCI6Ii9yYmFjL21lbnUvbGlzdC8ifSwicmJhYzpwZXJtaXNzaW9uX2FkZCI6eyJpZCI6NTgsInRpdGxlIjoiXHU2ZGZiXHU1MmEwXHU2NzQzXHU5NjUwIiwidXJsIjoiL3JiYWMvcGVybWlzc2lvbi9hZGQvKD9QPHNlY29uZF9tZW51X2lkPlxcZCspLyIsInBpZCI6NTEsInBfdGl0bGUiOiJcdTgzZGNcdTUzNTVcdTUyMTdcdTg4NjgiLCJwX3VybCI6Ii9yYmFjL21lbnUvbGlzdC8ifSwicmJhYzpwZXJtaXNzaW9uX2VkaXQiOnsiaWQiOjU5LCJ0aXRsZSI6Ilx1NGZlZVx1NjUzOVx1Njc0M1x1OTY1MCIsInVybCI6Ii9yYmFjL3Blcm1pc3Npb24vZWRpdC8oP1A8cGs+XFxkKykvIiwicGlkIjo1MSwicF90aXRsZSI6Ilx1ODNkY1x1NTM1NVx1NTIxN1x1ODg2OCIsInBfdXJsIjoiL3JiYWMvbWVudS9saXN0LyJ9LCJyYmFjOnBlcm1pc3Npb25fZGVsIjp7ImlkIjo2MCwidGl0bGUiOiJcdTUyMjBcdTk2NjRcdTY3NDNcdTk2NTAiLCJ1cmwiOiIvcmJhYy9wZXJtaXNzaW9uL2RlbC8oP1A8cGs+XFxkKykvIiwicGlkIjo1MSwicF90aXRsZSI6Ilx1ODNkY1x1NTM1NVx1NTIxN1x1ODg2OCIsInBfdXJsIjoiL3JiYWMvbWVudS9saXN0LyJ9LCJyYmFjOm11bHRpX3Blcm1pc3Npb25zIjp7ImlkIjo2MSwidGl0bGUiOiJcdTYyNzlcdTkxY2ZcdTY0Y2RcdTRmNWNcdTY3NDNcdTk2NTAiLCJ1cmwiOiIvcmJhYy9tdWx0aS9wZXJtaXNzaW9ucy8iLCJwaWQiOjUxLCJwX3RpdGxlIjoiXHU4M2RjXHU1MzU1XHU1MjE3XHU4ODY4IiwicF91cmwiOiIvcmJhYy9tZW51L2xpc3QvIn0sInJiYWM6bXVsdGlfcGVybWlzc2lvbnNfZGVsIjp7ImlkIjo2MiwidGl0bGUiOiJcdTYyNzlcdTkxY2ZcdTUyMjBcdTk2NjRcdTY3NDNcdTk2NTAiLCJ1cmwiOiIvcmJhYy9tdWx0aS9wZXJtaXNzaW9ucy9kZWwvKD9QPHBrPlxcZCspLyIsInBpZCI6NTEsInBfdGl0bGUiOiJcdTgzZGNcdTUzNTVcdTUyMTdcdTg4NjgiLCJwX3VybCI6Ii9yYmFjL21lbnUvbGlzdC8ifSwid2ViX2Zvb2RfYWRkIjp7ImlkIjo2NiwidGl0bGUiOiJcdTZkZmJcdTUyYTBcdTk5MTBcdTk5ODYiLCJ1cmwiOiIvc3Rhcmsvd2ViL2Zvb2QvYWRkLyIsInBpZCI6NjUsInBfdGl0bGUiOiJcdTk5MTBcdTk5ODZcdTUyMTdcdTg4NjgiLCJwX3VybCI6Ii9zdGFyay93ZWIvZm9vZC9saXN0LyJ9LCJ3ZWJfZm9vZF9jaGFuZ2UiOnsiaWQiOjY3LCJ0aXRsZSI6Ilx1NGZlZVx1NjUzOVx1OTkxMFx1OTk4NiIsInVybCI6Ii9zdGFyay93ZWIvZm9vZC9jaGFuZ2UvKD9QPHBrPlxcZCspLyIsInBpZCI6NjUsInBfdGl0bGUiOiJcdTk5MTBcdTk5ODZcdTUyMTdcdTg4NjgiLCJwX3VybCI6Ii9zdGFyay93ZWIvZm9vZC9saXN0LyJ9LCJ3ZWJfZm9vZF9kZWxldGUiOnsiaWQiOjY4LCJ0aXRsZSI6Ilx1NTIyMFx1OTY2NFx1OTkxMFx1OTk4NiIsInVybCI6Ii9zdGFyay93ZWIvZm9vZC9kZWxldGUvKD9QPHBrPlxcZCspLyIsInBpZCI6NjUsInBfdGl0bGUiOiJcdTk5MTBcdTk5ODZcdTUyMTdcdTg4NjgiLCJwX3VybCI6Ii9zdGFyay93ZWIvZm9vZC9saXN0LyJ9LCJ3ZWJfY2FyZF9hZGQiOnsiaWQiOjgxLCJ0aXRsZSI6Ilx1NjViMFx1NTg5ZVx1OGQ0NFx1OGQyOCIsInVybCI6Ii9zdGFyay93ZWIvY2FyZC9hZGQvIiwicGlkIjo4MCwicF90aXRsZSI6Ilx1OGJjMVx1NGVmNlx1NGZlMVx1NjA2ZiIsInBfdXJsIjoiL3N0YXJrL3dlYi9jYXJkL2xpc3QvIn0sIndlYl9jYXJkX2NoYW5nZSI6eyJpZCI6ODIsInRpdGxlIjoiXHU0ZmVlXHU2NTM5XHU4ZDQ0XHU4ZDI4IiwidXJsIjoiL3N0YXJrL3dlYi9jYXJkL2NoYW5nZS8oP1A8cGs+XFxkKykvIiwicGlkIjo4MCwicF90aXRsZSI6Ilx1OGJjMVx1NGVmNlx1NGZlMVx1NjA2ZiIsInBfdXJsIjoiL3N0YXJrL3dlYi9jYXJkL2xpc3QvIn0sIndlYl9jYXJkX2RlbGV0ZSI6eyJpZCI6ODMsInRpdGxlIjoiXHU1MjIwXHU5NjY0XHU4ZDQ0XHU4ZDI4IiwidXJsIjoiL3N0YXJrL3dlYi9jYXJkL2RlbGV0ZS8oP1A8cGs+XFxkKykvIiwicGlkIjo4MCwicF90aXRsZSI6Ilx1OGJjMVx1NGVmNlx1NGZlMVx1NjA2ZiIsInBfdXJsIjoiL3N0YXJrL3dlYi9jYXJkL2xpc3QvIn0sIndlYl9jb21wYW55X2xpc3QiOnsiaWQiOjEsInRpdGxlIjoiXHU0ZjAxXHU0ZTFhXHU1MjE3XHU4ODY4IiwidXJsIjoiL3N0YXJrL3dlYi9jb21wYW55L2xpc3QvIiwicGlkIjpudWxsLCJwX3RpdGxlIjpudWxsLCJwX3VybCI6bnVsbH0sIndlYl9jYXJkX2xpc3QiOnsiaWQiOjgwLCJ0aXRsZSI6Ilx1OGJjMVx1NGVmNlx1NGZlMVx1NjA2ZiIsInVybCI6Ii9zdGFyay93ZWIvY2FyZC9saXN0LyIsInBpZCI6bnVsbCwicF90aXRsZSI6bnVsbCwicF91cmwiOm51bGx9LCJ3ZWJfZm9vZF9saXN0Ijp7ImlkIjo2NSwidGl0bGUiOiJcdTk5MTBcdTk5ODZcdTUyMTdcdTg4NjgiLCJ1cmwiOiIvc3Rhcmsvd2ViL2Zvb2QvbGlzdC8iLCJwaWQiOm51bGwsInBfdGl0bGUiOm51bGwsInBfdXJsIjpudWxsfSwid2ViX3VzZXJpbmZvX2xpc3QiOnsiaWQiOjksInRpdGxlIjoiXHU3NTI4XHU2MjM3XHU1MjE3XHU4ODY4IiwidXJsIjoiL3N0YXJrL3dlYi91c2VyaW5mby9saXN0LyIsInBpZCI6bnVsbCwicF90aXRsZSI6bnVsbCwicF91cmwiOm51bGx9LCJyYmFjOnJvbGVfbGlzdCI6eyJpZCI6NDcsInRpdGxlIjoiXHU4OWQyXHU4MjcyXHU1MjE3XHU4ODY4IiwidXJsIjoiL3JiYWMvcm9sZS9saXN0LyIsInBpZCI6bnVsbCwicF90aXRsZSI6bnVsbCwicF91cmwiOm51bGx9LCJyYmFjOm1lbnVfbGlzdCI6eyJpZCI6NTEsInRpdGxlIjoiXHU4M2RjXHU1MzU1XHU1MjE3XHU4ODY4IiwidXJsIjoiL3JiYWMvbWVudS9saXN0LyIsInBpZCI6bnVsbCwicF90aXRsZSI6bnVsbCwicF91cmwiOm51bGx9LCJyYmFjOmRpc3RyaWJ1dGVfcGVybWlzc2lvbnMiOnsiaWQiOjYzLCJ0aXRsZSI6Ilx1NTIwNlx1OTE0ZFx1Njc0M1x1OTY1MCIsInVybCI6Ii9yYmFjL2Rpc3RyaWJ1dGUvcGVybWlzc2lvbnMvIiwicGlkIjpudWxsLCJwX3RpdGxlIjpudWxsLCJwX3VybCI6bnVsbH19LCJ1c2VyX2luZm8iOnsiaWQiOjEwLCJuaWNrbmFtZSI6Ilx1NWYyMFx1NTc2NCJ9fQ==', '2020-01-09 14:07:30.164359');
INSERT INTO `django_session` VALUES ('uvpga27e6q0pvtazyyvp6b5iwc529ow1', 'YmQyNzk1M2I4OTQ0MDM4YzRiZGM0ZDcwZGU4NDczODMwMTg5NDNjNTp7ImNvbXBhbnlfbWVudV9saXN0X2tleSI6eyIxIjp7InRpdGxlIjoiXHU0ZjAxXHU0ZTFhXHU2NTcwXHU2MzZlIiwiaWNvbiI6ImZhIGZhLWJ1aWxkaW5nIiwic29ydCI6MSwiY2hpbGRyZW4iOlt7ImlkIjoxLCJ0aXRsZSI6Ilx1NGYwMVx1NGUxYVx1NTIxN1x1ODg2OCIsInVybCI6Ii9zdGFyay93ZWIvY29tcGFueS9saXN0LyJ9LHsiaWQiOjY5LCJ0aXRsZSI6Ilx1OGQ0NFx1OGQyOFx1OGJjMVx1NGVmNiIsInVybCI6Ii9zdGFyay93ZWIvY29tcGFueS9hcGkvbGlzdC8ifV19LCI2Ijp7InRpdGxlIjoiXHU5OTEwXHU5OTZlXHU2NTcwXHU2MzZlIiwiaWNvbiI6ImZhIGZhLWN1dGxlcnkiLCJzb3J0IjoyLCJjaGlsZHJlbiI6W3siaWQiOjY1LCJ0aXRsZSI6Ilx1OTkxMFx1OTk4Nlx1NTIxN1x1ODg2OCIsInVybCI6Ii9zdGFyay93ZWIvZm9vZC9saXN0LyJ9XX0sIjQiOnsidGl0bGUiOiJcdTkxNGRcdTdmNmVcdTdiYTFcdTc0MDYiLCJpY29uIjoiZmEgZmEtdHdpdGNoIiwic29ydCI6OTksImNoaWxkcmVuIjpbeyJpZCI6OSwidGl0bGUiOiJcdTc1MjhcdTYyMzdcdTUyMTdcdTg4NjgiLCJ1cmwiOiIvc3Rhcmsvd2ViL3VzZXJpbmZvL2xpc3QvIn0seyJpZCI6NDcsInRpdGxlIjoiXHU4OWQyXHU4MjcyXHU1MjE3XHU4ODY4IiwidXJsIjoiL3JiYWMvcm9sZS9saXN0LyJ9LHsiaWQiOjUxLCJ0aXRsZSI6Ilx1ODNkY1x1NTM1NVx1NTIxN1x1ODg2OCIsInVybCI6Ii9yYmFjL21lbnUvbGlzdC8ifSx7ImlkIjo2MywidGl0bGUiOiJcdTUyMDZcdTkxNGRcdTY3NDNcdTk2NTAiLCJ1cmwiOiIvcmJhYy9kaXN0cmlidXRlL3Blcm1pc3Npb25zLyJ9XX19LCJjb21wYW55X3Blcm1pc3Npb25fdXJsX2xpc3Rfa2V5Ijp7IndlYl9jb21wYW55X2FkZCI6eyJpZCI6MiwidGl0bGUiOiJcdTZkZmJcdTUyYTBcdTRmMDFcdTRlMWEiLCJ1cmwiOiIvc3Rhcmsvd2ViL2NvbXBhbnkvYWRkLyIsInBpZCI6MSwicF90aXRsZSI6Ilx1NGYwMVx1NGUxYVx1NTIxN1x1ODg2OCIsInBfdXJsIjoiL3N0YXJrL3dlYi9jb21wYW55L2xpc3QvIn0sIndlYl9jb21wYW55X2NoYW5nZSI6eyJpZCI6MywidGl0bGUiOiJcdTRmZWVcdTY1MzlcdTRmMDFcdTRlMWEiLCJ1cmwiOiIvc3Rhcmsvd2ViL2NvbXBhbnkvY2hhbmdlLyg/UDxwaz5cXGQrKS8iLCJwaWQiOjEsInBfdGl0bGUiOiJcdTRmMDFcdTRlMWFcdTUyMTdcdTg4NjgiLCJwX3VybCI6Ii9zdGFyay93ZWIvY29tcGFueS9saXN0LyJ9LCJ3ZWJfY29tcGFueV9kZWxldGUiOnsiaWQiOjQsInRpdGxlIjoiXHU1MjIwXHU5NjY0XHU0ZjAxXHU0ZTFhIiwidXJsIjoiL3N0YXJrL3dlYi9jb21wYW55L2RlbGV0ZS8oP1A8cGs+XFxkKykvIiwicGlkIjoxLCJwX3RpdGxlIjoiXHU0ZjAxXHU0ZTFhXHU1MjE3XHU4ODY4IiwicF91cmwiOiIvc3Rhcmsvd2ViL2NvbXBhbnkvbGlzdC8ifSwid2ViX3VzZXJpbmZvX2FkZCI6eyJpZCI6MTAsInRpdGxlIjoiXHU2ZGZiXHU1MmEwXHU3NTI4XHU2MjM3IiwidXJsIjoiL3N0YXJrL3dlYi91c2VyaW5mby9hZGQvIiwicGlkIjo5LCJwX3RpdGxlIjoiXHU3NTI4XHU2MjM3XHU1MjE3XHU4ODY4IiwicF91cmwiOiIvc3Rhcmsvd2ViL3VzZXJpbmZvL2xpc3QvIn0sIndlYl91c2VyaW5mb19jaGFuZ2UiOnsiaWQiOjExLCJ0aXRsZSI6Ilx1NGZlZVx1NjUzOVx1NzUyOFx1NjIzNyIsInVybCI6Ii9zdGFyay93ZWIvdXNlcmluZm8vY2hhbmdlLyg/UDxwaz5cXGQrKS8iLCJwaWQiOjksInBfdGl0bGUiOiJcdTc1MjhcdTYyMzdcdTUyMTdcdTg4NjgiLCJwX3VybCI6Ii9zdGFyay93ZWIvdXNlcmluZm8vbGlzdC8ifSwid2ViX3VzZXJpbmZvX2RlbGV0ZSI6eyJpZCI6MTIsInRpdGxlIjoiXHU1MjIwXHU5NjY0XHU3NTI4XHU2MjM3IiwidXJsIjoiL3N0YXJrL3dlYi91c2VyaW5mby9kZWxldGUvKD9QPHBrPlxcZCspLyIsInBpZCI6OSwicF90aXRsZSI6Ilx1NzUyOFx1NjIzN1x1NTIxN1x1ODg2OCIsInBfdXJsIjoiL3N0YXJrL3dlYi91c2VyaW5mby9saXN0LyJ9LCJ3ZWJfdXNlcmluZm9fcmVzdF9wd2QiOnsiaWQiOjEzLCJ0aXRsZSI6Ilx1OTFjZFx1N2Y2ZVx1NWJjNlx1NzgwMSIsInVybCI6Ii9zdGFyay93ZWIvdXNlcmluZm8vcmVzZXQvcGFzc3dvcmQvKD9QPHBrPlxcZCspIiwicGlkIjo5LCJwX3RpdGxlIjoiXHU3NTI4XHU2MjM3XHU1MjE3XHU4ODY4IiwicF91cmwiOiIvc3Rhcmsvd2ViL3VzZXJpbmZvL2xpc3QvIn0sInJiYWM6cm9sZV9hZGQiOnsiaWQiOjQ4LCJ0aXRsZSI6Ilx1NmRmYlx1NTJhMFx1ODlkMlx1ODI3MiIsInVybCI6Ii9yYmFjL3JvbGUvYWRkLyIsInBpZCI6NDcsInBfdGl0bGUiOiJcdTg5ZDJcdTgyNzJcdTUyMTdcdTg4NjgiLCJwX3VybCI6Ii9yYmFjL3JvbGUvbGlzdC8ifSwicmJhYzpyb2xlX2VkaXQiOnsiaWQiOjQ5LCJ0aXRsZSI6Ilx1NGZlZVx1NjUzOVx1ODlkMlx1ODI3MiIsInVybCI6Ii9yYmFjL3JvbGUvZWRpdC8oP1A8cGs+XFxkKykvIiwicGlkIjo0NywicF90aXRsZSI6Ilx1ODlkMlx1ODI3Mlx1NTIxN1x1ODg2OCIsInBfdXJsIjoiL3JiYWMvcm9sZS9saXN0LyJ9LCJyYmFjOnJvbGVfZGVsIjp7ImlkIjo1MCwidGl0bGUiOiJcdTUyMjBcdTk2NjRcdTg5ZDJcdTgyNzIiLCJ1cmwiOiIvcmJhYy9yb2xlL2RlbC8oP1A8cGs+XFxkKykvIiwicGlkIjo0NywicF90aXRsZSI6Ilx1ODlkMlx1ODI3Mlx1NTIxN1x1ODg2OCIsInBfdXJsIjoiL3JiYWMvcm9sZS9saXN0LyJ9LCJyYmFjOm1lbnVfYWRkIjp7ImlkIjo1MiwidGl0bGUiOiJcdTZkZmJcdTUyYTBcdTgzZGNcdTUzNTUiLCJ1cmwiOiIvcmJhYy9tZW51L2FkZC8iLCJwaWQiOjUxLCJwX3RpdGxlIjoiXHU4M2RjXHU1MzU1XHU1MjE3XHU4ODY4IiwicF91cmwiOiIvcmJhYy9tZW51L2xpc3QvIn0sInJiYWM6bWVudV9lZGl0Ijp7ImlkIjo1MywidGl0bGUiOiJcdTRmZWVcdTY1MzlcdTgzZGNcdTUzNTUiLCJ1cmwiOiIvcmJhYy9tZW51L2VkaXQvKD9QPHBrPlxcZCspLyIsInBpZCI6NTEsInBfdGl0bGUiOiJcdTgzZGNcdTUzNTVcdTUyMTdcdTg4NjgiLCJwX3VybCI6Ii9yYmFjL21lbnUvbGlzdC8ifSwicmJhYzptZW51X2RlbCI6eyJpZCI6NTQsInRpdGxlIjoiXHU1MjIwXHU5NjY0XHU4M2RjXHU1MzU1IiwidXJsIjoiL3JiYWMvbWVudS9kZWwvKD9QPHBrPlxcZCspLyIsInBpZCI6NTEsInBfdGl0bGUiOiJcdTgzZGNcdTUzNTVcdTUyMTdcdTg4NjgiLCJwX3VybCI6Ii9yYmFjL21lbnUvbGlzdC8ifSwicmJhYzpzZWNvbmRfbWVudV9hZGQiOnsiaWQiOjU1LCJ0aXRsZSI6Ilx1NmRmYlx1NTJhMFx1NGU4Y1x1N2VhN1x1ODNkY1x1NTM1NSIsInVybCI6Ii9yYmFjL3NlY29uZC9tZW51L2FkZC8oP1A8bWVudV9pZD5cXGQrKS8iLCJwaWQiOjUxLCJwX3RpdGxlIjoiXHU4M2RjXHU1MzU1XHU1MjE3XHU4ODY4IiwicF91cmwiOiIvcmJhYy9tZW51L2xpc3QvIn0sInJiYWM6c2Vjb25kX21lbnVfZWRpdCI6eyJpZCI6NTYsInRpdGxlIjoiXHU0ZmVlXHU2NTM5XHU0ZThjXHU3ZWE3XHU4M2RjXHU1MzU1IiwidXJsIjoiL3JiYWMvc2Vjb25kL21lbnUvZWRpdC8oP1A8cGs+XFxkKykvIiwicGlkIjo1MSwicF90aXRsZSI6Ilx1ODNkY1x1NTM1NVx1NTIxN1x1ODg2OCIsInBfdXJsIjoiL3JiYWMvbWVudS9saXN0LyJ9LCJyYmFjOnNlY29uZF9tZW51X2RlbCI6eyJpZCI6NTcsInRpdGxlIjoiXHU1MjIwXHU5NjY0XHU0ZThjXHU3ZWE3XHU4M2RjXHU1MzU1IiwidXJsIjoiL3JiYWMvc2Vjb25kL21lbnUvZGVsLyg/UDxwaz5cXGQrKS8iLCJwaWQiOjUxLCJwX3RpdGxlIjoiXHU4M2RjXHU1MzU1XHU1MjE3XHU4ODY4IiwicF91cmwiOiIvcmJhYy9tZW51L2xpc3QvIn0sInJiYWM6cGVybWlzc2lvbl9hZGQiOnsiaWQiOjU4LCJ0aXRsZSI6Ilx1NmRmYlx1NTJhMFx1Njc0M1x1OTY1MCIsInVybCI6Ii9yYmFjL3Blcm1pc3Npb24vYWRkLyg/UDxzZWNvbmRfbWVudV9pZD5cXGQrKS8iLCJwaWQiOjUxLCJwX3RpdGxlIjoiXHU4M2RjXHU1MzU1XHU1MjE3XHU4ODY4IiwicF91cmwiOiIvcmJhYy9tZW51L2xpc3QvIn0sInJiYWM6cGVybWlzc2lvbl9lZGl0Ijp7ImlkIjo1OSwidGl0bGUiOiJcdTRmZWVcdTY1MzlcdTY3NDNcdTk2NTAiLCJ1cmwiOiIvcmJhYy9wZXJtaXNzaW9uL2VkaXQvKD9QPHBrPlxcZCspLyIsInBpZCI6NTEsInBfdGl0bGUiOiJcdTgzZGNcdTUzNTVcdTUyMTdcdTg4NjgiLCJwX3VybCI6Ii9yYmFjL21lbnUvbGlzdC8ifSwicmJhYzpwZXJtaXNzaW9uX2RlbCI6eyJpZCI6NjAsInRpdGxlIjoiXHU1MjIwXHU5NjY0XHU2NzQzXHU5NjUwIiwidXJsIjoiL3JiYWMvcGVybWlzc2lvbi9kZWwvKD9QPHBrPlxcZCspLyIsInBpZCI6NTEsInBfdGl0bGUiOiJcdTgzZGNcdTUzNTVcdTUyMTdcdTg4NjgiLCJwX3VybCI6Ii9yYmFjL21lbnUvbGlzdC8ifSwicmJhYzptdWx0aV9wZXJtaXNzaW9ucyI6eyJpZCI6NjEsInRpdGxlIjoiXHU2Mjc5XHU5MWNmXHU2NGNkXHU0ZjVjXHU2NzQzXHU5NjUwIiwidXJsIjoiL3JiYWMvbXVsdGkvcGVybWlzc2lvbnMvIiwicGlkIjo1MSwicF90aXRsZSI6Ilx1ODNkY1x1NTM1NVx1NTIxN1x1ODg2OCIsInBfdXJsIjoiL3JiYWMvbWVudS9saXN0LyJ9LCJyYmFjOm11bHRpX3Blcm1pc3Npb25zX2RlbCI6eyJpZCI6NjIsInRpdGxlIjoiXHU2Mjc5XHU5MWNmXHU1MjIwXHU5NjY0XHU2NzQzXHU5NjUwIiwidXJsIjoiL3JiYWMvbXVsdGkvcGVybWlzc2lvbnMvZGVsLyg/UDxwaz5cXGQrKS8iLCJwaWQiOjUxLCJwX3RpdGxlIjoiXHU4M2RjXHU1MzU1XHU1MjE3XHU4ODY4IiwicF91cmwiOiIvcmJhYy9tZW51L2xpc3QvIn0sIndlYl9mb29kX2FkZCI6eyJpZCI6NjYsInRpdGxlIjoiXHU2ZGZiXHU1MmEwXHU5OTEwXHU5OTg2IiwidXJsIjoiL3N0YXJrL3dlYi9mb29kL2FkZC8iLCJwaWQiOjY1LCJwX3RpdGxlIjoiXHU5OTEwXHU5OTg2XHU1MjE3XHU4ODY4IiwicF91cmwiOiIvc3Rhcmsvd2ViL2Zvb2QvbGlzdC8ifSwid2ViX2Zvb2RfY2hhbmdlIjp7ImlkIjo2NywidGl0bGUiOiJcdTRmZWVcdTY1MzlcdTk5MTBcdTk5ODYiLCJ1cmwiOiIvc3Rhcmsvd2ViL2Zvb2QvY2hhbmdlLyg/UDxwaz5cXGQrKS8iLCJwaWQiOjY1LCJwX3RpdGxlIjoiXHU5OTEwXHU5OTg2XHU1MjE3XHU4ODY4IiwicF91cmwiOiIvc3Rhcmsvd2ViL2Zvb2QvbGlzdC8ifSwid2ViX2Zvb2RfZGVsZXRlIjp7ImlkIjo2OCwidGl0bGUiOiJcdTUyMjBcdTk2NjRcdTk5MTBcdTk5ODYiLCJ1cmwiOiIvc3Rhcmsvd2ViL2Zvb2QvZGVsZXRlLyg/UDxwaz5cXGQrKS8iLCJwaWQiOjY1LCJwX3RpdGxlIjoiXHU5OTEwXHU5OTg2XHU1MjE3XHU4ODY4IiwicF91cmwiOiIvc3Rhcmsvd2ViL2Zvb2QvbGlzdC8ifSwid2ViX2NvbXBhbnlfYXBpX2FkZCI6eyJpZCI6NzEsInRpdGxlIjoiXHU2NWIwXHU1ODllXHU4ZDQ0XHU4ZDI4IiwidXJsIjoiL3N0YXJrL3dlYi9jb21wYW55L2FwaS9hZGQvIiwicGlkIjo2OSwicF90aXRsZSI6Ilx1OGQ0NFx1OGQyOFx1OGJjMVx1NGVmNiIsInBfdXJsIjoiL3N0YXJrL3dlYi9jb21wYW55L2FwaS9saXN0LyJ9LCJ3ZWJfY29tcGFueV9saXN0Ijp7ImlkIjoxLCJ0aXRsZSI6Ilx1NGYwMVx1NGUxYVx1NTIxN1x1ODg2OCIsInVybCI6Ii9zdGFyay93ZWIvY29tcGFueS9saXN0LyIsInBpZCI6bnVsbCwicF90aXRsZSI6bnVsbCwicF91cmwiOm51bGx9LCJ3ZWJfY29tcGFueV9hcGlfbGlzdCI6eyJpZCI6NjksInRpdGxlIjoiXHU4ZDQ0XHU4ZDI4XHU4YmMxXHU0ZWY2IiwidXJsIjoiL3N0YXJrL3dlYi9jb21wYW55L2FwaS9saXN0LyIsInBpZCI6bnVsbCwicF90aXRsZSI6bnVsbCwicF91cmwiOm51bGx9LCJ3ZWJfZm9vZF9saXN0Ijp7ImlkIjo2NSwidGl0bGUiOiJcdTk5MTBcdTk5ODZcdTUyMTdcdTg4NjgiLCJ1cmwiOiIvc3Rhcmsvd2ViL2Zvb2QvbGlzdC8iLCJwaWQiOm51bGwsInBfdGl0bGUiOm51bGwsInBfdXJsIjpudWxsfSwid2ViX3VzZXJpbmZvX2xpc3QiOnsiaWQiOjksInRpdGxlIjoiXHU3NTI4XHU2MjM3XHU1MjE3XHU4ODY4IiwidXJsIjoiL3N0YXJrL3dlYi91c2VyaW5mby9saXN0LyIsInBpZCI6bnVsbCwicF90aXRsZSI6bnVsbCwicF91cmwiOm51bGx9LCJyYmFjOnJvbGVfbGlzdCI6eyJpZCI6NDcsInRpdGxlIjoiXHU4OWQyXHU4MjcyXHU1MjE3XHU4ODY4IiwidXJsIjoiL3JiYWMvcm9sZS9saXN0LyIsInBpZCI6bnVsbCwicF90aXRsZSI6bnVsbCwicF91cmwiOm51bGx9LCJyYmFjOm1lbnVfbGlzdCI6eyJpZCI6NTEsInRpdGxlIjoiXHU4M2RjXHU1MzU1XHU1MjE3XHU4ODY4IiwidXJsIjoiL3JiYWMvbWVudS9saXN0LyIsInBpZCI6bnVsbCwicF90aXRsZSI6bnVsbCwicF91cmwiOm51bGx9LCJyYmFjOmRpc3RyaWJ1dGVfcGVybWlzc2lvbnMiOnsiaWQiOjYzLCJ0aXRsZSI6Ilx1NTIwNlx1OTE0ZFx1Njc0M1x1OTY1MCIsInVybCI6Ii9yYmFjL2Rpc3RyaWJ1dGUvcGVybWlzc2lvbnMvIiwicGlkIjpudWxsLCJwX3RpdGxlIjpudWxsLCJwX3VybCI6bnVsbH19LCJ1c2VyX2luZm8iOnsiaWQiOjEwLCJuaWNrbmFtZSI6Ilx1NWYyMFx1NTc2NCJ9fQ==', '2020-01-09 10:42:05.958507');
INSERT INTO `django_session` VALUES ('v1m56ertv56qbv5djkrrnsk6u8n0324a', 'M2VhYmMxMGYzMGM3MWI1NjQ1YzAwNzhmY2RiYWIzM2IwMjgxMGE5NDp7ImNvbXBhbnlfbWVudV9saXN0X2tleSI6eyIxIjp7InRpdGxlIjoiXHU0ZjAxXHU0ZTFhXHU0ZmUxXHU2MDZmIiwiaWNvbiI6ImZhIGZhLWJ1aWxkaW5nIiwiY2hpbGRyZW4iOlt7ImlkIjoxLCJ0aXRsZSI6Ilx1NjgyMVx1NTMzYVx1NTIxN1x1ODg2OCIsInVybCI6Ii9zdGFyay93ZWIvc2Nob29sL2xpc3QvIn0seyJpZCI6NSwidGl0bGUiOiJcdTkwZThcdTk1ZThcdTUyMTdcdTg4NjgiLCJ1cmwiOiIvc3Rhcmsvd2ViL2RlcGFydG1lbnQvbGlzdC8ifSx7ImlkIjoxNCwidGl0bGUiOiJcdThiZmVcdTdhMGJcdTUyMTdcdTg4NjgiLCJ1cmwiOiIvc3Rhcmsvd2ViL2NvdXJzZS9saXN0LyJ9LHsiaWQiOjE4LCJ0aXRsZSI6Ilx1NzNlZFx1N2VhN1x1NTIxN1x1ODg2OCIsInVybCI6Ii9zdGFyay93ZWIvY2xhc3NsaXN0L2xpc3QvIn1dfSwiMiI6eyJ0aXRsZSI6Ilx1NjNhNVx1NTNlM0FQSSIsImljb24iOiJmYSBmYS1tb2R4IiwiY2hpbGRyZW4iOlt7ImlkIjoyMiwidGl0bGUiOiJcdTUxNmNcdTYyMzdcdTUyMTdcdTg4NjgiLCJ1cmwiOiIvc3Rhcmsvd2ViL2N1c3RvbWVyL3B1Yi9saXN0LyJ9LHsiaWQiOjI3LCJ0aXRsZSI6Ilx1NzljMVx1NjIzN1x1NTIxN1x1ODg2ODciLCJ1cmwiOiIvc3Rhcmsvd2ViL2N1c3RvbWVyL3ByaXYvbGlzdC8ifSx7ImlkIjozNywidGl0bGUiOiJcdTViYTFcdTY4MzhcdTdmMzRcdThkMzlcdThiYjBcdTVmNTUiLCJ1cmwiOiIvc3Rhcmsvd2ViL3BheW1lbnRyZWNvcmQvY2hlY2svbGlzdC8ifV19LCIzIjp7InRpdGxlIjoiXHU2NzQzXHU5NjUwXHU3YmExXHU3NDA2IiwiaWNvbiI6ImZhIGZhLWV1ciIsImNoaWxkcmVuIjpbeyJpZCI6MzgsInRpdGxlIjoiXHU1YjY2XHU3NTFmXHU1MjE3XHU4ODY4IiwidXJsIjoiL3N0YXJrL3dlYi9zdHVkZW50L2xpc3QvIn1dfSwiNCI6eyJ0aXRsZSI6Ilx1ODNkY1x1NTM1NVx1N2JhMVx1NzQwNiIsImljb24iOiJmYSBmYS13cGV4cGxvcmVyIiwiY2hpbGRyZW4iOlt7ImlkIjo5LCJ0aXRsZSI6Ilx1NzUyOFx1NjIzN1x1NTIxN1x1ODg2OCIsInVybCI6Ii9zdGFyay93ZWIvdXNlcmluZm8vbGlzdC8ifSx7ImlkIjo0NywidGl0bGUiOiJcdTg5ZDJcdTgyNzJcdTUyMTdcdTg4NjgiLCJ1cmwiOiIvcmJhYy9yb2xlL2xpc3QvIn0seyJpZCI6NTEsInRpdGxlIjoiXHU4M2RjXHU1MzU1XHU1MjE3XHU4ODY4IiwidXJsIjoiL3JiYWMvbWVudS9saXN0LyJ9LHsiaWQiOjYzLCJ0aXRsZSI6Ilx1NTIwNlx1OTE0ZFx1Njc0M1x1OTY1MCIsInVybCI6Ii9yYmFjL2Rpc3RyaWJ1dGUvcGVybWlzc2lvbnMvIn1dfX0sImNvbXBhbnlfcGVybWlzc2lvbl91cmxfbGlzdF9rZXkiOnsid2ViX3NjaG9vbF9saXN0Ijp7ImlkIjoxLCJ0aXRsZSI6Ilx1NjgyMVx1NTMzYVx1NTIxN1x1ODg2OCIsInVybCI6Ii9zdGFyay93ZWIvc2Nob29sL2xpc3QvIiwicGlkIjpudWxsLCJwX3RpdGxlIjpudWxsLCJwX3VybCI6bnVsbH0sIndlYl9kZXBhcnRtZW50X2xpc3QiOnsiaWQiOjUsInRpdGxlIjoiXHU5MGU4XHU5NWU4XHU1MjE3XHU4ODY4IiwidXJsIjoiL3N0YXJrL3dlYi9kZXBhcnRtZW50L2xpc3QvIiwicGlkIjpudWxsLCJwX3RpdGxlIjpudWxsLCJwX3VybCI6bnVsbH0sIndlYl9jb3Vyc2VfbGlzdCI6eyJpZCI6MTQsInRpdGxlIjoiXHU4YmZlXHU3YTBiXHU1MjE3XHU4ODY4IiwidXJsIjoiL3N0YXJrL3dlYi9jb3Vyc2UvbGlzdC8iLCJwaWQiOm51bGwsInBfdGl0bGUiOm51bGwsInBfdXJsIjpudWxsfSwid2ViX2NsYXNzbGlzdF9saXN0Ijp7ImlkIjoxOCwidGl0bGUiOiJcdTczZWRcdTdlYTdcdTUyMTdcdTg4NjgiLCJ1cmwiOiIvc3Rhcmsvd2ViL2NsYXNzbGlzdC9saXN0LyIsInBpZCI6bnVsbCwicF90aXRsZSI6bnVsbCwicF91cmwiOm51bGx9LCJ3ZWJfY3VzdG9tZXJfcHViX2xpc3QiOnsiaWQiOjIyLCJ0aXRsZSI6Ilx1NTE2Y1x1NjIzN1x1NTIxN1x1ODg2OCIsInVybCI6Ii9zdGFyay93ZWIvY3VzdG9tZXIvcHViL2xpc3QvIiwicGlkIjpudWxsLCJwX3RpdGxlIjpudWxsLCJwX3VybCI6bnVsbH0sIndlYl9jdXN0b21lcl9wcml2X2xpc3QiOnsiaWQiOjI3LCJ0aXRsZSI6Ilx1NzljMVx1NjIzN1x1NTIxN1x1ODg2ODciLCJ1cmwiOiIvc3Rhcmsvd2ViL2N1c3RvbWVyL3ByaXYvbGlzdC8iLCJwaWQiOm51bGwsInBfdGl0bGUiOm51bGwsInBfdXJsIjpudWxsfSwid2ViX3BheW1lbnRyZWNvcmRfY2hlY2tfbGlzdCI6eyJpZCI6MzcsInRpdGxlIjoiXHU1YmExXHU2ODM4XHU3ZjM0XHU4ZDM5XHU4YmIwXHU1ZjU1IiwidXJsIjoiL3N0YXJrL3dlYi9wYXltZW50cmVjb3JkL2NoZWNrL2xpc3QvIiwicGlkIjpudWxsLCJwX3RpdGxlIjpudWxsLCJwX3VybCI6bnVsbH0sIndlYl9zdHVkZW50X2xpc3QiOnsiaWQiOjM4LCJ0aXRsZSI6Ilx1NWI2Nlx1NzUxZlx1NTIxN1x1ODg2OCIsInVybCI6Ii9zdGFyay93ZWIvc3R1ZGVudC9saXN0LyIsInBpZCI6bnVsbCwicF90aXRsZSI6bnVsbCwicF91cmwiOm51bGx9LCJ3ZWJfdXNlcmluZm9fbGlzdCI6eyJpZCI6OSwidGl0bGUiOiJcdTc1MjhcdTYyMzdcdTUyMTdcdTg4NjgiLCJ1cmwiOiIvc3Rhcmsvd2ViL3VzZXJpbmZvL2xpc3QvIiwicGlkIjpudWxsLCJwX3RpdGxlIjpudWxsLCJwX3VybCI6bnVsbH0sInJiYWM6cm9sZV9saXN0Ijp7ImlkIjo0NywidGl0bGUiOiJcdTg5ZDJcdTgyNzJcdTUyMTdcdTg4NjgiLCJ1cmwiOiIvcmJhYy9yb2xlL2xpc3QvIiwicGlkIjpudWxsLCJwX3RpdGxlIjpudWxsLCJwX3VybCI6bnVsbH0sInJiYWM6bWVudV9saXN0Ijp7ImlkIjo1MSwidGl0bGUiOiJcdTgzZGNcdTUzNTVcdTUyMTdcdTg4NjgiLCJ1cmwiOiIvcmJhYy9tZW51L2xpc3QvIiwicGlkIjpudWxsLCJwX3RpdGxlIjpudWxsLCJwX3VybCI6bnVsbH0sInJiYWM6ZGlzdHJpYnV0ZV9wZXJtaXNzaW9ucyI6eyJpZCI6NjMsInRpdGxlIjoiXHU1MjA2XHU5MTRkXHU2NzQzXHU5NjUwIiwidXJsIjoiL3JiYWMvZGlzdHJpYnV0ZS9wZXJtaXNzaW9ucy8iLCJwaWQiOm51bGwsInBfdGl0bGUiOm51bGwsInBfdXJsIjpudWxsfSwid2ViX3NjaG9vbF9hZGQiOnsiaWQiOjIsInRpdGxlIjoiXHU2ZGZiXHU1MmEwXHU2ODIxXHU1MzNhIiwidXJsIjoiL3N0YXJrL3dlYi9zY2hvb2wvYWRkLyIsInBpZCI6MSwicF90aXRsZSI6Ilx1NjgyMVx1NTMzYVx1NTIxN1x1ODg2OCIsInBfdXJsIjoiL3N0YXJrL3dlYi9zY2hvb2wvbGlzdC8ifSwid2ViX3NjaG9vbF9jaGFuZ2UiOnsiaWQiOjMsInRpdGxlIjoiXHU0ZmVlXHU2NTM5XHU2ODIxXHU1MzNhIiwidXJsIjoiL3N0YXJrL3dlYi9zY2hvb2wvY2hhbmdlLyg/UDxwaz5cXGQrKS8iLCJwaWQiOjEsInBfdGl0bGUiOiJcdTY4MjFcdTUzM2FcdTUyMTdcdTg4NjgiLCJwX3VybCI6Ii9zdGFyay93ZWIvc2Nob29sL2xpc3QvIn0sIndlYl9zY2hvb2xfZGVsZXRlIjp7ImlkIjo0LCJ0aXRsZSI6Ilx1NTIyMFx1OTY2NFx1NjgyMVx1NTMzYSIsInVybCI6Ii9zdGFyay93ZWIvc2Nob29sL2RlbGV0ZS8oP1A8cGs+XFxkKykvIiwicGlkIjoxLCJwX3RpdGxlIjoiXHU2ODIxXHU1MzNhXHU1MjE3XHU4ODY4IiwicF91cmwiOiIvc3Rhcmsvd2ViL3NjaG9vbC9saXN0LyJ9LCJ3ZWJfZGVwYXJ0bWVudF9hZGQiOnsiaWQiOjYsInRpdGxlIjoiXHU2ZGZiXHU1MmEwXHU5MGU4XHU5NWU4IiwidXJsIjoiL3N0YXJrL3dlYi9kZXBhcnRtZW50L2FkZC8iLCJwaWQiOjUsInBfdGl0bGUiOiJcdTkwZThcdTk1ZThcdTUyMTdcdTg4NjgiLCJwX3VybCI6Ii9zdGFyay93ZWIvZGVwYXJ0bWVudC9saXN0LyJ9LCJ3ZWJfZGVwYXJ0bWVudF9jaGFuZ2UiOnsiaWQiOjcsInRpdGxlIjoiXHU0ZmVlXHU2NTM5XHU5MGU4XHU5NWU4IiwidXJsIjoiL3N0YXJrL3dlYi9kZXBhcnRtZW50L2NoYW5nZS8oP1A8cGs+XFxkKykvIiwicGlkIjo1LCJwX3RpdGxlIjoiXHU5MGU4XHU5NWU4XHU1MjE3XHU4ODY4IiwicF91cmwiOiIvc3Rhcmsvd2ViL2RlcGFydG1lbnQvbGlzdC8ifSwid2ViX2RlcGFydG1lbnRfZGVsZXRlIjp7ImlkIjo4LCJ0aXRsZSI6Ilx1NTIyMFx1OTY2NFx1OTBlOFx1OTVlOCIsInVybCI6Ii9zdGFyay93ZWIvZGVwYXJ0bWVudC9kZWxldGUvKD9QPHBrPlxcZCspLyIsInBpZCI6NSwicF90aXRsZSI6Ilx1OTBlOFx1OTVlOFx1NTIxN1x1ODg2OCIsInBfdXJsIjoiL3N0YXJrL3dlYi9kZXBhcnRtZW50L2xpc3QvIn0sIndlYl91c2VyaW5mb19hZGQiOnsiaWQiOjEwLCJ0aXRsZSI6Ilx1NmRmYlx1NTJhMFx1NzUyOFx1NjIzNyIsInVybCI6Ii9zdGFyay93ZWIvdXNlcmluZm8vYWRkLyIsInBpZCI6OSwicF90aXRsZSI6Ilx1NzUyOFx1NjIzN1x1NTIxN1x1ODg2OCIsInBfdXJsIjoiL3N0YXJrL3dlYi91c2VyaW5mby9saXN0LyJ9LCJ3ZWJfdXNlcmluZm9fY2hhbmdlIjp7ImlkIjoxMSwidGl0bGUiOiJcdTRmZWVcdTY1MzlcdTc1MjhcdTYyMzciLCJ1cmwiOiIvc3Rhcmsvd2ViL3VzZXJpbmZvL2NoYW5nZS8oP1A8cGs+XFxkKykvIiwicGlkIjo5LCJwX3RpdGxlIjoiXHU3NTI4XHU2MjM3XHU1MjE3XHU4ODY4IiwicF91cmwiOiIvc3Rhcmsvd2ViL3VzZXJpbmZvL2xpc3QvIn0sIndlYl91c2VyaW5mb19kZWxldGUiOnsiaWQiOjEyLCJ0aXRsZSI6Ilx1NTIyMFx1OTY2NFx1NzUyOFx1NjIzNyIsInVybCI6Ii9zdGFyay93ZWIvdXNlcmluZm8vZGVsZXRlLyg/UDxwaz5cXGQrKS8iLCJwaWQiOjksInBfdGl0bGUiOiJcdTc1MjhcdTYyMzdcdTUyMTdcdTg4NjgiLCJwX3VybCI6Ii9zdGFyay93ZWIvdXNlcmluZm8vbGlzdC8ifSwid2ViX3VzZXJpbmZvX3Jlc3RfcHdkIjp7ImlkIjoxMywidGl0bGUiOiJcdTkxY2RcdTdmNmVcdTViYzZcdTc4MDEiLCJ1cmwiOiIvc3Rhcmsvd2ViL3VzZXJpbmZvL3Jlc2V0L3Bhc3N3b3JkLyg/UDxwaz5cXGQrKSIsInBpZCI6OSwicF90aXRsZSI6Ilx1NzUyOFx1NjIzN1x1NTIxN1x1ODg2OCIsInBfdXJsIjoiL3N0YXJrL3dlYi91c2VyaW5mby9saXN0LyJ9LCJ3ZWJfY291cnNlX2FkZCI6eyJpZCI6MTUsInRpdGxlIjoiXHU2ZGZiXHU1MmEwXHU4YmZlXHU3YTBiIiwidXJsIjoiL3N0YXJrL3dlYi9jb3Vyc2UvYWRkLyIsInBpZCI6MTQsInBfdGl0bGUiOiJcdThiZmVcdTdhMGJcdTUyMTdcdTg4NjgiLCJwX3VybCI6Ii9zdGFyay93ZWIvY291cnNlL2xpc3QvIn0sIndlYl9jb3Vyc2VfY2hhbmdlIjp7ImlkIjoxNiwidGl0bGUiOiJcdTRmZWVcdTY1MzlcdThiZmVcdTdhMGIiLCJ1cmwiOiIvc3Rhcmsvd2ViL2NvdXJzZS9jaGFuZ2UvKD9QPHBrPlxcZCspLyIsInBpZCI6MTQsInBfdGl0bGUiOiJcdThiZmVcdTdhMGJcdTUyMTdcdTg4NjgiLCJwX3VybCI6Ii9zdGFyay93ZWIvY291cnNlL2xpc3QvIn0sIndlYl9jb3Vyc2VfZGVsZXRlIjp7ImlkIjoxNywidGl0bGUiOiJcdTUyMjBcdTk2NjRcdThiZmVcdTdhMGIiLCJ1cmwiOiIvc3Rhcmsvd2ViL2NvdXJzZS9kZWxldGUvKD9QPHBrPlxcZCspLyIsInBpZCI6MTQsInBfdGl0bGUiOiJcdThiZmVcdTdhMGJcdTUyMTdcdTg4NjgiLCJwX3VybCI6Ii9zdGFyay93ZWIvY291cnNlL2xpc3QvIn0sIndlYl9jbGFzc2xpc3RfYWRkIjp7ImlkIjoxOSwidGl0bGUiOiJcdTZkZmJcdTUyYTBcdTczZWRcdTdlYTciLCJ1cmwiOiIvc3Rhcmsvd2ViL2NsYXNzbGlzdC9hZGQvIiwicGlkIjoxOCwicF90aXRsZSI6Ilx1NzNlZFx1N2VhN1x1NTIxN1x1ODg2OCIsInBfdXJsIjoiL3N0YXJrL3dlYi9jbGFzc2xpc3QvbGlzdC8ifSwid2ViX2NsYXNzbGlzdF9jaGFuZ2UiOnsiaWQiOjIwLCJ0aXRsZSI6Ilx1NGZlZVx1NjUzOVx1NzNlZFx1N2VhNyIsInVybCI6Ii9zdGFyay93ZWIvY2xhc3NsaXN0L2NoYW5nZS8oP1A8cGs+XFxkKykvIiwicGlkIjoxOCwicF90aXRsZSI6Ilx1NzNlZFx1N2VhN1x1NTIxN1x1ODg2OCIsInBfdXJsIjoiL3N0YXJrL3dlYi9jbGFzc2xpc3QvbGlzdC8ifSwid2ViX2NsYXNzbGlzdF9kZWxldGUiOnsiaWQiOjIxLCJ0aXRsZSI6Ilx1NTIyMFx1OTY2NFx1NzNlZFx1N2VhNyIsInVybCI6Ii9zdGFyay93ZWIvY2xhc3NsaXN0L2RlbGV0ZS8oP1A8cGs+XFxkKykvIiwicGlkIjoxOCwicF90aXRsZSI6Ilx1NzNlZFx1N2VhN1x1NTIxN1x1ODg2OCIsInBfdXJsIjoiL3N0YXJrL3dlYi9jbGFzc2xpc3QvbGlzdC8ifSwid2ViX2N1c3RvbWVyX3B1Yl9hZGQiOnsiaWQiOjIzLCJ0aXRsZSI6Ilx1NmRmYlx1NTJhMFx1NTE2Y1x1NjIzNyIsInVybCI6Ii9zdGFyay93ZWIvY3VzdG9tZXIvcHViL2FkZC8iLCJwaWQiOjIyLCJwX3RpdGxlIjoiXHU1MTZjXHU2MjM3XHU1MjE3XHU4ODY4IiwicF91cmwiOiIvc3Rhcmsvd2ViL2N1c3RvbWVyL3B1Yi9saXN0LyJ9LCJ3ZWJfY3VzdG9tZXJfcHViX2NoYW5nZSI6eyJpZCI6MjQsInRpdGxlIjoiXHU0ZmVlXHU2NTM5XHU1MTZjXHU2MjM3IiwidXJsIjoiL3N0YXJrL3dlYi9jdXN0b21lci9wdWIvY2hhbmdlLyg/UDxwaz5cXGQrKS8iLCJwaWQiOjIyLCJwX3RpdGxlIjoiXHU1MTZjXHU2MjM3XHU1MjE3XHU4ODY4IiwicF91cmwiOiIvc3Rhcmsvd2ViL2N1c3RvbWVyL3B1Yi9saXN0LyJ9LCJ3ZWJfY3VzdG9tZXJfcHViX2RlbGV0ZSI6eyJpZCI6MjUsInRpdGxlIjoiXHU1MjIwXHU5NjY0XHU1MTZjXHU2MjM3IiwidXJsIjoiL3N0YXJrL3dlYi9jdXN0b21lci9wdWIvZGVsZXRlLyg/UDxwaz5cXGQrKS8iLCJwaWQiOjIyLCJwX3RpdGxlIjoiXHU1MTZjXHU2MjM3XHU1MjE3XHU4ODY4IiwicF91cmwiOiIvc3Rhcmsvd2ViL2N1c3RvbWVyL3B1Yi9saXN0LyJ9LCJ3ZWJfY3VzdG9tZXJfcHViX3JlY29yZF92aWV3Ijp7ImlkIjoyNiwidGl0bGUiOiJcdTY3ZTVcdTc3MGJcdTUxNmNcdTYyMzdcdThkZGZcdThmZGJcdThiYjBcdTVmNTUiLCJ1cmwiOiIvc3Rhcmsvd2ViL2N1c3RvbWVyL3B1Yi9yZWNvcmQvKD9QPHBrPlxcZCspIiwicGlkIjoyMiwicF90aXRsZSI6Ilx1NTE2Y1x1NjIzN1x1NTIxN1x1ODg2OCIsInBfdXJsIjoiL3N0YXJrL3dlYi9jdXN0b21lci9wdWIvbGlzdC8ifSwid2ViX2N1c3RvbWVyX3ByaXZfYWRkIjp7ImlkIjoyOCwidGl0bGUiOiJcdTZkZmJcdTUyYTBcdTYyMTFcdTc2ODRcdTViYTJcdTYyMzciLCJ1cmwiOiIvc3Rhcmsvd2ViL2N1c3RvbWVyL3ByaXYvYWRkLyIsInBpZCI6MjcsInBfdGl0bGUiOiJcdTc5YzFcdTYyMzdcdTUyMTdcdTg4Njg3IiwicF91cmwiOiIvc3Rhcmsvd2ViL2N1c3RvbWVyL3ByaXYvbGlzdC8ifSwid2ViX2N1c3RvbWVyX3ByaXZfY2hhbmdlIjp7ImlkIjoyOSwidGl0bGUiOiJcdTRmZWVcdTY1MzlcdTYyMTFcdTc2ODRcdTViYTJcdTYyMzcxIiwidXJsIjoiL3N0YXJrL3dlYi9jdXN0b21lci9wcml2L2NoYW5nZS8oP1A8cGs+XFxkKykvIiwicGlkIjoyNywicF90aXRsZSI6Ilx1NzljMVx1NjIzN1x1NTIxN1x1ODg2ODciLCJwX3VybCI6Ii9zdGFyay93ZWIvY3VzdG9tZXIvcHJpdi9saXN0LyJ9LCJ3ZWJfY3VzdG9tZXJfcHJpdl9kZWxldGUiOnsiaWQiOjMwLCJ0aXRsZSI6Ilx1NTIyMFx1OTY2NFx1NjIxMVx1NzY4NFx1NWJhMlx1NjIzNyIsInVybCI6Ii9zdGFyay93ZWIvY3VzdG9tZXIvcHJpdi9kZWxldGUvKD9QPHBrPlxcZCspLyIsInBpZCI6MjcsInBfdGl0bGUiOiJcdTc5YzFcdTYyMzdcdTUyMTdcdTg4Njg3IiwicF91cmwiOiIvc3Rhcmsvd2ViL2N1c3RvbWVyL3ByaXYvbGlzdC8ifSwid2ViX2NvbnN1bHRyZWNvcmRfbGlzdCI6eyJpZCI6MzEsInRpdGxlIjoiXHU4ZGRmXHU4ZmRiXHU1MjE3XHU4ODY4IiwidXJsIjoiL3N0YXJrL3dlYi9jb25zdWx0cmVjb3JkL2xpc3QvKD9QPGN1c3RvbWVyX2lkPlxcZCspLyIsInBpZCI6MjcsInBfdGl0bGUiOiJcdTc5YzFcdTYyMzdcdTUyMTdcdTg4Njg3IiwicF91cmwiOiIvc3Rhcmsvd2ViL2N1c3RvbWVyL3ByaXYvbGlzdC8ifSwid2ViX2NvbnN1bHRyZWNvcmRfYWRkIjp7ImlkIjozMiwidGl0bGUiOiJcdTZkZmJcdTUyYTBcdThkZGZcdThmZGJcdThiYjBcdTVmNTUiLCJ1cmwiOiIvc3Rhcmsvd2ViL2NvbnN1bHRyZWNvcmQvYWRkLyg/UDxjdXN0b21lcl9pZD5cXGQrKS8iLCJwaWQiOjI3LCJwX3RpdGxlIjoiXHU3OWMxXHU2MjM3XHU1MjE3XHU4ODY4NyIsInBfdXJsIjoiL3N0YXJrL3dlYi9jdXN0b21lci9wcml2L2xpc3QvIn0sIndlYl9jb25zdWx0cmVjb3JkX2NoYW5nZSI6eyJpZCI6MzMsInRpdGxlIjoiXHU0ZmVlXHU2NTM5XHU4ZGRmXHU4ZmRiXHU4YmIwXHU1ZjU1IiwidXJsIjoiL3N0YXJrL3dlYi9jb25zdWx0cmVjb3JkL2NoYW5nZS8oP1A8Y3VzdG9tZXJfaWQ+XFxkKykvKD9QPHBrPlxcZCspLyIsInBpZCI6MjcsInBfdGl0bGUiOiJcdTc5YzFcdTYyMzdcdTUyMTdcdTg4Njg3IiwicF91cmwiOiIvc3Rhcmsvd2ViL2N1c3RvbWVyL3ByaXYvbGlzdC8ifSwid2ViX2NvbnN1bHRyZWNvcmRfZGVsZXRlIjp7ImlkIjozNCwidGl0bGUiOiJcdTUyMjBcdTk2NjRcdThkZGZcdThmZGJcdThiYjBcdTVmNTUiLCJ1cmwiOiIvc3Rhcmsvd2ViL2NvbnN1bHRyZWNvcmQvZGVsZXRlLyg/UDxjdXN0b21lcl9pZD5cXGQrKS8oP1A8cGs+XFxkKykvIiwicGlkIjoyNywicF90aXRsZSI6Ilx1NzljMVx1NjIzN1x1NTIxN1x1ODg2ODciLCJwX3VybCI6Ii9zdGFyay93ZWIvY3VzdG9tZXIvcHJpdi9saXN0LyJ9LCJ3ZWJfcGF5bWVudHJlY29yZF9saXN0Ijp7ImlkIjozNSwidGl0bGUiOiJcdTdmMzRcdThkMzlcdThiYjBcdTVmNTVcdTUyMTdcdTg4NjgiLCJ1cmwiOiIvc3Rhcmsvd2ViL3BheW1lbnRyZWNvcmQvbGlzdC8oP1A8Y3VzdG9tZXJfaWQ+XFxkKykvIiwicGlkIjoyNywicF90aXRsZSI6Ilx1NzljMVx1NjIzN1x1NTIxN1x1ODg2ODciLCJwX3VybCI6Ii9zdGFyay93ZWIvY3VzdG9tZXIvcHJpdi9saXN0LyJ9LCJ3ZWJfcGF5bWVudHJlY29yZF9hZGQiOnsiaWQiOjM2LCJ0aXRsZSI6Ilx1NmRmYlx1NTJhMFx1N2YzNFx1OGQzOVx1OGJiMFx1NWY1NSIsInVybCI6Ii9zdGFyay93ZWIvcGF5bWVudHJlY29yZC9hZGQvKD9QPGN1c3RvbWVyX2lkPlxcZCspLyIsInBpZCI6MjcsInBfdGl0bGUiOiJcdTc5YzFcdTYyMzdcdTUyMTdcdTg4Njg3IiwicF91cmwiOiIvc3Rhcmsvd2ViL2N1c3RvbWVyL3ByaXYvbGlzdC8ifSwid2ViX3N0dWRlbnRfY2hhbmdlIjp7ImlkIjozOSwidGl0bGUiOiJcdTRmZWVcdTY1MzlcdTViNjZcdTc1MWZcdTRmZTFcdTYwNmYiLCJ1cmwiOiIvc3Rhcmsvd2ViL3N0dWRlbnQvY2hhbmdlLyg/UDxwaz5cXGQrKS8iLCJwaWQiOjM4LCJwX3RpdGxlIjoiXHU1YjY2XHU3NTFmXHU1MjE3XHU4ODY4IiwicF91cmwiOiIvc3Rhcmsvd2ViL3N0dWRlbnQvbGlzdC8ifSwid2ViX3Njb3JlcmVjb3JkX2xpc3QiOnsiaWQiOjQwLCJ0aXRsZSI6Ilx1NzllZlx1NTIwNlx1NTIxN1x1ODg2OCIsInVybCI6Ii9zdGFyay93ZWIvc2NvcmVyZWNvcmQvbGlzdC8oP1A8c3R1ZGVudF9pZD5cXGQrKS8iLCJwaWQiOjM4LCJwX3RpdGxlIjoiXHU1YjY2XHU3NTFmXHU1MjE3XHU4ODY4IiwicF91cmwiOiIvc3Rhcmsvd2ViL3N0dWRlbnQvbGlzdC8ifSwid2ViX3Njb3JlcmVjb3JkX2FkZCI6eyJpZCI6NDEsInRpdGxlIjoiXHU2ZGZiXHU1MmEwXHU3OWVmXHU1MjA2XHU4YmIwXHU1ZjU1IiwidXJsIjoiL3N0YXJrL3dlYi9zY29yZXJlY29yZC9hZGQvKD9QPHN0dWRlbnRfaWQ+XFxkKykvIiwicGlkIjozOCwicF90aXRsZSI6Ilx1NWI2Nlx1NzUxZlx1NTIxN1x1ODg2OCIsInBfdXJsIjoiL3N0YXJrL3dlYi9zdHVkZW50L2xpc3QvIn0sIndlYl9jb3Vyc2VyZWNvcmRfbGlzdCI6eyJpZCI6NDIsInRpdGxlIjoiXHU0ZTBhXHU4YmZlXHU4YmIwXHU1ZjU1XHU1MjE3XHU4ODY4IiwidXJsIjoiL3N0YXJrL3dlYi9jb3Vyc2VyZWNvcmQvbGlzdC8oP1A8Y2xhc3NfaWQ+XFxkKykvIiwicGlkIjoxOCwicF90aXRsZSI6Ilx1NzNlZFx1N2VhN1x1NTIxN1x1ODg2OCIsInBfdXJsIjoiL3N0YXJrL3dlYi9jbGFzc2xpc3QvbGlzdC8ifSwid2ViX2NvdXJzZXJlY29yZF9hZGQiOnsiaWQiOjQzLCJ0aXRsZSI6Ilx1NmRmYlx1NTJhMFx1NGUwYVx1OGJmZVx1OGJiMFx1NWY1NSIsInVybCI6Ii9zdGFyay93ZWIvY291cnNlcmVjb3JkL2FkZC8oP1A8Y2xhc3NfaWQ+XFxkKykvIiwicGlkIjoxOCwicF90aXRsZSI6Ilx1NzNlZFx1N2VhN1x1NTIxN1x1ODg2OCIsInBfdXJsIjoiL3N0YXJrL3dlYi9jbGFzc2xpc3QvbGlzdC8ifSwid2ViX2NvdXJzZXJlY29yZF9jaGFuZ2UiOnsiaWQiOjQ0LCJ0aXRsZSI6Ilx1NGZlZVx1NjUzOVx1NGUwYVx1OGJmZVx1OGJiMFx1NWY1NSIsInVybCI6Ii9zdGFyay93ZWIvY291cnNlcmVjb3JkL2NoYW5nZS8oP1A8Y2xhc3NfaWQ+XFxkKykvKD9QPHBrPlxcZCspLyIsInBpZCI6MTgsInBfdGl0bGUiOiJcdTczZWRcdTdlYTdcdTUyMTdcdTg4NjgiLCJwX3VybCI6Ii9zdGFyay93ZWIvY2xhc3NsaXN0L2xpc3QvIn0sIndlYl9jb3Vyc2VyZWNvcmRfZGVsZXRlIjp7ImlkIjo0NSwidGl0bGUiOiJcdTUyMjBcdTk2NjRcdTRlMGFcdThiZmVcdThiYjBcdTVmNTUiLCJ1cmwiOiIvc3Rhcmsvd2ViL2NvdXJzZXJlY29yZC9kZWxldGUvKD9QPGNsYXNzX2lkPlxcZCspLyg/UDxwaz5cXGQrKS8iLCJwaWQiOjE4LCJwX3RpdGxlIjoiXHU3M2VkXHU3ZWE3XHU1MjE3XHU4ODY4IiwicF91cmwiOiIvc3Rhcmsvd2ViL2NsYXNzbGlzdC9saXN0LyJ9LCJ3ZWJfY291cnNlcmVjb3JkX2F0dGVuZGFuY2UiOnsiaWQiOjQ2LCJ0aXRsZSI6Ilx1ODAwM1x1NTJlNFx1N2JhMVx1NzQwNiIsInVybCI6Ii9zdGFyay93ZWIvY291cnNlcmVjb3JkL2F0dGVuZGFuY2UvKD9QPGNvdXJzZV9yZWNvcmRfaWQ+XFxkKykvIiwicGlkIjoxOCwicF90aXRsZSI6Ilx1NzNlZFx1N2VhN1x1NTIxN1x1ODg2OCIsInBfdXJsIjoiL3N0YXJrL3dlYi9jbGFzc2xpc3QvbGlzdC8ifSwicmJhYzpyb2xlX2FkZCI6eyJpZCI6NDgsInRpdGxlIjoiXHU2ZGZiXHU1MmEwXHU4OWQyXHU4MjcyIiwidXJsIjoiL3JiYWMvcm9sZS9hZGQvIiwicGlkIjo0NywicF90aXRsZSI6Ilx1ODlkMlx1ODI3Mlx1NTIxN1x1ODg2OCIsInBfdXJsIjoiL3JiYWMvcm9sZS9saXN0LyJ9LCJyYmFjOnJvbGVfZWRpdCI6eyJpZCI6NDksInRpdGxlIjoiXHU0ZmVlXHU2NTM5XHU4OWQyXHU4MjcyIiwidXJsIjoiL3JiYWMvcm9sZS9lZGl0Lyg/UDxwaz5cXGQrKS8iLCJwaWQiOjQ3LCJwX3RpdGxlIjoiXHU4OWQyXHU4MjcyXHU1MjE3XHU4ODY4IiwicF91cmwiOiIvcmJhYy9yb2xlL2xpc3QvIn0sInJiYWM6cm9sZV9kZWwiOnsiaWQiOjUwLCJ0aXRsZSI6Ilx1NTIyMFx1OTY2NFx1ODlkMlx1ODI3MiIsInVybCI6Ii9yYmFjL3JvbGUvZGVsLyg/UDxwaz5cXGQrKS8iLCJwaWQiOjQ3LCJwX3RpdGxlIjoiXHU4OWQyXHU4MjcyXHU1MjE3XHU4ODY4IiwicF91cmwiOiIvcmJhYy9yb2xlL2xpc3QvIn0sInJiYWM6bWVudV9hZGQiOnsiaWQiOjUyLCJ0aXRsZSI6Ilx1NmRmYlx1NTJhMFx1ODNkY1x1NTM1NSIsInVybCI6Ii9yYmFjL21lbnUvYWRkLyIsInBpZCI6NTEsInBfdGl0bGUiOiJcdTgzZGNcdTUzNTVcdTUyMTdcdTg4NjgiLCJwX3VybCI6Ii9yYmFjL21lbnUvbGlzdC8ifSwicmJhYzptZW51X2VkaXQiOnsiaWQiOjUzLCJ0aXRsZSI6Ilx1NGZlZVx1NjUzOVx1ODNkY1x1NTM1NSIsInVybCI6Ii9yYmFjL21lbnUvZWRpdC8oP1A8cGs+XFxkKykvIiwicGlkIjo1MSwicF90aXRsZSI6Ilx1ODNkY1x1NTM1NVx1NTIxN1x1ODg2OCIsInBfdXJsIjoiL3JiYWMvbWVudS9saXN0LyJ9LCJyYmFjOm1lbnVfZGVsIjp7ImlkIjo1NCwidGl0bGUiOiJcdTUyMjBcdTk2NjRcdTgzZGNcdTUzNTUiLCJ1cmwiOiIvcmJhYy9tZW51L2RlbC8oP1A8cGs+XFxkKykvIiwicGlkIjo1MSwicF90aXRsZSI6Ilx1ODNkY1x1NTM1NVx1NTIxN1x1ODg2OCIsInBfdXJsIjoiL3JiYWMvbWVudS9saXN0LyJ9LCJyYmFjOnNlY29uZF9tZW51X2FkZCI6eyJpZCI6NTUsInRpdGxlIjoiXHU2ZGZiXHU1MmEwXHU0ZThjXHU3ZWE3XHU4M2RjXHU1MzU1IiwidXJsIjoiL3JiYWMvc2Vjb25kL21lbnUvYWRkLyg/UDxtZW51X2lkPlxcZCspLyIsInBpZCI6NTEsInBfdGl0bGUiOiJcdTgzZGNcdTUzNTVcdTUyMTdcdTg4NjgiLCJwX3VybCI6Ii9yYmFjL21lbnUvbGlzdC8ifSwicmJhYzpzZWNvbmRfbWVudV9lZGl0Ijp7ImlkIjo1NiwidGl0bGUiOiJcdTRmZWVcdTY1MzlcdTRlOGNcdTdlYTdcdTgzZGNcdTUzNTUiLCJ1cmwiOiIvcmJhYy9zZWNvbmQvbWVudS9lZGl0Lyg/UDxwaz5cXGQrKS8iLCJwaWQiOjUxLCJwX3RpdGxlIjoiXHU4M2RjXHU1MzU1XHU1MjE3XHU4ODY4IiwicF91cmwiOiIvcmJhYy9tZW51L2xpc3QvIn0sInJiYWM6c2Vjb25kX21lbnVfZGVsIjp7ImlkIjo1NywidGl0bGUiOiJcdTUyMjBcdTk2NjRcdTRlOGNcdTdlYTdcdTgzZGNcdTUzNTUiLCJ1cmwiOiIvcmJhYy9zZWNvbmQvbWVudS9kZWwvKD9QPHBrPlxcZCspLyIsInBpZCI6NTEsInBfdGl0bGUiOiJcdTgzZGNcdTUzNTVcdTUyMTdcdTg4NjgiLCJwX3VybCI6Ii9yYmFjL21lbnUvbGlzdC8ifSwicmJhYzpwZXJtaXNzaW9uX2FkZCI6eyJpZCI6NTgsInRpdGxlIjoiXHU2ZGZiXHU1MmEwXHU2NzQzXHU5NjUwIiwidXJsIjoiL3JiYWMvcGVybWlzc2lvbi9hZGQvKD9QPHNlY29uZF9tZW51X2lkPlxcZCspLyIsInBpZCI6NTEsInBfdGl0bGUiOiJcdTgzZGNcdTUzNTVcdTUyMTdcdTg4NjgiLCJwX3VybCI6Ii9yYmFjL21lbnUvbGlzdC8ifSwicmJhYzpwZXJtaXNzaW9uX2VkaXQiOnsiaWQiOjU5LCJ0aXRsZSI6Ilx1NGZlZVx1NjUzOVx1Njc0M1x1OTY1MCIsInVybCI6Ii9yYmFjL3Blcm1pc3Npb24vZWRpdC8oP1A8cGs+XFxkKykvIiwicGlkIjo1MSwicF90aXRsZSI6Ilx1ODNkY1x1NTM1NVx1NTIxN1x1ODg2OCIsInBfdXJsIjoiL3JiYWMvbWVudS9saXN0LyJ9LCJyYmFjOnBlcm1pc3Npb25fZGVsIjp7ImlkIjo2MCwidGl0bGUiOiJcdTUyMjBcdTk2NjRcdTY3NDNcdTk2NTAiLCJ1cmwiOiIvcmJhYy9wZXJtaXNzaW9uL2RlbC8oP1A8cGs+XFxkKykvIiwicGlkIjo1MSwicF90aXRsZSI6Ilx1ODNkY1x1NTM1NVx1NTIxN1x1ODg2OCIsInBfdXJsIjoiL3JiYWMvbWVudS9saXN0LyJ9LCJyYmFjOm11bHRpX3Blcm1pc3Npb25zIjp7ImlkIjo2MSwidGl0bGUiOiJcdTYyNzlcdTkxY2ZcdTY0Y2RcdTRmNWNcdTY3NDNcdTk2NTAiLCJ1cmwiOiIvcmJhYy9tdWx0aS9wZXJtaXNzaW9ucy8iLCJwaWQiOjUxLCJwX3RpdGxlIjoiXHU4M2RjXHU1MzU1XHU1MjE3XHU4ODY4IiwicF91cmwiOiIvcmJhYy9tZW51L2xpc3QvIn0sInJiYWM6bXVsdGlfcGVybWlzc2lvbnNfZGVsIjp7ImlkIjo2MiwidGl0bGUiOiJcdTYyNzlcdTkxY2ZcdTUyMjBcdTk2NjRcdTY3NDNcdTk2NTAiLCJ1cmwiOiIvcmJhYy9tdWx0aS9wZXJtaXNzaW9ucy9kZWwvKD9QPHBrPlxcZCspLyIsInBpZCI6NTEsInBfdGl0bGUiOiJcdTgzZGNcdTUzNTVcdTUyMTdcdTg4NjgiLCJwX3VybCI6Ii9yYmFjL21lbnUvbGlzdC8ifX0sInVzZXJfaW5mbyI6eyJpZCI6MTAsIm5pY2tuYW1lIjoiXHU1ZjIwXHU1NzY0In19', '2019-12-19 13:55:14.460968');
INSERT INTO `django_session` VALUES ('vwdoqxy9msxtkmn95u246tmucilj2j84', 'NmJiNTJkNmE2ZWE1MjE0OGMwYzhkNzE0MDU1MWM2ZDdiMTY2N2E3Yjp7ImNvbXBhbnlfbWVudV9saXN0X2tleSI6eyIxIjp7InRpdGxlIjoiXHU0ZjAxXHU0ZTFhXHU2NTcwXHU2MzZlIiwiaWNvbiI6ImZhIGZhLWJ1aWxkaW5nIiwic29ydCI6MSwiY2hpbGRyZW4iOlt7ImlkIjoxLCJ0aXRsZSI6Ilx1NGYwMVx1NGUxYVx1NTIxN1x1ODg2OCIsInVybCI6Ii9zdGFyay93ZWIvY29tcGFueS9saXN0LyJ9LHsiaWQiOjY5LCJ0aXRsZSI6Ilx1OGQ0NFx1OGQyOFx1OGJjMVx1NGVmNiIsInVybCI6Ii9zdGFyay93ZWIvY2FyZC9saXN0LyJ9XX0sIjYiOnsidGl0bGUiOiJcdTk5MTBcdTk5NmVcdTY1NzBcdTYzNmUiLCJpY29uIjoiZmEgZmEtY3V0bGVyeSIsInNvcnQiOjIsImNoaWxkcmVuIjpbeyJpZCI6NjUsInRpdGxlIjoiXHU5OTEwXHU5OTg2XHU1MjE3XHU4ODY4IiwidXJsIjoiL3N0YXJrL3dlYi9mb29kL2xpc3QvIn1dfSwiNCI6eyJ0aXRsZSI6Ilx1OTE0ZFx1N2Y2ZVx1N2JhMVx1NzQwNiIsImljb24iOiJmYSBmYS10d2l0Y2giLCJzb3J0Ijo5OSwiY2hpbGRyZW4iOlt7ImlkIjo5LCJ0aXRsZSI6Ilx1NzUyOFx1NjIzN1x1NTIxN1x1ODg2OCIsInVybCI6Ii9zdGFyay93ZWIvdXNlcmluZm8vbGlzdC8ifSx7ImlkIjo0NywidGl0bGUiOiJcdTg5ZDJcdTgyNzJcdTUyMTdcdTg4NjgiLCJ1cmwiOiIvcmJhYy9yb2xlL2xpc3QvIn0seyJpZCI6NTEsInRpdGxlIjoiXHU4M2RjXHU1MzU1XHU1MjE3XHU4ODY4IiwidXJsIjoiL3JiYWMvbWVudS9saXN0LyJ9LHsiaWQiOjYzLCJ0aXRsZSI6Ilx1NTIwNlx1OTE0ZFx1Njc0M1x1OTY1MCIsInVybCI6Ii9yYmFjL2Rpc3RyaWJ1dGUvcGVybWlzc2lvbnMvIn1dfX0sImNvbXBhbnlfcGVybWlzc2lvbl91cmxfbGlzdF9rZXkiOnsid2ViX2NvbXBhbnlfYWRkIjp7ImlkIjoyLCJ0aXRsZSI6Ilx1NmRmYlx1NTJhMFx1NGYwMVx1NGUxYSIsInVybCI6Ii9zdGFyay93ZWIvY29tcGFueS9hZGQvIiwicGlkIjoxLCJwX3RpdGxlIjoiXHU0ZjAxXHU0ZTFhXHU1MjE3XHU4ODY4IiwicF91cmwiOiIvc3Rhcmsvd2ViL2NvbXBhbnkvbGlzdC8ifSwid2ViX2NvbXBhbnlfY2hhbmdlIjp7ImlkIjozLCJ0aXRsZSI6Ilx1NGZlZVx1NjUzOVx1NGYwMVx1NGUxYSIsInVybCI6Ii9zdGFyay93ZWIvY29tcGFueS9jaGFuZ2UvKD9QPHBrPlxcZCspLyIsInBpZCI6MSwicF90aXRsZSI6Ilx1NGYwMVx1NGUxYVx1NTIxN1x1ODg2OCIsInBfdXJsIjoiL3N0YXJrL3dlYi9jb21wYW55L2xpc3QvIn0sIndlYl9jb21wYW55X2RlbGV0ZSI6eyJpZCI6NCwidGl0bGUiOiJcdTUyMjBcdTk2NjRcdTRmMDFcdTRlMWEiLCJ1cmwiOiIvc3Rhcmsvd2ViL2NvbXBhbnkvZGVsZXRlLyg/UDxwaz5cXGQrKS8iLCJwaWQiOjEsInBfdGl0bGUiOiJcdTRmMDFcdTRlMWFcdTUyMTdcdTg4NjgiLCJwX3VybCI6Ii9zdGFyay93ZWIvY29tcGFueS9saXN0LyJ9LCJ3ZWJfdXNlcmluZm9fYWRkIjp7ImlkIjoxMCwidGl0bGUiOiJcdTZkZmJcdTUyYTBcdTc1MjhcdTYyMzciLCJ1cmwiOiIvc3Rhcmsvd2ViL3VzZXJpbmZvL2FkZC8iLCJwaWQiOjksInBfdGl0bGUiOiJcdTc1MjhcdTYyMzdcdTUyMTdcdTg4NjgiLCJwX3VybCI6Ii9zdGFyay93ZWIvdXNlcmluZm8vbGlzdC8ifSwid2ViX3VzZXJpbmZvX2NoYW5nZSI6eyJpZCI6MTEsInRpdGxlIjoiXHU0ZmVlXHU2NTM5XHU3NTI4XHU2MjM3IiwidXJsIjoiL3N0YXJrL3dlYi91c2VyaW5mby9jaGFuZ2UvKD9QPHBrPlxcZCspLyIsInBpZCI6OSwicF90aXRsZSI6Ilx1NzUyOFx1NjIzN1x1NTIxN1x1ODg2OCIsInBfdXJsIjoiL3N0YXJrL3dlYi91c2VyaW5mby9saXN0LyJ9LCJ3ZWJfdXNlcmluZm9fZGVsZXRlIjp7ImlkIjoxMiwidGl0bGUiOiJcdTUyMjBcdTk2NjRcdTc1MjhcdTYyMzciLCJ1cmwiOiIvc3Rhcmsvd2ViL3VzZXJpbmZvL2RlbGV0ZS8oP1A8cGs+XFxkKykvIiwicGlkIjo5LCJwX3RpdGxlIjoiXHU3NTI4XHU2MjM3XHU1MjE3XHU4ODY4IiwicF91cmwiOiIvc3Rhcmsvd2ViL3VzZXJpbmZvL2xpc3QvIn0sIndlYl91c2VyaW5mb19yZXN0X3B3ZCI6eyJpZCI6MTMsInRpdGxlIjoiXHU5MWNkXHU3ZjZlXHU1YmM2XHU3ODAxIiwidXJsIjoiL3N0YXJrL3dlYi91c2VyaW5mby9yZXNldC9wYXNzd29yZC8oP1A8cGs+XFxkKykiLCJwaWQiOjksInBfdGl0bGUiOiJcdTc1MjhcdTYyMzdcdTUyMTdcdTg4NjgiLCJwX3VybCI6Ii9zdGFyay93ZWIvdXNlcmluZm8vbGlzdC8ifSwicmJhYzpyb2xlX2FkZCI6eyJpZCI6NDgsInRpdGxlIjoiXHU2ZGZiXHU1MmEwXHU4OWQyXHU4MjcyIiwidXJsIjoiL3JiYWMvcm9sZS9hZGQvIiwicGlkIjo0NywicF90aXRsZSI6Ilx1ODlkMlx1ODI3Mlx1NTIxN1x1ODg2OCIsInBfdXJsIjoiL3JiYWMvcm9sZS9saXN0LyJ9LCJyYmFjOnJvbGVfZWRpdCI6eyJpZCI6NDksInRpdGxlIjoiXHU0ZmVlXHU2NTM5XHU4OWQyXHU4MjcyIiwidXJsIjoiL3JiYWMvcm9sZS9lZGl0Lyg/UDxwaz5cXGQrKS8iLCJwaWQiOjQ3LCJwX3RpdGxlIjoiXHU4OWQyXHU4MjcyXHU1MjE3XHU4ODY4IiwicF91cmwiOiIvcmJhYy9yb2xlL2xpc3QvIn0sInJiYWM6cm9sZV9kZWwiOnsiaWQiOjUwLCJ0aXRsZSI6Ilx1NTIyMFx1OTY2NFx1ODlkMlx1ODI3MiIsInVybCI6Ii9yYmFjL3JvbGUvZGVsLyg/UDxwaz5cXGQrKS8iLCJwaWQiOjQ3LCJwX3RpdGxlIjoiXHU4OWQyXHU4MjcyXHU1MjE3XHU4ODY4IiwicF91cmwiOiIvcmJhYy9yb2xlL2xpc3QvIn0sInJiYWM6bWVudV9hZGQiOnsiaWQiOjUyLCJ0aXRsZSI6Ilx1NmRmYlx1NTJhMFx1ODNkY1x1NTM1NSIsInVybCI6Ii9yYmFjL21lbnUvYWRkLyIsInBpZCI6NTEsInBfdGl0bGUiOiJcdTgzZGNcdTUzNTVcdTUyMTdcdTg4NjgiLCJwX3VybCI6Ii9yYmFjL21lbnUvbGlzdC8ifSwicmJhYzptZW51X2VkaXQiOnsiaWQiOjUzLCJ0aXRsZSI6Ilx1NGZlZVx1NjUzOVx1ODNkY1x1NTM1NSIsInVybCI6Ii9yYmFjL21lbnUvZWRpdC8oP1A8cGs+XFxkKykvIiwicGlkIjo1MSwicF90aXRsZSI6Ilx1ODNkY1x1NTM1NVx1NTIxN1x1ODg2OCIsInBfdXJsIjoiL3JiYWMvbWVudS9saXN0LyJ9LCJyYmFjOm1lbnVfZGVsIjp7ImlkIjo1NCwidGl0bGUiOiJcdTUyMjBcdTk2NjRcdTgzZGNcdTUzNTUiLCJ1cmwiOiIvcmJhYy9tZW51L2RlbC8oP1A8cGs+XFxkKykvIiwicGlkIjo1MSwicF90aXRsZSI6Ilx1ODNkY1x1NTM1NVx1NTIxN1x1ODg2OCIsInBfdXJsIjoiL3JiYWMvbWVudS9saXN0LyJ9LCJyYmFjOnNlY29uZF9tZW51X2FkZCI6eyJpZCI6NTUsInRpdGxlIjoiXHU2ZGZiXHU1MmEwXHU0ZThjXHU3ZWE3XHU4M2RjXHU1MzU1IiwidXJsIjoiL3JiYWMvc2Vjb25kL21lbnUvYWRkLyg/UDxtZW51X2lkPlxcZCspLyIsInBpZCI6NTEsInBfdGl0bGUiOiJcdTgzZGNcdTUzNTVcdTUyMTdcdTg4NjgiLCJwX3VybCI6Ii9yYmFjL21lbnUvbGlzdC8ifSwicmJhYzpzZWNvbmRfbWVudV9lZGl0Ijp7ImlkIjo1NiwidGl0bGUiOiJcdTRmZWVcdTY1MzlcdTRlOGNcdTdlYTdcdTgzZGNcdTUzNTUiLCJ1cmwiOiIvcmJhYy9zZWNvbmQvbWVudS9lZGl0Lyg/UDxwaz5cXGQrKS8iLCJwaWQiOjUxLCJwX3RpdGxlIjoiXHU4M2RjXHU1MzU1XHU1MjE3XHU4ODY4IiwicF91cmwiOiIvcmJhYy9tZW51L2xpc3QvIn0sInJiYWM6c2Vjb25kX21lbnVfZGVsIjp7ImlkIjo1NywidGl0bGUiOiJcdTUyMjBcdTk2NjRcdTRlOGNcdTdlYTdcdTgzZGNcdTUzNTUiLCJ1cmwiOiIvcmJhYy9zZWNvbmQvbWVudS9kZWwvKD9QPHBrPlxcZCspLyIsInBpZCI6NTEsInBfdGl0bGUiOiJcdTgzZGNcdTUzNTVcdTUyMTdcdTg4NjgiLCJwX3VybCI6Ii9yYmFjL21lbnUvbGlzdC8ifSwicmJhYzpwZXJtaXNzaW9uX2FkZCI6eyJpZCI6NTgsInRpdGxlIjoiXHU2ZGZiXHU1MmEwXHU2NzQzXHU5NjUwIiwidXJsIjoiL3JiYWMvcGVybWlzc2lvbi9hZGQvKD9QPHNlY29uZF9tZW51X2lkPlxcZCspLyIsInBpZCI6NTEsInBfdGl0bGUiOiJcdTgzZGNcdTUzNTVcdTUyMTdcdTg4NjgiLCJwX3VybCI6Ii9yYmFjL21lbnUvbGlzdC8ifSwicmJhYzpwZXJtaXNzaW9uX2VkaXQiOnsiaWQiOjU5LCJ0aXRsZSI6Ilx1NGZlZVx1NjUzOVx1Njc0M1x1OTY1MCIsInVybCI6Ii9yYmFjL3Blcm1pc3Npb24vZWRpdC8oP1A8cGs+XFxkKykvIiwicGlkIjo1MSwicF90aXRsZSI6Ilx1ODNkY1x1NTM1NVx1NTIxN1x1ODg2OCIsInBfdXJsIjoiL3JiYWMvbWVudS9saXN0LyJ9LCJyYmFjOnBlcm1pc3Npb25fZGVsIjp7ImlkIjo2MCwidGl0bGUiOiJcdTUyMjBcdTk2NjRcdTY3NDNcdTk2NTAiLCJ1cmwiOiIvcmJhYy9wZXJtaXNzaW9uL2RlbC8oP1A8cGs+XFxkKykvIiwicGlkIjo1MSwicF90aXRsZSI6Ilx1ODNkY1x1NTM1NVx1NTIxN1x1ODg2OCIsInBfdXJsIjoiL3JiYWMvbWVudS9saXN0LyJ9LCJyYmFjOm11bHRpX3Blcm1pc3Npb25zIjp7ImlkIjo2MSwidGl0bGUiOiJcdTYyNzlcdTkxY2ZcdTY0Y2RcdTRmNWNcdTY3NDNcdTk2NTAiLCJ1cmwiOiIvcmJhYy9tdWx0aS9wZXJtaXNzaW9ucy8iLCJwaWQiOjUxLCJwX3RpdGxlIjoiXHU4M2RjXHU1MzU1XHU1MjE3XHU4ODY4IiwicF91cmwiOiIvcmJhYy9tZW51L2xpc3QvIn0sInJiYWM6bXVsdGlfcGVybWlzc2lvbnNfZGVsIjp7ImlkIjo2MiwidGl0bGUiOiJcdTYyNzlcdTkxY2ZcdTUyMjBcdTk2NjRcdTY3NDNcdTk2NTAiLCJ1cmwiOiIvcmJhYy9tdWx0aS9wZXJtaXNzaW9ucy9kZWwvKD9QPHBrPlxcZCspLyIsInBpZCI6NTEsInBfdGl0bGUiOiJcdTgzZGNcdTUzNTVcdTUyMTdcdTg4NjgiLCJwX3VybCI6Ii9yYmFjL21lbnUvbGlzdC8ifSwid2ViX2Zvb2RfYWRkIjp7ImlkIjo2NiwidGl0bGUiOiJcdTZkZmJcdTUyYTBcdTk5MTBcdTk5ODYiLCJ1cmwiOiIvc3Rhcmsvd2ViL2Zvb2QvYWRkLyIsInBpZCI6NjUsInBfdGl0bGUiOiJcdTk5MTBcdTk5ODZcdTUyMTdcdTg4NjgiLCJwX3VybCI6Ii9zdGFyay93ZWIvZm9vZC9saXN0LyJ9LCJ3ZWJfZm9vZF9jaGFuZ2UiOnsiaWQiOjY3LCJ0aXRsZSI6Ilx1NGZlZVx1NjUzOVx1OTkxMFx1OTk4NiIsInVybCI6Ii9zdGFyay93ZWIvZm9vZC9jaGFuZ2UvKD9QPHBrPlxcZCspLyIsInBpZCI6NjUsInBfdGl0bGUiOiJcdTk5MTBcdTk5ODZcdTUyMTdcdTg4NjgiLCJwX3VybCI6Ii9zdGFyay93ZWIvZm9vZC9saXN0LyJ9LCJ3ZWJfZm9vZF9kZWxldGUiOnsiaWQiOjY4LCJ0aXRsZSI6Ilx1NTIyMFx1OTY2NFx1OTkxMFx1OTk4NiIsInVybCI6Ii9zdGFyay93ZWIvZm9vZC9kZWxldGUvKD9QPHBrPlxcZCspLyIsInBpZCI6NjUsInBfdGl0bGUiOiJcdTk5MTBcdTk5ODZcdTUyMTdcdTg4NjgiLCJwX3VybCI6Ii9zdGFyay93ZWIvZm9vZC9saXN0LyJ9LCJ3ZWJfY29tcGFueV9saXN0Ijp7ImlkIjoxLCJ0aXRsZSI6Ilx1NGYwMVx1NGUxYVx1NTIxN1x1ODg2OCIsInVybCI6Ii9zdGFyay93ZWIvY29tcGFueS9saXN0LyIsInBpZCI6bnVsbCwicF90aXRsZSI6bnVsbCwicF91cmwiOm51bGx9LCJ3ZWJfYXBpX2xpc3QiOnsiaWQiOjY5LCJ0aXRsZSI6Ilx1OGQ0NFx1OGQyOFx1OGJjMVx1NGVmNiIsInVybCI6Ii9zdGFyay93ZWIvY2FyZC9saXN0LyIsInBpZCI6bnVsbCwicF90aXRsZSI6bnVsbCwicF91cmwiOm51bGx9LCJ3ZWJfZm9vZF9saXN0Ijp7ImlkIjo2NSwidGl0bGUiOiJcdTk5MTBcdTk5ODZcdTUyMTdcdTg4NjgiLCJ1cmwiOiIvc3Rhcmsvd2ViL2Zvb2QvbGlzdC8iLCJwaWQiOm51bGwsInBfdGl0bGUiOm51bGwsInBfdXJsIjpudWxsfSwid2ViX3VzZXJpbmZvX2xpc3QiOnsiaWQiOjksInRpdGxlIjoiXHU3NTI4XHU2MjM3XHU1MjE3XHU4ODY4IiwidXJsIjoiL3N0YXJrL3dlYi91c2VyaW5mby9saXN0LyIsInBpZCI6bnVsbCwicF90aXRsZSI6bnVsbCwicF91cmwiOm51bGx9LCJyYmFjOnJvbGVfbGlzdCI6eyJpZCI6NDcsInRpdGxlIjoiXHU4OWQyXHU4MjcyXHU1MjE3XHU4ODY4IiwidXJsIjoiL3JiYWMvcm9sZS9saXN0LyIsInBpZCI6bnVsbCwicF90aXRsZSI6bnVsbCwicF91cmwiOm51bGx9LCJyYmFjOm1lbnVfbGlzdCI6eyJpZCI6NTEsInRpdGxlIjoiXHU4M2RjXHU1MzU1XHU1MjE3XHU4ODY4IiwidXJsIjoiL3JiYWMvbWVudS9saXN0LyIsInBpZCI6bnVsbCwicF90aXRsZSI6bnVsbCwicF91cmwiOm51bGx9LCJyYmFjOmRpc3RyaWJ1dGVfcGVybWlzc2lvbnMiOnsiaWQiOjYzLCJ0aXRsZSI6Ilx1NTIwNlx1OTE0ZFx1Njc0M1x1OTY1MCIsInVybCI6Ii9yYmFjL2Rpc3RyaWJ1dGUvcGVybWlzc2lvbnMvIiwicGlkIjpudWxsLCJwX3RpdGxlIjpudWxsLCJwX3VybCI6bnVsbH19LCJ1c2VyX2luZm8iOnsiaWQiOjEwLCJuaWNrbmFtZSI6Ilx1NWYyMFx1NTc2NCJ9fQ==', '2020-01-09 11:48:09.226747');
INSERT INTO `django_session` VALUES ('wb4lsk6yem9yugvbnkvjqj5z8wb4p0ah', 'YmQyNzk1M2I4OTQ0MDM4YzRiZGM0ZDcwZGU4NDczODMwMTg5NDNjNTp7ImNvbXBhbnlfbWVudV9saXN0X2tleSI6eyIxIjp7InRpdGxlIjoiXHU0ZjAxXHU0ZTFhXHU2NTcwXHU2MzZlIiwiaWNvbiI6ImZhIGZhLWJ1aWxkaW5nIiwic29ydCI6MSwiY2hpbGRyZW4iOlt7ImlkIjoxLCJ0aXRsZSI6Ilx1NGYwMVx1NGUxYVx1NTIxN1x1ODg2OCIsInVybCI6Ii9zdGFyay93ZWIvY29tcGFueS9saXN0LyJ9LHsiaWQiOjY5LCJ0aXRsZSI6Ilx1OGQ0NFx1OGQyOFx1OGJjMVx1NGVmNiIsInVybCI6Ii9zdGFyay93ZWIvY29tcGFueS9hcGkvbGlzdC8ifV19LCI2Ijp7InRpdGxlIjoiXHU5OTEwXHU5OTZlXHU2NTcwXHU2MzZlIiwiaWNvbiI6ImZhIGZhLWN1dGxlcnkiLCJzb3J0IjoyLCJjaGlsZHJlbiI6W3siaWQiOjY1LCJ0aXRsZSI6Ilx1OTkxMFx1OTk4Nlx1NTIxN1x1ODg2OCIsInVybCI6Ii9zdGFyay93ZWIvZm9vZC9saXN0LyJ9XX0sIjQiOnsidGl0bGUiOiJcdTkxNGRcdTdmNmVcdTdiYTFcdTc0MDYiLCJpY29uIjoiZmEgZmEtdHdpdGNoIiwic29ydCI6OTksImNoaWxkcmVuIjpbeyJpZCI6OSwidGl0bGUiOiJcdTc1MjhcdTYyMzdcdTUyMTdcdTg4NjgiLCJ1cmwiOiIvc3Rhcmsvd2ViL3VzZXJpbmZvL2xpc3QvIn0seyJpZCI6NDcsInRpdGxlIjoiXHU4OWQyXHU4MjcyXHU1MjE3XHU4ODY4IiwidXJsIjoiL3JiYWMvcm9sZS9saXN0LyJ9LHsiaWQiOjUxLCJ0aXRsZSI6Ilx1ODNkY1x1NTM1NVx1NTIxN1x1ODg2OCIsInVybCI6Ii9yYmFjL21lbnUvbGlzdC8ifSx7ImlkIjo2MywidGl0bGUiOiJcdTUyMDZcdTkxNGRcdTY3NDNcdTk2NTAiLCJ1cmwiOiIvcmJhYy9kaXN0cmlidXRlL3Blcm1pc3Npb25zLyJ9XX19LCJjb21wYW55X3Blcm1pc3Npb25fdXJsX2xpc3Rfa2V5Ijp7IndlYl9jb21wYW55X2FkZCI6eyJpZCI6MiwidGl0bGUiOiJcdTZkZmJcdTUyYTBcdTRmMDFcdTRlMWEiLCJ1cmwiOiIvc3Rhcmsvd2ViL2NvbXBhbnkvYWRkLyIsInBpZCI6MSwicF90aXRsZSI6Ilx1NGYwMVx1NGUxYVx1NTIxN1x1ODg2OCIsInBfdXJsIjoiL3N0YXJrL3dlYi9jb21wYW55L2xpc3QvIn0sIndlYl9jb21wYW55X2NoYW5nZSI6eyJpZCI6MywidGl0bGUiOiJcdTRmZWVcdTY1MzlcdTRmMDFcdTRlMWEiLCJ1cmwiOiIvc3Rhcmsvd2ViL2NvbXBhbnkvY2hhbmdlLyg/UDxwaz5cXGQrKS8iLCJwaWQiOjEsInBfdGl0bGUiOiJcdTRmMDFcdTRlMWFcdTUyMTdcdTg4NjgiLCJwX3VybCI6Ii9zdGFyay93ZWIvY29tcGFueS9saXN0LyJ9LCJ3ZWJfY29tcGFueV9kZWxldGUiOnsiaWQiOjQsInRpdGxlIjoiXHU1MjIwXHU5NjY0XHU0ZjAxXHU0ZTFhIiwidXJsIjoiL3N0YXJrL3dlYi9jb21wYW55L2RlbGV0ZS8oP1A8cGs+XFxkKykvIiwicGlkIjoxLCJwX3RpdGxlIjoiXHU0ZjAxXHU0ZTFhXHU1MjE3XHU4ODY4IiwicF91cmwiOiIvc3Rhcmsvd2ViL2NvbXBhbnkvbGlzdC8ifSwid2ViX3VzZXJpbmZvX2FkZCI6eyJpZCI6MTAsInRpdGxlIjoiXHU2ZGZiXHU1MmEwXHU3NTI4XHU2MjM3IiwidXJsIjoiL3N0YXJrL3dlYi91c2VyaW5mby9hZGQvIiwicGlkIjo5LCJwX3RpdGxlIjoiXHU3NTI4XHU2MjM3XHU1MjE3XHU4ODY4IiwicF91cmwiOiIvc3Rhcmsvd2ViL3VzZXJpbmZvL2xpc3QvIn0sIndlYl91c2VyaW5mb19jaGFuZ2UiOnsiaWQiOjExLCJ0aXRsZSI6Ilx1NGZlZVx1NjUzOVx1NzUyOFx1NjIzNyIsInVybCI6Ii9zdGFyay93ZWIvdXNlcmluZm8vY2hhbmdlLyg/UDxwaz5cXGQrKS8iLCJwaWQiOjksInBfdGl0bGUiOiJcdTc1MjhcdTYyMzdcdTUyMTdcdTg4NjgiLCJwX3VybCI6Ii9zdGFyay93ZWIvdXNlcmluZm8vbGlzdC8ifSwid2ViX3VzZXJpbmZvX2RlbGV0ZSI6eyJpZCI6MTIsInRpdGxlIjoiXHU1MjIwXHU5NjY0XHU3NTI4XHU2MjM3IiwidXJsIjoiL3N0YXJrL3dlYi91c2VyaW5mby9kZWxldGUvKD9QPHBrPlxcZCspLyIsInBpZCI6OSwicF90aXRsZSI6Ilx1NzUyOFx1NjIzN1x1NTIxN1x1ODg2OCIsInBfdXJsIjoiL3N0YXJrL3dlYi91c2VyaW5mby9saXN0LyJ9LCJ3ZWJfdXNlcmluZm9fcmVzdF9wd2QiOnsiaWQiOjEzLCJ0aXRsZSI6Ilx1OTFjZFx1N2Y2ZVx1NWJjNlx1NzgwMSIsInVybCI6Ii9zdGFyay93ZWIvdXNlcmluZm8vcmVzZXQvcGFzc3dvcmQvKD9QPHBrPlxcZCspIiwicGlkIjo5LCJwX3RpdGxlIjoiXHU3NTI4XHU2MjM3XHU1MjE3XHU4ODY4IiwicF91cmwiOiIvc3Rhcmsvd2ViL3VzZXJpbmZvL2xpc3QvIn0sInJiYWM6cm9sZV9hZGQiOnsiaWQiOjQ4LCJ0aXRsZSI6Ilx1NmRmYlx1NTJhMFx1ODlkMlx1ODI3MiIsInVybCI6Ii9yYmFjL3JvbGUvYWRkLyIsInBpZCI6NDcsInBfdGl0bGUiOiJcdTg5ZDJcdTgyNzJcdTUyMTdcdTg4NjgiLCJwX3VybCI6Ii9yYmFjL3JvbGUvbGlzdC8ifSwicmJhYzpyb2xlX2VkaXQiOnsiaWQiOjQ5LCJ0aXRsZSI6Ilx1NGZlZVx1NjUzOVx1ODlkMlx1ODI3MiIsInVybCI6Ii9yYmFjL3JvbGUvZWRpdC8oP1A8cGs+XFxkKykvIiwicGlkIjo0NywicF90aXRsZSI6Ilx1ODlkMlx1ODI3Mlx1NTIxN1x1ODg2OCIsInBfdXJsIjoiL3JiYWMvcm9sZS9saXN0LyJ9LCJyYmFjOnJvbGVfZGVsIjp7ImlkIjo1MCwidGl0bGUiOiJcdTUyMjBcdTk2NjRcdTg5ZDJcdTgyNzIiLCJ1cmwiOiIvcmJhYy9yb2xlL2RlbC8oP1A8cGs+XFxkKykvIiwicGlkIjo0NywicF90aXRsZSI6Ilx1ODlkMlx1ODI3Mlx1NTIxN1x1ODg2OCIsInBfdXJsIjoiL3JiYWMvcm9sZS9saXN0LyJ9LCJyYmFjOm1lbnVfYWRkIjp7ImlkIjo1MiwidGl0bGUiOiJcdTZkZmJcdTUyYTBcdTgzZGNcdTUzNTUiLCJ1cmwiOiIvcmJhYy9tZW51L2FkZC8iLCJwaWQiOjUxLCJwX3RpdGxlIjoiXHU4M2RjXHU1MzU1XHU1MjE3XHU4ODY4IiwicF91cmwiOiIvcmJhYy9tZW51L2xpc3QvIn0sInJiYWM6bWVudV9lZGl0Ijp7ImlkIjo1MywidGl0bGUiOiJcdTRmZWVcdTY1MzlcdTgzZGNcdTUzNTUiLCJ1cmwiOiIvcmJhYy9tZW51L2VkaXQvKD9QPHBrPlxcZCspLyIsInBpZCI6NTEsInBfdGl0bGUiOiJcdTgzZGNcdTUzNTVcdTUyMTdcdTg4NjgiLCJwX3VybCI6Ii9yYmFjL21lbnUvbGlzdC8ifSwicmJhYzptZW51X2RlbCI6eyJpZCI6NTQsInRpdGxlIjoiXHU1MjIwXHU5NjY0XHU4M2RjXHU1MzU1IiwidXJsIjoiL3JiYWMvbWVudS9kZWwvKD9QPHBrPlxcZCspLyIsInBpZCI6NTEsInBfdGl0bGUiOiJcdTgzZGNcdTUzNTVcdTUyMTdcdTg4NjgiLCJwX3VybCI6Ii9yYmFjL21lbnUvbGlzdC8ifSwicmJhYzpzZWNvbmRfbWVudV9hZGQiOnsiaWQiOjU1LCJ0aXRsZSI6Ilx1NmRmYlx1NTJhMFx1NGU4Y1x1N2VhN1x1ODNkY1x1NTM1NSIsInVybCI6Ii9yYmFjL3NlY29uZC9tZW51L2FkZC8oP1A8bWVudV9pZD5cXGQrKS8iLCJwaWQiOjUxLCJwX3RpdGxlIjoiXHU4M2RjXHU1MzU1XHU1MjE3XHU4ODY4IiwicF91cmwiOiIvcmJhYy9tZW51L2xpc3QvIn0sInJiYWM6c2Vjb25kX21lbnVfZWRpdCI6eyJpZCI6NTYsInRpdGxlIjoiXHU0ZmVlXHU2NTM5XHU0ZThjXHU3ZWE3XHU4M2RjXHU1MzU1IiwidXJsIjoiL3JiYWMvc2Vjb25kL21lbnUvZWRpdC8oP1A8cGs+XFxkKykvIiwicGlkIjo1MSwicF90aXRsZSI6Ilx1ODNkY1x1NTM1NVx1NTIxN1x1ODg2OCIsInBfdXJsIjoiL3JiYWMvbWVudS9saXN0LyJ9LCJyYmFjOnNlY29uZF9tZW51X2RlbCI6eyJpZCI6NTcsInRpdGxlIjoiXHU1MjIwXHU5NjY0XHU0ZThjXHU3ZWE3XHU4M2RjXHU1MzU1IiwidXJsIjoiL3JiYWMvc2Vjb25kL21lbnUvZGVsLyg/UDxwaz5cXGQrKS8iLCJwaWQiOjUxLCJwX3RpdGxlIjoiXHU4M2RjXHU1MzU1XHU1MjE3XHU4ODY4IiwicF91cmwiOiIvcmJhYy9tZW51L2xpc3QvIn0sInJiYWM6cGVybWlzc2lvbl9hZGQiOnsiaWQiOjU4LCJ0aXRsZSI6Ilx1NmRmYlx1NTJhMFx1Njc0M1x1OTY1MCIsInVybCI6Ii9yYmFjL3Blcm1pc3Npb24vYWRkLyg/UDxzZWNvbmRfbWVudV9pZD5cXGQrKS8iLCJwaWQiOjUxLCJwX3RpdGxlIjoiXHU4M2RjXHU1MzU1XHU1MjE3XHU4ODY4IiwicF91cmwiOiIvcmJhYy9tZW51L2xpc3QvIn0sInJiYWM6cGVybWlzc2lvbl9lZGl0Ijp7ImlkIjo1OSwidGl0bGUiOiJcdTRmZWVcdTY1MzlcdTY3NDNcdTk2NTAiLCJ1cmwiOiIvcmJhYy9wZXJtaXNzaW9uL2VkaXQvKD9QPHBrPlxcZCspLyIsInBpZCI6NTEsInBfdGl0bGUiOiJcdTgzZGNcdTUzNTVcdTUyMTdcdTg4NjgiLCJwX3VybCI6Ii9yYmFjL21lbnUvbGlzdC8ifSwicmJhYzpwZXJtaXNzaW9uX2RlbCI6eyJpZCI6NjAsInRpdGxlIjoiXHU1MjIwXHU5NjY0XHU2NzQzXHU5NjUwIiwidXJsIjoiL3JiYWMvcGVybWlzc2lvbi9kZWwvKD9QPHBrPlxcZCspLyIsInBpZCI6NTEsInBfdGl0bGUiOiJcdTgzZGNcdTUzNTVcdTUyMTdcdTg4NjgiLCJwX3VybCI6Ii9yYmFjL21lbnUvbGlzdC8ifSwicmJhYzptdWx0aV9wZXJtaXNzaW9ucyI6eyJpZCI6NjEsInRpdGxlIjoiXHU2Mjc5XHU5MWNmXHU2NGNkXHU0ZjVjXHU2NzQzXHU5NjUwIiwidXJsIjoiL3JiYWMvbXVsdGkvcGVybWlzc2lvbnMvIiwicGlkIjo1MSwicF90aXRsZSI6Ilx1ODNkY1x1NTM1NVx1NTIxN1x1ODg2OCIsInBfdXJsIjoiL3JiYWMvbWVudS9saXN0LyJ9LCJyYmFjOm11bHRpX3Blcm1pc3Npb25zX2RlbCI6eyJpZCI6NjIsInRpdGxlIjoiXHU2Mjc5XHU5MWNmXHU1MjIwXHU5NjY0XHU2NzQzXHU5NjUwIiwidXJsIjoiL3JiYWMvbXVsdGkvcGVybWlzc2lvbnMvZGVsLyg/UDxwaz5cXGQrKS8iLCJwaWQiOjUxLCJwX3RpdGxlIjoiXHU4M2RjXHU1MzU1XHU1MjE3XHU4ODY4IiwicF91cmwiOiIvcmJhYy9tZW51L2xpc3QvIn0sIndlYl9mb29kX2FkZCI6eyJpZCI6NjYsInRpdGxlIjoiXHU2ZGZiXHU1MmEwXHU5OTEwXHU5OTg2IiwidXJsIjoiL3N0YXJrL3dlYi9mb29kL2FkZC8iLCJwaWQiOjY1LCJwX3RpdGxlIjoiXHU5OTEwXHU5OTg2XHU1MjE3XHU4ODY4IiwicF91cmwiOiIvc3Rhcmsvd2ViL2Zvb2QvbGlzdC8ifSwid2ViX2Zvb2RfY2hhbmdlIjp7ImlkIjo2NywidGl0bGUiOiJcdTRmZWVcdTY1MzlcdTk5MTBcdTk5ODYiLCJ1cmwiOiIvc3Rhcmsvd2ViL2Zvb2QvY2hhbmdlLyg/UDxwaz5cXGQrKS8iLCJwaWQiOjY1LCJwX3RpdGxlIjoiXHU5OTEwXHU5OTg2XHU1MjE3XHU4ODY4IiwicF91cmwiOiIvc3Rhcmsvd2ViL2Zvb2QvbGlzdC8ifSwid2ViX2Zvb2RfZGVsZXRlIjp7ImlkIjo2OCwidGl0bGUiOiJcdTUyMjBcdTk2NjRcdTk5MTBcdTk5ODYiLCJ1cmwiOiIvc3Rhcmsvd2ViL2Zvb2QvZGVsZXRlLyg/UDxwaz5cXGQrKS8iLCJwaWQiOjY1LCJwX3RpdGxlIjoiXHU5OTEwXHU5OTg2XHU1MjE3XHU4ODY4IiwicF91cmwiOiIvc3Rhcmsvd2ViL2Zvb2QvbGlzdC8ifSwid2ViX2NvbXBhbnlfYXBpX2FkZCI6eyJpZCI6NzEsInRpdGxlIjoiXHU2NWIwXHU1ODllXHU4ZDQ0XHU4ZDI4IiwidXJsIjoiL3N0YXJrL3dlYi9jb21wYW55L2FwaS9hZGQvIiwicGlkIjo2OSwicF90aXRsZSI6Ilx1OGQ0NFx1OGQyOFx1OGJjMVx1NGVmNiIsInBfdXJsIjoiL3N0YXJrL3dlYi9jb21wYW55L2FwaS9saXN0LyJ9LCJ3ZWJfY29tcGFueV9saXN0Ijp7ImlkIjoxLCJ0aXRsZSI6Ilx1NGYwMVx1NGUxYVx1NTIxN1x1ODg2OCIsInVybCI6Ii9zdGFyay93ZWIvY29tcGFueS9saXN0LyIsInBpZCI6bnVsbCwicF90aXRsZSI6bnVsbCwicF91cmwiOm51bGx9LCJ3ZWJfY29tcGFueV9hcGlfbGlzdCI6eyJpZCI6NjksInRpdGxlIjoiXHU4ZDQ0XHU4ZDI4XHU4YmMxXHU0ZWY2IiwidXJsIjoiL3N0YXJrL3dlYi9jb21wYW55L2FwaS9saXN0LyIsInBpZCI6bnVsbCwicF90aXRsZSI6bnVsbCwicF91cmwiOm51bGx9LCJ3ZWJfZm9vZF9saXN0Ijp7ImlkIjo2NSwidGl0bGUiOiJcdTk5MTBcdTk5ODZcdTUyMTdcdTg4NjgiLCJ1cmwiOiIvc3Rhcmsvd2ViL2Zvb2QvbGlzdC8iLCJwaWQiOm51bGwsInBfdGl0bGUiOm51bGwsInBfdXJsIjpudWxsfSwid2ViX3VzZXJpbmZvX2xpc3QiOnsiaWQiOjksInRpdGxlIjoiXHU3NTI4XHU2MjM3XHU1MjE3XHU4ODY4IiwidXJsIjoiL3N0YXJrL3dlYi91c2VyaW5mby9saXN0LyIsInBpZCI6bnVsbCwicF90aXRsZSI6bnVsbCwicF91cmwiOm51bGx9LCJyYmFjOnJvbGVfbGlzdCI6eyJpZCI6NDcsInRpdGxlIjoiXHU4OWQyXHU4MjcyXHU1MjE3XHU4ODY4IiwidXJsIjoiL3JiYWMvcm9sZS9saXN0LyIsInBpZCI6bnVsbCwicF90aXRsZSI6bnVsbCwicF91cmwiOm51bGx9LCJyYmFjOm1lbnVfbGlzdCI6eyJpZCI6NTEsInRpdGxlIjoiXHU4M2RjXHU1MzU1XHU1MjE3XHU4ODY4IiwidXJsIjoiL3JiYWMvbWVudS9saXN0LyIsInBpZCI6bnVsbCwicF90aXRsZSI6bnVsbCwicF91cmwiOm51bGx9LCJyYmFjOmRpc3RyaWJ1dGVfcGVybWlzc2lvbnMiOnsiaWQiOjYzLCJ0aXRsZSI6Ilx1NTIwNlx1OTE0ZFx1Njc0M1x1OTY1MCIsInVybCI6Ii9yYmFjL2Rpc3RyaWJ1dGUvcGVybWlzc2lvbnMvIiwicGlkIjpudWxsLCJwX3RpdGxlIjpudWxsLCJwX3VybCI6bnVsbH19LCJ1c2VyX2luZm8iOnsiaWQiOjEwLCJuaWNrbmFtZSI6Ilx1NWYyMFx1NTc2NCJ9fQ==', '2020-01-09 09:53:53.614592');
INSERT INTO `django_session` VALUES ('xvhc8owywf4zvxnbktmd3ii8vzfvyqbq', 'NmJiNTJkNmE2ZWE1MjE0OGMwYzhkNzE0MDU1MWM2ZDdiMTY2N2E3Yjp7ImNvbXBhbnlfbWVudV9saXN0X2tleSI6eyIxIjp7InRpdGxlIjoiXHU0ZjAxXHU0ZTFhXHU2NTcwXHU2MzZlIiwiaWNvbiI6ImZhIGZhLWJ1aWxkaW5nIiwic29ydCI6MSwiY2hpbGRyZW4iOlt7ImlkIjoxLCJ0aXRsZSI6Ilx1NGYwMVx1NGUxYVx1NTIxN1x1ODg2OCIsInVybCI6Ii9zdGFyay93ZWIvY29tcGFueS9saXN0LyJ9LHsiaWQiOjY5LCJ0aXRsZSI6Ilx1OGQ0NFx1OGQyOFx1OGJjMVx1NGVmNiIsInVybCI6Ii9zdGFyay93ZWIvY2FyZC9saXN0LyJ9XX0sIjYiOnsidGl0bGUiOiJcdTk5MTBcdTk5NmVcdTY1NzBcdTYzNmUiLCJpY29uIjoiZmEgZmEtY3V0bGVyeSIsInNvcnQiOjIsImNoaWxkcmVuIjpbeyJpZCI6NjUsInRpdGxlIjoiXHU5OTEwXHU5OTg2XHU1MjE3XHU4ODY4IiwidXJsIjoiL3N0YXJrL3dlYi9mb29kL2xpc3QvIn1dfSwiNCI6eyJ0aXRsZSI6Ilx1OTE0ZFx1N2Y2ZVx1N2JhMVx1NzQwNiIsImljb24iOiJmYSBmYS10d2l0Y2giLCJzb3J0Ijo5OSwiY2hpbGRyZW4iOlt7ImlkIjo5LCJ0aXRsZSI6Ilx1NzUyOFx1NjIzN1x1NTIxN1x1ODg2OCIsInVybCI6Ii9zdGFyay93ZWIvdXNlcmluZm8vbGlzdC8ifSx7ImlkIjo0NywidGl0bGUiOiJcdTg5ZDJcdTgyNzJcdTUyMTdcdTg4NjgiLCJ1cmwiOiIvcmJhYy9yb2xlL2xpc3QvIn0seyJpZCI6NTEsInRpdGxlIjoiXHU4M2RjXHU1MzU1XHU1MjE3XHU4ODY4IiwidXJsIjoiL3JiYWMvbWVudS9saXN0LyJ9LHsiaWQiOjYzLCJ0aXRsZSI6Ilx1NTIwNlx1OTE0ZFx1Njc0M1x1OTY1MCIsInVybCI6Ii9yYmFjL2Rpc3RyaWJ1dGUvcGVybWlzc2lvbnMvIn1dfX0sImNvbXBhbnlfcGVybWlzc2lvbl91cmxfbGlzdF9rZXkiOnsid2ViX2NvbXBhbnlfYWRkIjp7ImlkIjoyLCJ0aXRsZSI6Ilx1NmRmYlx1NTJhMFx1NGYwMVx1NGUxYSIsInVybCI6Ii9zdGFyay93ZWIvY29tcGFueS9hZGQvIiwicGlkIjoxLCJwX3RpdGxlIjoiXHU0ZjAxXHU0ZTFhXHU1MjE3XHU4ODY4IiwicF91cmwiOiIvc3Rhcmsvd2ViL2NvbXBhbnkvbGlzdC8ifSwid2ViX2NvbXBhbnlfY2hhbmdlIjp7ImlkIjozLCJ0aXRsZSI6Ilx1NGZlZVx1NjUzOVx1NGYwMVx1NGUxYSIsInVybCI6Ii9zdGFyay93ZWIvY29tcGFueS9jaGFuZ2UvKD9QPHBrPlxcZCspLyIsInBpZCI6MSwicF90aXRsZSI6Ilx1NGYwMVx1NGUxYVx1NTIxN1x1ODg2OCIsInBfdXJsIjoiL3N0YXJrL3dlYi9jb21wYW55L2xpc3QvIn0sIndlYl9jb21wYW55X2RlbGV0ZSI6eyJpZCI6NCwidGl0bGUiOiJcdTUyMjBcdTk2NjRcdTRmMDFcdTRlMWEiLCJ1cmwiOiIvc3Rhcmsvd2ViL2NvbXBhbnkvZGVsZXRlLyg/UDxwaz5cXGQrKS8iLCJwaWQiOjEsInBfdGl0bGUiOiJcdTRmMDFcdTRlMWFcdTUyMTdcdTg4NjgiLCJwX3VybCI6Ii9zdGFyay93ZWIvY29tcGFueS9saXN0LyJ9LCJ3ZWJfdXNlcmluZm9fYWRkIjp7ImlkIjoxMCwidGl0bGUiOiJcdTZkZmJcdTUyYTBcdTc1MjhcdTYyMzciLCJ1cmwiOiIvc3Rhcmsvd2ViL3VzZXJpbmZvL2FkZC8iLCJwaWQiOjksInBfdGl0bGUiOiJcdTc1MjhcdTYyMzdcdTUyMTdcdTg4NjgiLCJwX3VybCI6Ii9zdGFyay93ZWIvdXNlcmluZm8vbGlzdC8ifSwid2ViX3VzZXJpbmZvX2NoYW5nZSI6eyJpZCI6MTEsInRpdGxlIjoiXHU0ZmVlXHU2NTM5XHU3NTI4XHU2MjM3IiwidXJsIjoiL3N0YXJrL3dlYi91c2VyaW5mby9jaGFuZ2UvKD9QPHBrPlxcZCspLyIsInBpZCI6OSwicF90aXRsZSI6Ilx1NzUyOFx1NjIzN1x1NTIxN1x1ODg2OCIsInBfdXJsIjoiL3N0YXJrL3dlYi91c2VyaW5mby9saXN0LyJ9LCJ3ZWJfdXNlcmluZm9fZGVsZXRlIjp7ImlkIjoxMiwidGl0bGUiOiJcdTUyMjBcdTk2NjRcdTc1MjhcdTYyMzciLCJ1cmwiOiIvc3Rhcmsvd2ViL3VzZXJpbmZvL2RlbGV0ZS8oP1A8cGs+XFxkKykvIiwicGlkIjo5LCJwX3RpdGxlIjoiXHU3NTI4XHU2MjM3XHU1MjE3XHU4ODY4IiwicF91cmwiOiIvc3Rhcmsvd2ViL3VzZXJpbmZvL2xpc3QvIn0sIndlYl91c2VyaW5mb19yZXN0X3B3ZCI6eyJpZCI6MTMsInRpdGxlIjoiXHU5MWNkXHU3ZjZlXHU1YmM2XHU3ODAxIiwidXJsIjoiL3N0YXJrL3dlYi91c2VyaW5mby9yZXNldC9wYXNzd29yZC8oP1A8cGs+XFxkKykiLCJwaWQiOjksInBfdGl0bGUiOiJcdTc1MjhcdTYyMzdcdTUyMTdcdTg4NjgiLCJwX3VybCI6Ii9zdGFyay93ZWIvdXNlcmluZm8vbGlzdC8ifSwicmJhYzpyb2xlX2FkZCI6eyJpZCI6NDgsInRpdGxlIjoiXHU2ZGZiXHU1MmEwXHU4OWQyXHU4MjcyIiwidXJsIjoiL3JiYWMvcm9sZS9hZGQvIiwicGlkIjo0NywicF90aXRsZSI6Ilx1ODlkMlx1ODI3Mlx1NTIxN1x1ODg2OCIsInBfdXJsIjoiL3JiYWMvcm9sZS9saXN0LyJ9LCJyYmFjOnJvbGVfZWRpdCI6eyJpZCI6NDksInRpdGxlIjoiXHU0ZmVlXHU2NTM5XHU4OWQyXHU4MjcyIiwidXJsIjoiL3JiYWMvcm9sZS9lZGl0Lyg/UDxwaz5cXGQrKS8iLCJwaWQiOjQ3LCJwX3RpdGxlIjoiXHU4OWQyXHU4MjcyXHU1MjE3XHU4ODY4IiwicF91cmwiOiIvcmJhYy9yb2xlL2xpc3QvIn0sInJiYWM6cm9sZV9kZWwiOnsiaWQiOjUwLCJ0aXRsZSI6Ilx1NTIyMFx1OTY2NFx1ODlkMlx1ODI3MiIsInVybCI6Ii9yYmFjL3JvbGUvZGVsLyg/UDxwaz5cXGQrKS8iLCJwaWQiOjQ3LCJwX3RpdGxlIjoiXHU4OWQyXHU4MjcyXHU1MjE3XHU4ODY4IiwicF91cmwiOiIvcmJhYy9yb2xlL2xpc3QvIn0sInJiYWM6bWVudV9hZGQiOnsiaWQiOjUyLCJ0aXRsZSI6Ilx1NmRmYlx1NTJhMFx1ODNkY1x1NTM1NSIsInVybCI6Ii9yYmFjL21lbnUvYWRkLyIsInBpZCI6NTEsInBfdGl0bGUiOiJcdTgzZGNcdTUzNTVcdTUyMTdcdTg4NjgiLCJwX3VybCI6Ii9yYmFjL21lbnUvbGlzdC8ifSwicmJhYzptZW51X2VkaXQiOnsiaWQiOjUzLCJ0aXRsZSI6Ilx1NGZlZVx1NjUzOVx1ODNkY1x1NTM1NSIsInVybCI6Ii9yYmFjL21lbnUvZWRpdC8oP1A8cGs+XFxkKykvIiwicGlkIjo1MSwicF90aXRsZSI6Ilx1ODNkY1x1NTM1NVx1NTIxN1x1ODg2OCIsInBfdXJsIjoiL3JiYWMvbWVudS9saXN0LyJ9LCJyYmFjOm1lbnVfZGVsIjp7ImlkIjo1NCwidGl0bGUiOiJcdTUyMjBcdTk2NjRcdTgzZGNcdTUzNTUiLCJ1cmwiOiIvcmJhYy9tZW51L2RlbC8oP1A8cGs+XFxkKykvIiwicGlkIjo1MSwicF90aXRsZSI6Ilx1ODNkY1x1NTM1NVx1NTIxN1x1ODg2OCIsInBfdXJsIjoiL3JiYWMvbWVudS9saXN0LyJ9LCJyYmFjOnNlY29uZF9tZW51X2FkZCI6eyJpZCI6NTUsInRpdGxlIjoiXHU2ZGZiXHU1MmEwXHU0ZThjXHU3ZWE3XHU4M2RjXHU1MzU1IiwidXJsIjoiL3JiYWMvc2Vjb25kL21lbnUvYWRkLyg/UDxtZW51X2lkPlxcZCspLyIsInBpZCI6NTEsInBfdGl0bGUiOiJcdTgzZGNcdTUzNTVcdTUyMTdcdTg4NjgiLCJwX3VybCI6Ii9yYmFjL21lbnUvbGlzdC8ifSwicmJhYzpzZWNvbmRfbWVudV9lZGl0Ijp7ImlkIjo1NiwidGl0bGUiOiJcdTRmZWVcdTY1MzlcdTRlOGNcdTdlYTdcdTgzZGNcdTUzNTUiLCJ1cmwiOiIvcmJhYy9zZWNvbmQvbWVudS9lZGl0Lyg/UDxwaz5cXGQrKS8iLCJwaWQiOjUxLCJwX3RpdGxlIjoiXHU4M2RjXHU1MzU1XHU1MjE3XHU4ODY4IiwicF91cmwiOiIvcmJhYy9tZW51L2xpc3QvIn0sInJiYWM6c2Vjb25kX21lbnVfZGVsIjp7ImlkIjo1NywidGl0bGUiOiJcdTUyMjBcdTk2NjRcdTRlOGNcdTdlYTdcdTgzZGNcdTUzNTUiLCJ1cmwiOiIvcmJhYy9zZWNvbmQvbWVudS9kZWwvKD9QPHBrPlxcZCspLyIsInBpZCI6NTEsInBfdGl0bGUiOiJcdTgzZGNcdTUzNTVcdTUyMTdcdTg4NjgiLCJwX3VybCI6Ii9yYmFjL21lbnUvbGlzdC8ifSwicmJhYzpwZXJtaXNzaW9uX2FkZCI6eyJpZCI6NTgsInRpdGxlIjoiXHU2ZGZiXHU1MmEwXHU2NzQzXHU5NjUwIiwidXJsIjoiL3JiYWMvcGVybWlzc2lvbi9hZGQvKD9QPHNlY29uZF9tZW51X2lkPlxcZCspLyIsInBpZCI6NTEsInBfdGl0bGUiOiJcdTgzZGNcdTUzNTVcdTUyMTdcdTg4NjgiLCJwX3VybCI6Ii9yYmFjL21lbnUvbGlzdC8ifSwicmJhYzpwZXJtaXNzaW9uX2VkaXQiOnsiaWQiOjU5LCJ0aXRsZSI6Ilx1NGZlZVx1NjUzOVx1Njc0M1x1OTY1MCIsInVybCI6Ii9yYmFjL3Blcm1pc3Npb24vZWRpdC8oP1A8cGs+XFxkKykvIiwicGlkIjo1MSwicF90aXRsZSI6Ilx1ODNkY1x1NTM1NVx1NTIxN1x1ODg2OCIsInBfdXJsIjoiL3JiYWMvbWVudS9saXN0LyJ9LCJyYmFjOnBlcm1pc3Npb25fZGVsIjp7ImlkIjo2MCwidGl0bGUiOiJcdTUyMjBcdTk2NjRcdTY3NDNcdTk2NTAiLCJ1cmwiOiIvcmJhYy9wZXJtaXNzaW9uL2RlbC8oP1A8cGs+XFxkKykvIiwicGlkIjo1MSwicF90aXRsZSI6Ilx1ODNkY1x1NTM1NVx1NTIxN1x1ODg2OCIsInBfdXJsIjoiL3JiYWMvbWVudS9saXN0LyJ9LCJyYmFjOm11bHRpX3Blcm1pc3Npb25zIjp7ImlkIjo2MSwidGl0bGUiOiJcdTYyNzlcdTkxY2ZcdTY0Y2RcdTRmNWNcdTY3NDNcdTk2NTAiLCJ1cmwiOiIvcmJhYy9tdWx0aS9wZXJtaXNzaW9ucy8iLCJwaWQiOjUxLCJwX3RpdGxlIjoiXHU4M2RjXHU1MzU1XHU1MjE3XHU4ODY4IiwicF91cmwiOiIvcmJhYy9tZW51L2xpc3QvIn0sInJiYWM6bXVsdGlfcGVybWlzc2lvbnNfZGVsIjp7ImlkIjo2MiwidGl0bGUiOiJcdTYyNzlcdTkxY2ZcdTUyMjBcdTk2NjRcdTY3NDNcdTk2NTAiLCJ1cmwiOiIvcmJhYy9tdWx0aS9wZXJtaXNzaW9ucy9kZWwvKD9QPHBrPlxcZCspLyIsInBpZCI6NTEsInBfdGl0bGUiOiJcdTgzZGNcdTUzNTVcdTUyMTdcdTg4NjgiLCJwX3VybCI6Ii9yYmFjL21lbnUvbGlzdC8ifSwid2ViX2Zvb2RfYWRkIjp7ImlkIjo2NiwidGl0bGUiOiJcdTZkZmJcdTUyYTBcdTk5MTBcdTk5ODYiLCJ1cmwiOiIvc3Rhcmsvd2ViL2Zvb2QvYWRkLyIsInBpZCI6NjUsInBfdGl0bGUiOiJcdTk5MTBcdTk5ODZcdTUyMTdcdTg4NjgiLCJwX3VybCI6Ii9zdGFyay93ZWIvZm9vZC9saXN0LyJ9LCJ3ZWJfZm9vZF9jaGFuZ2UiOnsiaWQiOjY3LCJ0aXRsZSI6Ilx1NGZlZVx1NjUzOVx1OTkxMFx1OTk4NiIsInVybCI6Ii9zdGFyay93ZWIvZm9vZC9jaGFuZ2UvKD9QPHBrPlxcZCspLyIsInBpZCI6NjUsInBfdGl0bGUiOiJcdTk5MTBcdTk5ODZcdTUyMTdcdTg4NjgiLCJwX3VybCI6Ii9zdGFyay93ZWIvZm9vZC9saXN0LyJ9LCJ3ZWJfZm9vZF9kZWxldGUiOnsiaWQiOjY4LCJ0aXRsZSI6Ilx1NTIyMFx1OTY2NFx1OTkxMFx1OTk4NiIsInVybCI6Ii9zdGFyay93ZWIvZm9vZC9kZWxldGUvKD9QPHBrPlxcZCspLyIsInBpZCI6NjUsInBfdGl0bGUiOiJcdTk5MTBcdTk5ODZcdTUyMTdcdTg4NjgiLCJwX3VybCI6Ii9zdGFyay93ZWIvZm9vZC9saXN0LyJ9LCJ3ZWJfY29tcGFueV9saXN0Ijp7ImlkIjoxLCJ0aXRsZSI6Ilx1NGYwMVx1NGUxYVx1NTIxN1x1ODg2OCIsInVybCI6Ii9zdGFyay93ZWIvY29tcGFueS9saXN0LyIsInBpZCI6bnVsbCwicF90aXRsZSI6bnVsbCwicF91cmwiOm51bGx9LCJ3ZWJfYXBpX2xpc3QiOnsiaWQiOjY5LCJ0aXRsZSI6Ilx1OGQ0NFx1OGQyOFx1OGJjMVx1NGVmNiIsInVybCI6Ii9zdGFyay93ZWIvY2FyZC9saXN0LyIsInBpZCI6bnVsbCwicF90aXRsZSI6bnVsbCwicF91cmwiOm51bGx9LCJ3ZWJfZm9vZF9saXN0Ijp7ImlkIjo2NSwidGl0bGUiOiJcdTk5MTBcdTk5ODZcdTUyMTdcdTg4NjgiLCJ1cmwiOiIvc3Rhcmsvd2ViL2Zvb2QvbGlzdC8iLCJwaWQiOm51bGwsInBfdGl0bGUiOm51bGwsInBfdXJsIjpudWxsfSwid2ViX3VzZXJpbmZvX2xpc3QiOnsiaWQiOjksInRpdGxlIjoiXHU3NTI4XHU2MjM3XHU1MjE3XHU4ODY4IiwidXJsIjoiL3N0YXJrL3dlYi91c2VyaW5mby9saXN0LyIsInBpZCI6bnVsbCwicF90aXRsZSI6bnVsbCwicF91cmwiOm51bGx9LCJyYmFjOnJvbGVfbGlzdCI6eyJpZCI6NDcsInRpdGxlIjoiXHU4OWQyXHU4MjcyXHU1MjE3XHU4ODY4IiwidXJsIjoiL3JiYWMvcm9sZS9saXN0LyIsInBpZCI6bnVsbCwicF90aXRsZSI6bnVsbCwicF91cmwiOm51bGx9LCJyYmFjOm1lbnVfbGlzdCI6eyJpZCI6NTEsInRpdGxlIjoiXHU4M2RjXHU1MzU1XHU1MjE3XHU4ODY4IiwidXJsIjoiL3JiYWMvbWVudS9saXN0LyIsInBpZCI6bnVsbCwicF90aXRsZSI6bnVsbCwicF91cmwiOm51bGx9LCJyYmFjOmRpc3RyaWJ1dGVfcGVybWlzc2lvbnMiOnsiaWQiOjYzLCJ0aXRsZSI6Ilx1NTIwNlx1OTE0ZFx1Njc0M1x1OTY1MCIsInVybCI6Ii9yYmFjL2Rpc3RyaWJ1dGUvcGVybWlzc2lvbnMvIiwicGlkIjpudWxsLCJwX3RpdGxlIjpudWxsLCJwX3VybCI6bnVsbH19LCJ1c2VyX2luZm8iOnsiaWQiOjEwLCJuaWNrbmFtZSI6Ilx1NWYyMFx1NTc2NCJ9fQ==', '2020-01-09 11:52:29.388466');
INSERT INTO `django_session` VALUES ('yhav32ju4k7mhvo0kb9f4ne20ryczvjt', 'YmQyNzk1M2I4OTQ0MDM4YzRiZGM0ZDcwZGU4NDczODMwMTg5NDNjNTp7ImNvbXBhbnlfbWVudV9saXN0X2tleSI6eyIxIjp7InRpdGxlIjoiXHU0ZjAxXHU0ZTFhXHU2NTcwXHU2MzZlIiwiaWNvbiI6ImZhIGZhLWJ1aWxkaW5nIiwic29ydCI6MSwiY2hpbGRyZW4iOlt7ImlkIjoxLCJ0aXRsZSI6Ilx1NGYwMVx1NGUxYVx1NTIxN1x1ODg2OCIsInVybCI6Ii9zdGFyay93ZWIvY29tcGFueS9saXN0LyJ9LHsiaWQiOjY5LCJ0aXRsZSI6Ilx1OGQ0NFx1OGQyOFx1OGJjMVx1NGVmNiIsInVybCI6Ii9zdGFyay93ZWIvY29tcGFueS9hcGkvbGlzdC8ifV19LCI2Ijp7InRpdGxlIjoiXHU5OTEwXHU5OTZlXHU2NTcwXHU2MzZlIiwiaWNvbiI6ImZhIGZhLWN1dGxlcnkiLCJzb3J0IjoyLCJjaGlsZHJlbiI6W3siaWQiOjY1LCJ0aXRsZSI6Ilx1OTkxMFx1OTk4Nlx1NTIxN1x1ODg2OCIsInVybCI6Ii9zdGFyay93ZWIvZm9vZC9saXN0LyJ9XX0sIjQiOnsidGl0bGUiOiJcdTkxNGRcdTdmNmVcdTdiYTFcdTc0MDYiLCJpY29uIjoiZmEgZmEtdHdpdGNoIiwic29ydCI6OTksImNoaWxkcmVuIjpbeyJpZCI6OSwidGl0bGUiOiJcdTc1MjhcdTYyMzdcdTUyMTdcdTg4NjgiLCJ1cmwiOiIvc3Rhcmsvd2ViL3VzZXJpbmZvL2xpc3QvIn0seyJpZCI6NDcsInRpdGxlIjoiXHU4OWQyXHU4MjcyXHU1MjE3XHU4ODY4IiwidXJsIjoiL3JiYWMvcm9sZS9saXN0LyJ9LHsiaWQiOjUxLCJ0aXRsZSI6Ilx1ODNkY1x1NTM1NVx1NTIxN1x1ODg2OCIsInVybCI6Ii9yYmFjL21lbnUvbGlzdC8ifSx7ImlkIjo2MywidGl0bGUiOiJcdTUyMDZcdTkxNGRcdTY3NDNcdTk2NTAiLCJ1cmwiOiIvcmJhYy9kaXN0cmlidXRlL3Blcm1pc3Npb25zLyJ9XX19LCJjb21wYW55X3Blcm1pc3Npb25fdXJsX2xpc3Rfa2V5Ijp7IndlYl9jb21wYW55X2FkZCI6eyJpZCI6MiwidGl0bGUiOiJcdTZkZmJcdTUyYTBcdTRmMDFcdTRlMWEiLCJ1cmwiOiIvc3Rhcmsvd2ViL2NvbXBhbnkvYWRkLyIsInBpZCI6MSwicF90aXRsZSI6Ilx1NGYwMVx1NGUxYVx1NTIxN1x1ODg2OCIsInBfdXJsIjoiL3N0YXJrL3dlYi9jb21wYW55L2xpc3QvIn0sIndlYl9jb21wYW55X2NoYW5nZSI6eyJpZCI6MywidGl0bGUiOiJcdTRmZWVcdTY1MzlcdTRmMDFcdTRlMWEiLCJ1cmwiOiIvc3Rhcmsvd2ViL2NvbXBhbnkvY2hhbmdlLyg/UDxwaz5cXGQrKS8iLCJwaWQiOjEsInBfdGl0bGUiOiJcdTRmMDFcdTRlMWFcdTUyMTdcdTg4NjgiLCJwX3VybCI6Ii9zdGFyay93ZWIvY29tcGFueS9saXN0LyJ9LCJ3ZWJfY29tcGFueV9kZWxldGUiOnsiaWQiOjQsInRpdGxlIjoiXHU1MjIwXHU5NjY0XHU0ZjAxXHU0ZTFhIiwidXJsIjoiL3N0YXJrL3dlYi9jb21wYW55L2RlbGV0ZS8oP1A8cGs+XFxkKykvIiwicGlkIjoxLCJwX3RpdGxlIjoiXHU0ZjAxXHU0ZTFhXHU1MjE3XHU4ODY4IiwicF91cmwiOiIvc3Rhcmsvd2ViL2NvbXBhbnkvbGlzdC8ifSwid2ViX3VzZXJpbmZvX2FkZCI6eyJpZCI6MTAsInRpdGxlIjoiXHU2ZGZiXHU1MmEwXHU3NTI4XHU2MjM3IiwidXJsIjoiL3N0YXJrL3dlYi91c2VyaW5mby9hZGQvIiwicGlkIjo5LCJwX3RpdGxlIjoiXHU3NTI4XHU2MjM3XHU1MjE3XHU4ODY4IiwicF91cmwiOiIvc3Rhcmsvd2ViL3VzZXJpbmZvL2xpc3QvIn0sIndlYl91c2VyaW5mb19jaGFuZ2UiOnsiaWQiOjExLCJ0aXRsZSI6Ilx1NGZlZVx1NjUzOVx1NzUyOFx1NjIzNyIsInVybCI6Ii9zdGFyay93ZWIvdXNlcmluZm8vY2hhbmdlLyg/UDxwaz5cXGQrKS8iLCJwaWQiOjksInBfdGl0bGUiOiJcdTc1MjhcdTYyMzdcdTUyMTdcdTg4NjgiLCJwX3VybCI6Ii9zdGFyay93ZWIvdXNlcmluZm8vbGlzdC8ifSwid2ViX3VzZXJpbmZvX2RlbGV0ZSI6eyJpZCI6MTIsInRpdGxlIjoiXHU1MjIwXHU5NjY0XHU3NTI4XHU2MjM3IiwidXJsIjoiL3N0YXJrL3dlYi91c2VyaW5mby9kZWxldGUvKD9QPHBrPlxcZCspLyIsInBpZCI6OSwicF90aXRsZSI6Ilx1NzUyOFx1NjIzN1x1NTIxN1x1ODg2OCIsInBfdXJsIjoiL3N0YXJrL3dlYi91c2VyaW5mby9saXN0LyJ9LCJ3ZWJfdXNlcmluZm9fcmVzdF9wd2QiOnsiaWQiOjEzLCJ0aXRsZSI6Ilx1OTFjZFx1N2Y2ZVx1NWJjNlx1NzgwMSIsInVybCI6Ii9zdGFyay93ZWIvdXNlcmluZm8vcmVzZXQvcGFzc3dvcmQvKD9QPHBrPlxcZCspIiwicGlkIjo5LCJwX3RpdGxlIjoiXHU3NTI4XHU2MjM3XHU1MjE3XHU4ODY4IiwicF91cmwiOiIvc3Rhcmsvd2ViL3VzZXJpbmZvL2xpc3QvIn0sInJiYWM6cm9sZV9hZGQiOnsiaWQiOjQ4LCJ0aXRsZSI6Ilx1NmRmYlx1NTJhMFx1ODlkMlx1ODI3MiIsInVybCI6Ii9yYmFjL3JvbGUvYWRkLyIsInBpZCI6NDcsInBfdGl0bGUiOiJcdTg5ZDJcdTgyNzJcdTUyMTdcdTg4NjgiLCJwX3VybCI6Ii9yYmFjL3JvbGUvbGlzdC8ifSwicmJhYzpyb2xlX2VkaXQiOnsiaWQiOjQ5LCJ0aXRsZSI6Ilx1NGZlZVx1NjUzOVx1ODlkMlx1ODI3MiIsInVybCI6Ii9yYmFjL3JvbGUvZWRpdC8oP1A8cGs+XFxkKykvIiwicGlkIjo0NywicF90aXRsZSI6Ilx1ODlkMlx1ODI3Mlx1NTIxN1x1ODg2OCIsInBfdXJsIjoiL3JiYWMvcm9sZS9saXN0LyJ9LCJyYmFjOnJvbGVfZGVsIjp7ImlkIjo1MCwidGl0bGUiOiJcdTUyMjBcdTk2NjRcdTg5ZDJcdTgyNzIiLCJ1cmwiOiIvcmJhYy9yb2xlL2RlbC8oP1A8cGs+XFxkKykvIiwicGlkIjo0NywicF90aXRsZSI6Ilx1ODlkMlx1ODI3Mlx1NTIxN1x1ODg2OCIsInBfdXJsIjoiL3JiYWMvcm9sZS9saXN0LyJ9LCJyYmFjOm1lbnVfYWRkIjp7ImlkIjo1MiwidGl0bGUiOiJcdTZkZmJcdTUyYTBcdTgzZGNcdTUzNTUiLCJ1cmwiOiIvcmJhYy9tZW51L2FkZC8iLCJwaWQiOjUxLCJwX3RpdGxlIjoiXHU4M2RjXHU1MzU1XHU1MjE3XHU4ODY4IiwicF91cmwiOiIvcmJhYy9tZW51L2xpc3QvIn0sInJiYWM6bWVudV9lZGl0Ijp7ImlkIjo1MywidGl0bGUiOiJcdTRmZWVcdTY1MzlcdTgzZGNcdTUzNTUiLCJ1cmwiOiIvcmJhYy9tZW51L2VkaXQvKD9QPHBrPlxcZCspLyIsInBpZCI6NTEsInBfdGl0bGUiOiJcdTgzZGNcdTUzNTVcdTUyMTdcdTg4NjgiLCJwX3VybCI6Ii9yYmFjL21lbnUvbGlzdC8ifSwicmJhYzptZW51X2RlbCI6eyJpZCI6NTQsInRpdGxlIjoiXHU1MjIwXHU5NjY0XHU4M2RjXHU1MzU1IiwidXJsIjoiL3JiYWMvbWVudS9kZWwvKD9QPHBrPlxcZCspLyIsInBpZCI6NTEsInBfdGl0bGUiOiJcdTgzZGNcdTUzNTVcdTUyMTdcdTg4NjgiLCJwX3VybCI6Ii9yYmFjL21lbnUvbGlzdC8ifSwicmJhYzpzZWNvbmRfbWVudV9hZGQiOnsiaWQiOjU1LCJ0aXRsZSI6Ilx1NmRmYlx1NTJhMFx1NGU4Y1x1N2VhN1x1ODNkY1x1NTM1NSIsInVybCI6Ii9yYmFjL3NlY29uZC9tZW51L2FkZC8oP1A8bWVudV9pZD5cXGQrKS8iLCJwaWQiOjUxLCJwX3RpdGxlIjoiXHU4M2RjXHU1MzU1XHU1MjE3XHU4ODY4IiwicF91cmwiOiIvcmJhYy9tZW51L2xpc3QvIn0sInJiYWM6c2Vjb25kX21lbnVfZWRpdCI6eyJpZCI6NTYsInRpdGxlIjoiXHU0ZmVlXHU2NTM5XHU0ZThjXHU3ZWE3XHU4M2RjXHU1MzU1IiwidXJsIjoiL3JiYWMvc2Vjb25kL21lbnUvZWRpdC8oP1A8cGs+XFxkKykvIiwicGlkIjo1MSwicF90aXRsZSI6Ilx1ODNkY1x1NTM1NVx1NTIxN1x1ODg2OCIsInBfdXJsIjoiL3JiYWMvbWVudS9saXN0LyJ9LCJyYmFjOnNlY29uZF9tZW51X2RlbCI6eyJpZCI6NTcsInRpdGxlIjoiXHU1MjIwXHU5NjY0XHU0ZThjXHU3ZWE3XHU4M2RjXHU1MzU1IiwidXJsIjoiL3JiYWMvc2Vjb25kL21lbnUvZGVsLyg/UDxwaz5cXGQrKS8iLCJwaWQiOjUxLCJwX3RpdGxlIjoiXHU4M2RjXHU1MzU1XHU1MjE3XHU4ODY4IiwicF91cmwiOiIvcmJhYy9tZW51L2xpc3QvIn0sInJiYWM6cGVybWlzc2lvbl9hZGQiOnsiaWQiOjU4LCJ0aXRsZSI6Ilx1NmRmYlx1NTJhMFx1Njc0M1x1OTY1MCIsInVybCI6Ii9yYmFjL3Blcm1pc3Npb24vYWRkLyg/UDxzZWNvbmRfbWVudV9pZD5cXGQrKS8iLCJwaWQiOjUxLCJwX3RpdGxlIjoiXHU4M2RjXHU1MzU1XHU1MjE3XHU4ODY4IiwicF91cmwiOiIvcmJhYy9tZW51L2xpc3QvIn0sInJiYWM6cGVybWlzc2lvbl9lZGl0Ijp7ImlkIjo1OSwidGl0bGUiOiJcdTRmZWVcdTY1MzlcdTY3NDNcdTk2NTAiLCJ1cmwiOiIvcmJhYy9wZXJtaXNzaW9uL2VkaXQvKD9QPHBrPlxcZCspLyIsInBpZCI6NTEsInBfdGl0bGUiOiJcdTgzZGNcdTUzNTVcdTUyMTdcdTg4NjgiLCJwX3VybCI6Ii9yYmFjL21lbnUvbGlzdC8ifSwicmJhYzpwZXJtaXNzaW9uX2RlbCI6eyJpZCI6NjAsInRpdGxlIjoiXHU1MjIwXHU5NjY0XHU2NzQzXHU5NjUwIiwidXJsIjoiL3JiYWMvcGVybWlzc2lvbi9kZWwvKD9QPHBrPlxcZCspLyIsInBpZCI6NTEsInBfdGl0bGUiOiJcdTgzZGNcdTUzNTVcdTUyMTdcdTg4NjgiLCJwX3VybCI6Ii9yYmFjL21lbnUvbGlzdC8ifSwicmJhYzptdWx0aV9wZXJtaXNzaW9ucyI6eyJpZCI6NjEsInRpdGxlIjoiXHU2Mjc5XHU5MWNmXHU2NGNkXHU0ZjVjXHU2NzQzXHU5NjUwIiwidXJsIjoiL3JiYWMvbXVsdGkvcGVybWlzc2lvbnMvIiwicGlkIjo1MSwicF90aXRsZSI6Ilx1ODNkY1x1NTM1NVx1NTIxN1x1ODg2OCIsInBfdXJsIjoiL3JiYWMvbWVudS9saXN0LyJ9LCJyYmFjOm11bHRpX3Blcm1pc3Npb25zX2RlbCI6eyJpZCI6NjIsInRpdGxlIjoiXHU2Mjc5XHU5MWNmXHU1MjIwXHU5NjY0XHU2NzQzXHU5NjUwIiwidXJsIjoiL3JiYWMvbXVsdGkvcGVybWlzc2lvbnMvZGVsLyg/UDxwaz5cXGQrKS8iLCJwaWQiOjUxLCJwX3RpdGxlIjoiXHU4M2RjXHU1MzU1XHU1MjE3XHU4ODY4IiwicF91cmwiOiIvcmJhYy9tZW51L2xpc3QvIn0sIndlYl9mb29kX2FkZCI6eyJpZCI6NjYsInRpdGxlIjoiXHU2ZGZiXHU1MmEwXHU5OTEwXHU5OTg2IiwidXJsIjoiL3N0YXJrL3dlYi9mb29kL2FkZC8iLCJwaWQiOjY1LCJwX3RpdGxlIjoiXHU5OTEwXHU5OTg2XHU1MjE3XHU4ODY4IiwicF91cmwiOiIvc3Rhcmsvd2ViL2Zvb2QvbGlzdC8ifSwid2ViX2Zvb2RfY2hhbmdlIjp7ImlkIjo2NywidGl0bGUiOiJcdTRmZWVcdTY1MzlcdTk5MTBcdTk5ODYiLCJ1cmwiOiIvc3Rhcmsvd2ViL2Zvb2QvY2hhbmdlLyg/UDxwaz5cXGQrKS8iLCJwaWQiOjY1LCJwX3RpdGxlIjoiXHU5OTEwXHU5OTg2XHU1MjE3XHU4ODY4IiwicF91cmwiOiIvc3Rhcmsvd2ViL2Zvb2QvbGlzdC8ifSwid2ViX2Zvb2RfZGVsZXRlIjp7ImlkIjo2OCwidGl0bGUiOiJcdTUyMjBcdTk2NjRcdTk5MTBcdTk5ODYiLCJ1cmwiOiIvc3Rhcmsvd2ViL2Zvb2QvZGVsZXRlLyg/UDxwaz5cXGQrKS8iLCJwaWQiOjY1LCJwX3RpdGxlIjoiXHU5OTEwXHU5OTg2XHU1MjE3XHU4ODY4IiwicF91cmwiOiIvc3Rhcmsvd2ViL2Zvb2QvbGlzdC8ifSwid2ViX2NvbXBhbnlfYXBpX2FkZCI6eyJpZCI6NzEsInRpdGxlIjoiXHU2NWIwXHU1ODllXHU4ZDQ0XHU4ZDI4IiwidXJsIjoiL3N0YXJrL3dlYi9jb21wYW55L2FwaS9hZGQvIiwicGlkIjo2OSwicF90aXRsZSI6Ilx1OGQ0NFx1OGQyOFx1OGJjMVx1NGVmNiIsInBfdXJsIjoiL3N0YXJrL3dlYi9jb21wYW55L2FwaS9saXN0LyJ9LCJ3ZWJfY29tcGFueV9saXN0Ijp7ImlkIjoxLCJ0aXRsZSI6Ilx1NGYwMVx1NGUxYVx1NTIxN1x1ODg2OCIsInVybCI6Ii9zdGFyay93ZWIvY29tcGFueS9saXN0LyIsInBpZCI6bnVsbCwicF90aXRsZSI6bnVsbCwicF91cmwiOm51bGx9LCJ3ZWJfY29tcGFueV9hcGlfbGlzdCI6eyJpZCI6NjksInRpdGxlIjoiXHU4ZDQ0XHU4ZDI4XHU4YmMxXHU0ZWY2IiwidXJsIjoiL3N0YXJrL3dlYi9jb21wYW55L2FwaS9saXN0LyIsInBpZCI6bnVsbCwicF90aXRsZSI6bnVsbCwicF91cmwiOm51bGx9LCJ3ZWJfZm9vZF9saXN0Ijp7ImlkIjo2NSwidGl0bGUiOiJcdTk5MTBcdTk5ODZcdTUyMTdcdTg4NjgiLCJ1cmwiOiIvc3Rhcmsvd2ViL2Zvb2QvbGlzdC8iLCJwaWQiOm51bGwsInBfdGl0bGUiOm51bGwsInBfdXJsIjpudWxsfSwid2ViX3VzZXJpbmZvX2xpc3QiOnsiaWQiOjksInRpdGxlIjoiXHU3NTI4XHU2MjM3XHU1MjE3XHU4ODY4IiwidXJsIjoiL3N0YXJrL3dlYi91c2VyaW5mby9saXN0LyIsInBpZCI6bnVsbCwicF90aXRsZSI6bnVsbCwicF91cmwiOm51bGx9LCJyYmFjOnJvbGVfbGlzdCI6eyJpZCI6NDcsInRpdGxlIjoiXHU4OWQyXHU4MjcyXHU1MjE3XHU4ODY4IiwidXJsIjoiL3JiYWMvcm9sZS9saXN0LyIsInBpZCI6bnVsbCwicF90aXRsZSI6bnVsbCwicF91cmwiOm51bGx9LCJyYmFjOm1lbnVfbGlzdCI6eyJpZCI6NTEsInRpdGxlIjoiXHU4M2RjXHU1MzU1XHU1MjE3XHU4ODY4IiwidXJsIjoiL3JiYWMvbWVudS9saXN0LyIsInBpZCI6bnVsbCwicF90aXRsZSI6bnVsbCwicF91cmwiOm51bGx9LCJyYmFjOmRpc3RyaWJ1dGVfcGVybWlzc2lvbnMiOnsiaWQiOjYzLCJ0aXRsZSI6Ilx1NTIwNlx1OTE0ZFx1Njc0M1x1OTY1MCIsInVybCI6Ii9yYmFjL2Rpc3RyaWJ1dGUvcGVybWlzc2lvbnMvIiwicGlkIjpudWxsLCJwX3RpdGxlIjpudWxsLCJwX3VybCI6bnVsbH19LCJ1c2VyX2luZm8iOnsiaWQiOjEwLCJuaWNrbmFtZSI6Ilx1NWYyMFx1NTc2NCJ9fQ==', '2019-12-27 10:18:21.884777');
COMMIT;

-- ----------------------------
-- Table structure for rbac_menu
-- ----------------------------
DROP TABLE IF EXISTS `rbac_menu`;
CREATE TABLE `rbac_menu` (
  `id` int(11) NOT NULL AUTO_INCREMENT,
  `title` longtext NOT NULL,
  `icon` longtext NOT NULL,
  `sort` int(11) NOT NULL,
  PRIMARY KEY (`id`)
) ENGINE=InnoDB AUTO_INCREMENT=7 DEFAULT CHARSET=utf8;

-- ----------------------------
-- Records of rbac_menu
-- ----------------------------
BEGIN;
INSERT INTO `rbac_menu` VALUES (1, '企业数据', 'fa fa-building', 1);
INSERT INTO `rbac_menu` VALUES (4, '配置管理', 'fa fa-twitch', 99);
INSERT INTO `rbac_menu` VALUES (6, '餐饮数据', 'fa fa-cutlery', 2);
COMMIT;

-- ----------------------------
-- Table structure for rbac_permission
-- ----------------------------
DROP TABLE IF EXISTS `rbac_permission`;
CREATE TABLE `rbac_permission` (
  `id` int(11) NOT NULL AUTO_INCREMENT,
  `title` longtext NOT NULL,
  `url` longtext NOT NULL,
  `name` longtext NOT NULL,
  `menu_id` int(11) DEFAULT NULL,
  `pid_id` int(11) DEFAULT NULL,
  PRIMARY KEY (`id`),
  KEY `rbac_permission_menu_id_3dcc68be` (`menu_id`),
  KEY `rbac_permission_pid_id_6939354d` (`pid_id`),
  CONSTRAINT `rbac_permission_ibfk_1` FOREIGN KEY (`menu_id`) REFERENCES `rbac_menu` (`id`) ON DELETE NO ACTION ON UPDATE NO ACTION,
  CONSTRAINT `rbac_permission_ibfk_2` FOREIGN KEY (`pid_id`) REFERENCES `rbac_permission` (`id`) ON DELETE NO ACTION ON UPDATE NO ACTION
) ENGINE=InnoDB AUTO_INCREMENT=84 DEFAULT CHARSET=utf8;

-- ----------------------------
-- Records of rbac_permission
-- ----------------------------
BEGIN;
INSERT INTO `rbac_permission` VALUES (1, '企业列表', '/stark/web/company/list/', 'web_company_list', 1, NULL);
INSERT INTO `rbac_permission` VALUES (2, '添加企业', '/stark/web/company/add/', 'web_company_add', NULL, 1);
INSERT INTO `rbac_permission` VALUES (3, '修改企业', '/stark/web/company/change/(?P<pk>\\d+)/', 'web_company_change', NULL, 1);
INSERT INTO `rbac_permission` VALUES (4, '删除企业', '/stark/web/company/delete/(?P<pk>\\d+)/', 'web_company_delete', NULL, 1);
INSERT INTO `rbac_permission` VALUES (9, '用户列表', '/stark/web/userinfo/list/', 'web_userinfo_list', 4, NULL);
INSERT INTO `rbac_permission` VALUES (10, '添加用户', '/stark/web/userinfo/add/', 'web_userinfo_add', NULL, 9);
INSERT INTO `rbac_permission` VALUES (11, '修改用户', '/stark/web/userinfo/change/(?P<pk>\\d+)/', 'web_userinfo_change', NULL, 9);
INSERT INTO `rbac_permission` VALUES (12, '删除用户', '/stark/web/userinfo/delete/(?P<pk>\\d+)/', 'web_userinfo_delete', NULL, 9);
INSERT INTO `rbac_permission` VALUES (13, '重置密码', '/stark/web/userinfo/reset/password/(?P<pk>\\d+)', 'web_userinfo_rest_pwd', NULL, 9);
INSERT INTO `rbac_permission` VALUES (47, '角色列表', '/rbac/role/list/', 'rbac:role_list', 4, NULL);
INSERT INTO `rbac_permission` VALUES (48, '添加角色', '/rbac/role/add/', 'rbac:role_add', NULL, 47);
INSERT INTO `rbac_permission` VALUES (49, '修改角色', '/rbac/role/edit/(?P<pk>\\d+)/', 'rbac:role_edit', NULL, 47);
INSERT INTO `rbac_permission` VALUES (50, '删除角色', '/rbac/role/del/(?P<pk>\\d+)/', 'rbac:role_del', NULL, 47);
INSERT INTO `rbac_permission` VALUES (51, '菜单列表', '/rbac/menu/list/', 'rbac:menu_list', 4, NULL);
INSERT INTO `rbac_permission` VALUES (52, '添加菜单', '/rbac/menu/add/', 'rbac:menu_add', NULL, 51);
INSERT INTO `rbac_permission` VALUES (53, '修改菜单', '/rbac/menu/edit/(?P<pk>\\d+)/', 'rbac:menu_edit', NULL, 51);
INSERT INTO `rbac_permission` VALUES (54, '删除菜单', '/rbac/menu/del/(?P<pk>\\d+)/', 'rbac:menu_del', NULL, 51);
INSERT INTO `rbac_permission` VALUES (55, '添加二级菜单', '/rbac/second/menu/add/(?P<menu_id>\\d+)/', 'rbac:second_menu_add', NULL, 51);
INSERT INTO `rbac_permission` VALUES (56, '修改二级菜单', '/rbac/second/menu/edit/(?P<pk>\\d+)/', 'rbac:second_menu_edit', NULL, 51);
INSERT INTO `rbac_permission` VALUES (57, '删除二级菜单', '/rbac/second/menu/del/(?P<pk>\\d+)/', 'rbac:second_menu_del', NULL, 51);
INSERT INTO `rbac_permission` VALUES (58, '添加权限', '/rbac/permission/add/(?P<second_menu_id>\\d+)/', 'rbac:permission_add', NULL, 51);
INSERT INTO `rbac_permission` VALUES (59, '修改权限', '/rbac/permission/edit/(?P<pk>\\d+)/', 'rbac:permission_edit', NULL, 51);
INSERT INTO `rbac_permission` VALUES (60, '删除权限', '/rbac/permission/del/(?P<pk>\\d+)/', 'rbac:permission_del', NULL, 51);
INSERT INTO `rbac_permission` VALUES (61, '批量操作权限', '/rbac/multi/permissions/', 'rbac:multi_permissions', NULL, 51);
INSERT INTO `rbac_permission` VALUES (62, '批量删除权限', '/rbac/multi/permissions/del/(?P<pk>\\d+)/', 'rbac:multi_permissions_del', NULL, 51);
INSERT INTO `rbac_permission` VALUES (63, '分配权限', '/rbac/distribute/permissions/', 'rbac:distribute_permissions', 4, NULL);
INSERT INTO `rbac_permission` VALUES (65, '餐馆列表', '/stark/web/food/list/', 'web_food_list', 6, NULL);
INSERT INTO `rbac_permission` VALUES (66, '添加餐馆', '/stark/web/food/add/', 'web_food_add', NULL, 65);
INSERT INTO `rbac_permission` VALUES (67, '修改餐馆', '/stark/web/food/change/(?P<pk>\\d+)/', 'web_food_change', NULL, 65);
INSERT INTO `rbac_permission` VALUES (68, '删除餐馆', '/stark/web/food/delete/(?P<pk>\\d+)/', 'web_food_delete', NULL, 65);
INSERT INTO `rbac_permission` VALUES (79, '登录', '/', 'login', 4, NULL);
INSERT INTO `rbac_permission` VALUES (80, '证件信息', '/stark/web/card/list/', 'web_card_list', 1, NULL);
INSERT INTO `rbac_permission` VALUES (81, '新增资质', '/stark/web/card/add/', 'web_card_add', NULL, 80);
INSERT INTO `rbac_permission` VALUES (82, '修改资质', '/stark/web/card/change/(?P<pk>\\d+)/', 'web_card_change', NULL, 80);
INSERT INTO `rbac_permission` VALUES (83, '删除资质', '/stark/web/card/delete/(?P<pk>\\d+)/', 'web_card_delete', NULL, 80);
COMMIT;

-- ----------------------------
-- Table structure for rbac_role
-- ----------------------------
DROP TABLE IF EXISTS `rbac_role`;
CREATE TABLE `rbac_role` (
  `id` int(11) NOT NULL AUTO_INCREMENT,
  `title` longtext NOT NULL,
  PRIMARY KEY (`id`)
) ENGINE=InnoDB AUTO_INCREMENT=7 DEFAULT CHARSET=utf8;

-- ----------------------------
-- Records of rbac_role
-- ----------------------------
BEGIN;
INSERT INTO `rbac_role` VALUES (1, '数据采集员');
INSERT INTO `rbac_role` VALUES (2, '技术组长');
INSERT INTO `rbac_role` VALUES (3, '技术总监');
INSERT INTO `rbac_role` VALUES (4, '超级管理员');
INSERT INTO `rbac_role` VALUES (6, '观察员');
COMMIT;

-- ----------------------------
-- Table structure for rbac_role_permissions
-- ----------------------------
DROP TABLE IF EXISTS `rbac_role_permissions`;
CREATE TABLE `rbac_role_permissions` (
  `id` int(11) NOT NULL AUTO_INCREMENT,
  `role_id` int(11) NOT NULL,
  `permission_id` int(11) NOT NULL,
  PRIMARY KEY (`id`),
  KEY `rbac_role_permissions_permission_id_f5e1e866` (`permission_id`),
  KEY `rbac_role_permissions_role_id_d10416cb` (`role_id`),
  KEY `rbac_role_permissions_role_id_permission_id_d01303da_uniq` (`role_id`,`permission_id`),
  CONSTRAINT `rbac_role_permissions_ibfk_1` FOREIGN KEY (`role_id`) REFERENCES `rbac_role` (`id`) ON DELETE NO ACTION ON UPDATE NO ACTION,
  CONSTRAINT `rbac_role_permissions_ibfk_2` FOREIGN KEY (`permission_id`) REFERENCES `rbac_permission` (`id`) ON DELETE NO ACTION ON UPDATE NO ACTION
) ENGINE=InnoDB AUTO_INCREMENT=466 DEFAULT CHARSET=utf8;

-- ----------------------------
-- Records of rbac_role_permissions
-- ----------------------------
BEGIN;
INSERT INTO `rbac_role_permissions` VALUES (221, 1, 1);
INSERT INTO `rbac_role_permissions` VALUES (207, 1, 2);
INSERT INTO `rbac_role_permissions` VALUES (220, 1, 3);
INSERT INTO `rbac_role_permissions` VALUES (206, 1, 4);
INSERT INTO `rbac_role_permissions` VALUES (187, 3, 1);
INSERT INTO `rbac_role_permissions` VALUES (176, 3, 2);
INSERT INTO `rbac_role_permissions` VALUES (450, 4, 1);
INSERT INTO `rbac_role_permissions` VALUES (464, 4, 2);
INSERT INTO `rbac_role_permissions` VALUES (437, 4, 3);
INSERT INTO `rbac_role_permissions` VALUES (445, 4, 4);
INSERT INTO `rbac_role_permissions` VALUES (436, 4, 9);
INSERT INTO `rbac_role_permissions` VALUES (439, 4, 10);
INSERT INTO `rbac_role_permissions` VALUES (465, 4, 11);
INSERT INTO `rbac_role_permissions` VALUES (441, 4, 12);
INSERT INTO `rbac_role_permissions` VALUES (463, 4, 13);
INSERT INTO `rbac_role_permissions` VALUES (443, 4, 47);
INSERT INTO `rbac_role_permissions` VALUES (454, 4, 48);
INSERT INTO `rbac_role_permissions` VALUES (435, 4, 49);
INSERT INTO `rbac_role_permissions` VALUES (448, 4, 50);
INSERT INTO `rbac_role_permissions` VALUES (433, 4, 51);
INSERT INTO `rbac_role_permissions` VALUES (452, 4, 52);
INSERT INTO `rbac_role_permissions` VALUES (457, 4, 53);
INSERT INTO `rbac_role_permissions` VALUES (444, 4, 54);
INSERT INTO `rbac_role_permissions` VALUES (459, 4, 55);
INSERT INTO `rbac_role_permissions` VALUES (438, 4, 56);
INSERT INTO `rbac_role_permissions` VALUES (456, 4, 57);
INSERT INTO `rbac_role_permissions` VALUES (446, 4, 58);
INSERT INTO `rbac_role_permissions` VALUES (462, 4, 59);
INSERT INTO `rbac_role_permissions` VALUES (455, 4, 60);
INSERT INTO `rbac_role_permissions` VALUES (440, 4, 61);
INSERT INTO `rbac_role_permissions` VALUES (453, 4, 62);
INSERT INTO `rbac_role_permissions` VALUES (460, 4, 63);
INSERT INTO `rbac_role_permissions` VALUES (432, 4, 65);
INSERT INTO `rbac_role_permissions` VALUES (434, 4, 66);
INSERT INTO `rbac_role_permissions` VALUES (458, 4, 67);
INSERT INTO `rbac_role_permissions` VALUES (461, 4, 68);
INSERT INTO `rbac_role_permissions` VALUES (447, 4, 80);
INSERT INTO `rbac_role_permissions` VALUES (442, 4, 81);
INSERT INTO `rbac_role_permissions` VALUES (451, 4, 82);
INSERT INTO `rbac_role_permissions` VALUES (449, 4, 83);
COMMIT;

-- ----------------------------
-- Table structure for web_card
-- ----------------------------
DROP TABLE IF EXISTS `web_card`;
CREATE TABLE `web_card` (
  `id` int(11) NOT NULL AUTO_INCREMENT,
  `title` varchar(32) NOT NULL,
  PRIMARY KEY (`id`)
) ENGINE=InnoDB AUTO_INCREMENT=2 DEFAULT CHARSET=utf8;

-- ----------------------------
-- Records of web_card
-- ----------------------------
BEGIN;
INSERT INTO `web_card` VALUES (1, '测试资质');
COMMIT;

-- ----------------------------
-- Table structure for web_company
-- ----------------------------
DROP TABLE IF EXISTS `web_company`;
CREATE TABLE `web_company` (
  `id` int(11) NOT NULL AUTO_INCREMENT,
  `title` varchar(32) NOT NULL,
  `money` varchar(32) NOT NULL,
  `money_true` varchar(32) NOT NULL,
  `flag_date` varchar(32) NOT NULL,
  `state` varchar(32) NOT NULL,
  `code` varchar(64) NOT NULL,
  `register_code` varchar(64) NOT NULL,
  `user_number` varchar(64) NOT NULL,
  `company_code` varchar(64) NOT NULL,
  `company_type` varchar(64) NOT NULL,
  `industry` varchar(64) NOT NULL,
  `check_date` varchar(64) NOT NULL,
  `registration_authority` varchar(64) NOT NULL,
  `business_term` varchar(64) NOT NULL,
  `taxpayer_qualification` varchar(64) NOT NULL,
  `people` varchar(64) NOT NULL,
  `registrations_people` varchar(64) NOT NULL,
  `once_name` varchar(64) NOT NULL,
  `english_name` varchar(64) NOT NULL,
  `address` varchar(64) NOT NULL,
  `text` longtext NOT NULL,
  PRIMARY KEY (`id`)
) ENGINE=InnoDB AUTO_INCREMENT=3 DEFAULT CHARSET=utf8;

-- ----------------------------
-- Records of web_company
-- ----------------------------
BEGIN;
INSERT INTO `web_company` VALUES (1, '北京草泥马网络科技有限公司', '1000亿', '1000亿', '1990-1-23', '营业中', 'FJSKVOSKSCJD', '94988302293', '94988567772293', 'JGJD09882', '网络科技', '网络科技', '1990-1-23', '北京工商局', '2030-1-23', '李鸿章', '10000人+', '10000人+', '拜读科技', 'BaiDu', '北京的一个家中', '北京的一个家中北京的一个家中北京的一个家中北京的一个家中北京的一个家中北京的一个家中');
INSERT INTO `web_company` VALUES (2, '阿里巴巴', '1亿', '1亿', '1911-1-23', '停业中', 'FJKCLSAS', '1492202293', '1242389972293', 'KDIXLS2323', '生物科技', '网络科技', '1990-1-23', '北京工商局', '2020-1-23', '筋斗云', '10000人+', '10000人+', '阿里妈妈', 'Ali', '北京的一个家中', '太多了');
COMMIT;

-- ----------------------------
-- Table structure for web_department
-- ----------------------------
DROP TABLE IF EXISTS `web_department`;
CREATE TABLE `web_department` (
  `id` int(11) NOT NULL AUTO_INCREMENT,
  `title` longtext NOT NULL,
  PRIMARY KEY (`id`)
) ENGINE=InnoDB AUTO_INCREMENT=9 DEFAULT CHARSET=utf8;

-- ----------------------------
-- Records of web_department
-- ----------------------------
BEGIN;
INSERT INTO `web_department` VALUES (1, '销售部');
INSERT INTO `web_department` VALUES (4, '运营部');
INSERT INTO `web_department` VALUES (5, '西点教学部');
INSERT INTO `web_department` VALUES (6, '法点教学部');
INSERT INTO `web_department` VALUES (7, '面包烘焙教学部');
INSERT INTO `web_department` VALUES (8, '蛋糕裱花教学部');
COMMIT;

-- ----------------------------
-- Table structure for web_food
-- ----------------------------
DROP TABLE IF EXISTS `web_food`;
CREATE TABLE `web_food` (
  `id` int(11) NOT NULL AUTO_INCREMENT,
  `title` varchar(32) NOT NULL,
  `money` varchar(32) NOT NULL,
  `addr` varchar(32) NOT NULL,
  `food_type` varchar(32) NOT NULL,
  PRIMARY KEY (`id`)
) ENGINE=InnoDB AUTO_INCREMENT=3 DEFAULT CHARSET=utf8;

-- ----------------------------
-- Records of web_food
-- ----------------------------
BEGIN;
INSERT INTO `web_food` VALUES (1, '东北大蒸饺', '99', '黑龙江某地', '蒸饺');
INSERT INTO `web_food` VALUES (2, '开心麻花', '66', '北京某地', '麻花');
COMMIT;

-- ----------------------------
-- Table structure for web_userinfo
-- ----------------------------
DROP TABLE IF EXISTS `web_userinfo`;
CREATE TABLE `web_userinfo` (
  `id` int(11) NOT NULL AUTO_INCREMENT,
  `password` longtext NOT NULL,
  `email` longtext NOT NULL,
  `phone` longtext NOT NULL,
  `gender` int(11) NOT NULL,
  `depart_id` int(11) NOT NULL,
  `nickname` longtext NOT NULL,
  `name` longtext NOT NULL,
  PRIMARY KEY (`id`),
  KEY `web_userinfo_depart_id_4df860bd` (`depart_id`),
  CONSTRAINT `web_userinfo_ibfk_1` FOREIGN KEY (`depart_id`) REFERENCES `web_department` (`id`) ON DELETE NO ACTION ON UPDATE NO ACTION
) ENGINE=InnoDB AUTO_INCREMENT=18 DEFAULT CHARSET=utf8;

-- ----------------------------
-- Records of web_userinfo
-- ----------------------------
BEGIN;
INSERT INTO `web_userinfo` VALUES (1, 'e7b702f637182428b8f480305bc89cf5', 'wangshunyi@163.com', '15123521234', 1, 6, '王顺义', '王顺义');
INSERT INTO `web_userinfo` VALUES (2, '4297f44b13955235245b2497399d7a93', '556919040@qq.com', '15123521234', 2, 4, '李俊科', '李俊科');
INSERT INTO `web_userinfo` VALUES (6, 'e7b702f637182428b8f480305bc89cf5', '362416272@qq.com', '12324332235', 1, 5, '王中一', '王中一');
INSERT INTO `web_userinfo` VALUES (8, 'e7b702f637182428b8f480305bc89cf5', 'xjcfbbm@163.com', '12324322129', 1, 1, '李霞', '顾问李霞');
INSERT INTO `web_userinfo` VALUES (10, 'e7b702f637182428b8f480305bc89cf5', '362416272@qq.com', '17327382182', 1, 4, '张坤', 'root');
INSERT INTO `web_userinfo` VALUES (11, 'e7b702f637182428b8f480305bc89cf5', '576919040@qq.com', '13668076572', 1, 4, '张晓川', '张晓川');
INSERT INTO `web_userinfo` VALUES (12, 'e7b702f637182428b8f480305bc89cf5', '23426272@qq.com', '18726572842', 2, 1, '晓新迟', '晓新迟');
INSERT INTO `web_userinfo` VALUES (14, 'e7b702f637182428b8f480305bc89cf5', '123324987@qq.com', '12338266482', 2, 7, '李洺', '李洺');
INSERT INTO `web_userinfo` VALUES (15, 'e7b702f637182428b8f480305bc89cf5', '22123123@qq.com', '16273826152', 2, 7, '荣萍萍', '荣萍萍');
INSERT INTO `web_userinfo` VALUES (16, 'e7b702f637182428b8f480305bc89cf5', '3236272@qq.com', '15123521234', 2, 4, '焉莉', '焉莉');
INSERT INTO `web_userinfo` VALUES (17, 'e7b702f637182428b8f480305bc89cf5', '110110110@qq.com', '17827162842', 1, 1, '玉皇大帝', '玉皇大帝');
COMMIT;

-- ----------------------------
-- Table structure for web_userinfo_roles
-- ----------------------------
DROP TABLE IF EXISTS `web_userinfo_roles`;
CREATE TABLE `web_userinfo_roles` (
  `id` int(11) NOT NULL AUTO_INCREMENT,
  `userinfo_id` int(11) NOT NULL,
  `role_id` int(11) NOT NULL,
  PRIMARY KEY (`id`),
  KEY `web_userinfo_roles_role_id_c9cdbf1d` (`role_id`),
  KEY `web_userinfo_roles_userinfo_id_090d779f` (`userinfo_id`),
  KEY `web_userinfo_roles_userinfo_id_role_id_e0435f62_uniq` (`userinfo_id`,`role_id`),
  CONSTRAINT `web_userinfo_roles_ibfk_1` FOREIGN KEY (`userinfo_id`) REFERENCES `web_userinfo` (`id`) ON DELETE NO ACTION ON UPDATE NO ACTION,
  CONSTRAINT `web_userinfo_roles_ibfk_2` FOREIGN KEY (`role_id`) REFERENCES `rbac_role` (`id`) ON DELETE NO ACTION ON UPDATE NO ACTION
) ENGINE=InnoDB AUTO_INCREMENT=70 DEFAULT CHARSET=utf8;

-- ----------------------------
-- Records of web_userinfo_roles
-- ----------------------------
BEGIN;
INSERT INTO `web_userinfo_roles` VALUES (19, 1, 1);
INSERT INTO `web_userinfo_roles` VALUES (18, 1, 2);
INSERT INTO `web_userinfo_roles` VALUES (20, 1, 3);
INSERT INTO `web_userinfo_roles` VALUES (21, 1, 4);
INSERT INTO `web_userinfo_roles` VALUES (68, 2, 2);
INSERT INTO `web_userinfo_roles` VALUES (67, 2, 3);
INSERT INTO `web_userinfo_roles` VALUES (4, 6, 1);
INSERT INTO `web_userinfo_roles` VALUES (63, 8, 1);
INSERT INTO `web_userinfo_roles` VALUES (61, 8, 2);
INSERT INTO `web_userinfo_roles` VALUES (62, 8, 3);
INSERT INTO `web_userinfo_roles` VALUES (66, 10, 4);
INSERT INTO `web_userinfo_roles` VALUES (65, 11, 1);
INSERT INTO `web_userinfo_roles` VALUES (59, 12, 1);
INSERT INTO `web_userinfo_roles` VALUES (56, 12, 2);
INSERT INTO `web_userinfo_roles` VALUES (57, 12, 3);
INSERT INTO `web_userinfo_roles` VALUES (60, 12, 4);
INSERT INTO `web_userinfo_roles` VALUES (10, 14, 3);
INSERT INTO `web_userinfo_roles` VALUES (11, 15, 4);
INSERT INTO `web_userinfo_roles` VALUES (69, 17, 4);
COMMIT;

SET FOREIGN_KEY_CHECKS = 1;
